id,fecha,ejercicio,sets,reps,peso,nota
4,2026-06-08,Press de banca,2,12,51.5,Normal
5,2025-08-29,Press de banca,3,15,96.5,RPE 9
6,2026-06-29,Sentadilla búlgara,5,8,23.5,Normal
7,2026-05-16,Fondos lastrados,4,14,77.5,Fallo cerca
8,2026-07-09,Sentadilla búlgara,3,7,133.5,Fácil
9,2026-04-24,Curl de bíceps,3,4,81.5,Fallo cerca
10,2026-03-27,Fondos lastrados,1,4,64.0,Fácil
11,2026-01-20,Press de banca,3,13,122.0,RPE 9
12,2025-11-12,Fondos lastrados,1,13,18.0,RPE 8
13,2026-02-14,Curl de bíceps,4,4,139.5,Fallo cerca
14,2025-08-14,Hip thrust,4,12,102.0,RPE 8
15,2026-03-07,Remo con barra,4,14,90.5,Buena técnica
16,2026-02-02,Press francés,2,1,63.0,Buen estímulo
17,2026-03-02,Hip thrust,3,1,85.5,RPE 9
18,2025-08-29,Peso muerto,5,7,119.0,Normal
19,2025-09-18,Remo con barra,2,13,95.5,Fallo cerca
20,2026-06-04,Hip thrust,5,5,94.0,Fácil
21,2026-07-18,Sentadilla,3,5,102.5,Fallo cerca
22,2026-04-22,Hip thrust,4,15,68.5,Buen estímulo
23,2026-03-13,Curl de bíceps,5,9,141.0,Fallo cerca
24,2025-10-21,Elevaciones laterales,1,3,113.0,Buena técnica
25,2025-08-09,Sentadilla búlgara,1,12,93.0,Pesado
26,2025-09-10,Hip thrust,3,2,86.5,Normal
27,2025-07-22,Sentadilla,1,10,104.5,Normal
28,2026-04-29,Press militar,5,9,78.0,Buena técnica
29,2025-07-26,Press militar,3,3,119.0,Fácil
30,2025-12-21,Curl de bíceps,1,10,110.5,Pesado
31,2025-08-17,Sentadilla búlgara,5,2,85.0,Buen estímulo
32,2026-01-29,Remo con barra,2,1,67.5,RPE 9
33,2026-01-23,Sentadilla búlgara,5,3,74.5,Buen estímulo
34,2025-10-11,Press de banca,3,8,63.5,Fácil
35,2026-04-23,Sentadilla,4,9,105.0,RPE 8
36,2026-03-03,Peso muerto,4,9,94.0,Pesado
37,2026-06-04,Hip thrust,2,12,88.5,Normal
38,2026-06-08,Remo con barra,5,6,53.0,RPE 8
39,2026-07-08,Sentadilla búlgara,1,8,45.5,Pesado
40,2025-11-20,Curl de bíceps,4,14,14.5,RPE 8
41,2025-08-29,Fondos lastrados,3,13,94.5,Normal
42,2026-01-10,Press de banca,4,5,49.5,RPE 8
43,2026-02-16,Press de banca,3,6,47.0,RPE 8
44,2026-01-25,Curl de bíceps,3,11,142.0,Pesado
45,2026-06-25,Sentadilla búlgara,5,13,80.5,Fácil
46,2025-07-27,Sentadilla,3,6,119.0,Fallo cerca
47,2026-04-27,Dominadas lastradas,1,12,36.5,Fácil
48,2026-02-09,Elevaciones laterales,4,5,23.5,Fácil
49,2026-04-13,Fondos lastrados,5,8,137.5,Buena técnica
50,2025-10-07,Hip thrust,5,3,86.5,RPE 8
51,2026-06-23,Press de banca,3,10,150.0,Fácil
52,2026-05-11,Elevaciones laterales,1,4,100.0,Normal
53,2026-07-12,Press de banca,3,5,133.0,Buen estímulo
54,2026-04-20,Curl de bíceps,2,11,111.0,Fallo cerca
55,2026-03-27,Remo con barra,1,7,140.0,Fallo cerca
56,2025-08-02,Fondos lastrados,2,10,55.0,RPE 8
57,2026-05-31,Press militar,4,14,78.5,Normal
58,2025-08-23,Hip thrust,4,1,73.0,Fácil
59,2026-06-24,Press francés,3,5,14.5,RPE 8
60,2025-10-10,Fondos lastrados,3,8,24.0,Buena técnica
61,2025-11-17,Remo con barra,1,14,78.0,Normal
62,2025-07-26,Remo con barra,2,1,27.5,Buen estímulo
63,2026-04-20,Press militar,4,5,65.0,RPE 9
64,2026-07-03,Sentadilla búlgara,2,9,76.0,Buen estímulo
65,2025-08-07,Curl de bíceps,2,7,110.5,RPE 9
66,2026-02-22,Dominadas lastradas,3,15,78.0,RPE 9
67,2026-06-04,Peso muerto,4,7,123.0,RPE 8
68,2026-03-21,Peso muerto,5,8,58.0,RPE 8
69,2026-01-06,Hip thrust,2,13,131.0,Normal
70,2026-05-30,Press francés,1,12,51.5,Pesado
71,2026-05-21,Sentadilla,2,12,124.5,Fallo cerca
72,2026-06-26,Press de banca,2,3,93.5,Fácil
73,2026-04-06,Hip thrust,5,7,83.5,Pesado
74,2026-01-06,Remo con barra,2,9,89.0,Pesado
75,2026-04-06,Press militar,5,6,127.5,Buena técnica
76,2025-09-18,Peso muerto,5,15,70.5,RPE 8
77,2025-12-21,Curl de bíceps,4,11,129.5,Fácil
78,2026-06-04,Remo con barra,4,15,70.0,Normal
79,2025-07-20,Press militar,3,9,99.5,Buen estímulo
80,2026-04-17,Peso muerto,2,9,39.5,Pesado
81,2026-02-17,Peso muerto,1,6,130.5,Pesado
82,2026-06-20,Hip thrust,4,14,146.0,Buen estímulo
83,2025-12-05,Dominadas lastradas,1,1,95.0,Normal
84,2026-06-10,Press militar,1,11,143.5,Buen estímulo
85,2025-09-30,Press de banca,2,2,34.5,Buena técnica
86,2026-06-17,Sentadilla,4,5,91.0,Buen estímulo
87,2025-07-21,Remo con barra,4,8,88.0,Fácil
88,2025-12-05,Sentadilla búlgara,2,15,73.0,Normal
89,2026-06-20,Press militar,3,13,148.0,Buen estímulo
90,2025-11-10,Press militar,4,4,43.0,Normal
91,2026-03-29,Dominadas lastradas,1,7,37.0,RPE 8
92,2026-03-05,Press militar,2,6,26.0,Buena técnica
93,2026-06-02,Sentadilla,2,5,66.0,RPE 9
94,2026-01-25,Sentadilla búlgara,3,12,102.5,Buena técnica
95,2026-05-02,Dominadas lastradas,1,12,49.5,Buena técnica
96,2026-07-12,Press de banca,1,2,57.0,Fácil
97,2026-04-21,Remo con barra,5,10,112.0,Pesado
98,2026-02-19,Dominadas lastradas,2,9,116.5,RPE 8
99,2025-10-04,Press de banca,5,8,85.5,Pesado
100,2025-08-31,Peso muerto,3,11,146.5,Normal
101,2025-11-07,Elevaciones laterales,1,8,70.5,Fácil
102,2025-08-31,Sentadilla búlgara,4,10,74.5,Buen estímulo
103,2025-08-20,Press de banca,5,4,55.5,RPE 9
104,2026-02-22,Elevaciones laterales,5,11,47.0,RPE 9
105,2025-11-21,Peso muerto,2,4,54.5,Fácil
106,2025-11-23,Sentadilla búlgara,4,8,133.5,RPE 9
107,2025-10-02,Curl de bíceps,5,8,62.5,Pesado
108,2025-11-23,Press francés,2,2,90.0,Normal
109,2026-04-01,Hip thrust,2,4,149.0,RPE 9
110,2026-04-07,Press de banca,2,14,77.5,Buena técnica
111,2026-05-24,Press de banca,2,13,108.5,RPE 8
112,2026-03-09,Dominadas lastradas,3,6,26.5,Buen estímulo
113,2025-08-08,Press francés,5,11,145.0,Fallo cerca
114,2026-02-15,Peso muerto,4,13,129.0,RPE 8
115,2026-02-02,Sentadilla,3,12,119.0,Buen estímulo
116,2026-07-18,Press de banca,4,12,86.5,Normal
117,2026-04-02,Elevaciones laterales,2,3,97.0,Pesado
118,2026-02-24,Dominadas lastradas,4,13,116.5,Buena técnica
119,2025-08-31,Press militar,3,9,103.5,Fallo cerca
120,2026-06-25,Fondos lastrados,4,13,138.0,Pesado
121,2025-08-31,Peso muerto,5,3,142.0,Normal
122,2025-12-17,Peso muerto,1,2,23.0,Buena técnica
123,2026-04-14,Press de banca,2,5,30.5,Fácil
124,2025-11-17,Peso muerto,4,8,57.5,Buena técnica
125,2026-06-22,Sentadilla,1,2,71.0,Pesado
126,2026-01-09,Sentadilla,5,9,78.0,Buen estímulo
127,2026-07-10,Curl de bíceps,1,12,57.5,Normal
128,2025-09-08,Sentadilla búlgara,1,11,79.0,RPE 9
129,2026-06-06,Hip thrust,3,7,59.5,Fácil
130,2026-05-16,Remo con barra,3,2,45.5,Buen estímulo
131,2025-09-08,Elevaciones laterales,1,4,20.5,Normal
132,2025-10-10,Curl de bíceps,5,6,128.5,RPE 9
133,2026-02-05,Sentadilla búlgara,1,9,45.5,Fácil
134,2025-12-05,Dominadas lastradas,5,15,141.5,Pesado
135,2026-03-01,Press francés,5,8,40.0,Fácil
136,2026-04-02,Sentadilla búlgara,3,5,146.0,Pesado
137,2026-06-22,Curl de bíceps,4,13,32.0,Fácil
138,2025-11-23,Press de banca,4,2,54.5,Fallo cerca
139,2026-02-27,Sentadilla,1,3,60.0,Pesado
140,2025-11-08,Peso muerto,1,8,50.5,Buen estímulo
141,2025-07-29,Peso muerto,1,13,120.0,Normal
142,2025-12-02,Curl de bíceps,5,6,76.5,Fallo cerca
143,2026-06-29,Press francés,5,15,38.0,Fácil
144,2025-11-18,Press francés,1,4,96.5,Buen estímulo
145,2026-07-08,Sentadilla,2,12,140.5,Fallo cerca
146,2026-04-19,Fondos lastrados,5,14,85.0,Buena técnica
147,2025-09-04,Press francés,3,4,107.5,Fácil
148,2026-01-20,Press de banca,4,6,81.5,Buen estímulo
149,2025-08-20,Press francés,3,12,104.5,Buena técnica
150,2026-05-05,Remo con barra,5,12,73.5,Buen estímulo
151,2026-03-24,Sentadilla búlgara,1,15,144.5,Pesado
152,2025-07-24,Curl de bíceps,4,6,69.0,RPE 8
153,2025-12-05,Press francés,5,2,50.5,Buena técnica
154,2026-05-17,Press militar,1,5,95.5,RPE 9
155,2025-10-26,Peso muerto,5,9,22.0,Fácil
156,2025-11-27,Fondos lastrados,1,1,146.0,RPE 9
157,2026-02-25,Press de banca,4,1,77.0,RPE 9
158,2026-01-29,Fondos lastrados,1,3,39.0,Normal
159,2026-06-20,Dominadas lastradas,4,2,123.5,Buen estímulo
160,2026-04-10,Dominadas lastradas,2,3,31.5,RPE 9
161,2025-08-09,Sentadilla,1,11,112.5,Buen estímulo
162,2026-03-20,Elevaciones laterales,1,6,101.0,Pesado
163,2026-06-25,Remo con barra,1,2,41.0,Fácil
164,2025-11-20,Elevaciones laterales,3,4,146.5,Fallo cerca
165,2026-03-18,Dominadas lastradas,5,14,143.5,Fácil
166,2025-12-11,Press militar,1,7,131.5,Fallo cerca
167,2025-09-15,Curl de bíceps,1,5,101.0,Pesado
168,2026-01-03,Curl de bíceps,4,15,80.5,Fallo cerca
169,2025-10-22,Sentadilla,5,7,126.0,Normal
170,2026-04-24,Press francés,3,8,105.0,RPE 8
171,2026-06-10,Remo con barra,4,2,133.5,RPE 8
172,2026-05-04,Elevaciones laterales,1,9,41.0,Fácil
173,2026-02-12,Peso muerto,3,2,62.0,Fácil
174,2025-07-19,Curl de bíceps,1,5,75.5,RPE 9
175,2026-04-16,Fondos lastrados,5,13,58.5,Pesado
176,2025-12-16,Remo con barra,2,12,123.5,RPE 8
177,2026-05-06,Curl de bíceps,2,7,117.5,Fallo cerca
178,2025-09-20,Fondos lastrados,5,7,75.0,Normal
179,2025-12-28,Curl de bíceps,4,12,106.0,Fallo cerca
180,2026-05-27,Press militar,5,3,103.5,Fácil
181,2026-02-03,Press militar,1,6,100.5,RPE 8
182,2026-07-04,Press francés,5,4,143.0,RPE 8
183,2025-12-15,Press militar,3,9,13.5,Buena técnica
184,2026-04-04,Press militar,5,6,107.0,Buena técnica
185,2026-01-01,Fondos lastrados,5,5,97.5,Pesado
186,2025-12-24,Peso muerto,1,3,38.5,Fallo cerca
187,2026-03-31,Hip thrust,2,2,32.0,Buena técnica
188,2026-06-14,Dominadas lastradas,1,12,142.5,Pesado
189,2026-01-09,Curl de bíceps,4,3,142.0,RPE 9
190,2025-12-20,Fondos lastrados,4,2,81.5,RPE 8
191,2025-12-05,Press de banca,2,12,17.5,Buen estímulo
192,2026-04-23,Press de banca,5,8,45.5,Normal
193,2026-03-16,Elevaciones laterales,3,2,125.5,RPE 9
194,2026-01-14,Elevaciones laterales,4,14,117.0,Fallo cerca
195,2025-08-13,Peso muerto,3,8,106.0,Normal
196,2026-01-19,Sentadilla búlgara,4,5,79.0,Fácil
197,2026-07-06,Remo con barra,1,5,62.5,Buena técnica
198,2025-11-05,Sentadilla,4,2,149.5,Fallo cerca
199,2025-11-14,Press de banca,4,10,22.0,Fallo cerca
200,2025-10-31,Press francés,5,10,107.5,Buen estímulo
201,2026-04-07,Elevaciones laterales,4,12,143.5,Normal
202,2026-04-30,Elevaciones laterales,4,5,60.5,Pesado
203,2026-03-25,Peso muerto,1,10,61.0,Buen estímulo
204,2025-11-13,Curl de bíceps,3,3,124.5,Normal
205,2025-10-04,Press de banca,5,5,24.0,Pesado
206,2025-12-10,Press militar,3,12,87.5,Pesado
207,2026-01-03,Sentadilla,1,13,41.5,Fácil
208,2026-04-10,Press de banca,3,1,100.5,Pesado
209,2026-07-12,Hip thrust,3,9,146.0,Buena técnica
210,2025-10-04,Curl de bíceps,5,3,61.5,RPE 9
211,2025-08-04,Curl de bíceps,2,10,10.5,Buena técnica
212,2025-10-04,Dominadas lastradas,3,3,17.5,Buena técnica
213,2025-08-24,Hip thrust,4,3,124.0,Fallo cerca
214,2025-12-14,Peso muerto,5,2,65.5,Normal
215,2025-10-15,Dominadas lastradas,4,2,130.0,Fácil
216,2025-08-05,Press de banca,1,3,59.0,RPE 8
217,2026-01-13,Sentadilla búlgara,5,11,114.5,Fallo cerca
218,2026-02-15,Dominadas lastradas,4,8,37.5,Buena técnica
219,2025-07-30,Press militar,5,2,117.5,Fallo cerca
220,2025-10-22,Press militar,2,7,24.0,Fácil
221,2026-05-07,Elevaciones laterales,5,4,104.0,RPE 8
222,2026-02-06,Press de banca,4,1,32.0,Pesado
223,2026-05-04,Sentadilla búlgara,5,9,33.0,Normal
224,2025-09-23,Press de banca,1,7,142.0,Buen estímulo
225,2025-12-15,Sentadilla,3,10,35.0,Pesado
226,2026-02-10,Remo con barra,4,9,119.0,Pesado
227,2025-10-12,Dominadas lastradas,2,7,92.5,Fallo cerca
228,2025-12-08,Fondos lastrados,5,9,143.5,Fácil
229,2025-11-18,Peso muerto,1,8,31.5,Pesado
230,2026-07-18,Press francés,4,3,30.5,Fácil
231,2025-09-18,Press francés,3,2,98.0,Normal
232,2026-06-19,Elevaciones laterales,4,3,92.5,Buen estímulo
233,2026-06-02,Dominadas lastradas,1,1,70.5,Buena técnica
234,2025-10-26,Sentadilla búlgara,1,8,67.0,Pesado
235,2026-05-20,Sentadilla,2,9,115.5,Pesado
236,2026-07-13,Hip thrust,5,9,132.5,RPE 8
237,2025-08-10,Fondos lastrados,1,12,116.0,Fácil
238,2025-10-04,Fondos lastrados,3,4,23.5,Fácil
239,2026-04-19,Press de banca,2,9,20.0,RPE 9
240,2026-02-15,Elevaciones laterales,4,5,69.0,Pesado
241,2026-04-03,Press francés,1,2,69.0,Buen estímulo
242,2025-08-02,Press militar,2,13,140.5,Normal
243,2026-05-25,Curl de bíceps,4,6,85.5,RPE 8
244,2025-07-21,Press francés,3,5,26.5,RPE 9
245,2026-06-16,Sentadilla,4,2,107.5,Fácil
246,2025-08-30,Press francés,5,5,149.0,Pesado
247,2026-03-11,Elevaciones laterales,3,11,123.5,RPE 9
248,2026-03-21,Press militar,4,5,146.5,Normal
249,2026-04-05,Peso muerto,3,7,132.0,Buena técnica
250,2026-03-03,Remo con barra,2,12,127.0,Fallo cerca
251,2026-06-19,Fondos lastrados,4,6,134.5,Fallo cerca
252,2026-06-06,Peso muerto,3,9,113.0,RPE 8
253,2025-10-08,Elevaciones laterales,1,14,65.5,Fácil
254,2025-10-17,Curl de bíceps,2,6,79.0,RPE 9
255,2026-04-14,Press de banca,5,13,85.0,Normal
256,2026-03-20,Fondos lastrados,5,12,84.0,RPE 8
257,2026-04-13,Elevaciones laterales,2,8,114.5,Pesado
258,2026-05-01,Hip thrust,4,13,100.0,Fallo cerca
259,2026-06-11,Remo con barra,5,14,42.0,Fácil
260,2025-11-10,Elevaciones laterales,1,6,128.5,Buen estímulo
261,2025-08-12,Dominadas lastradas,1,3,135.5,Pesado
262,2026-01-02,Remo con barra,4,6,87.0,Fallo cerca
263,2025-12-08,Sentadilla búlgara,2,6,52.5,Buena técnica
264,2026-04-03,Press francés,5,1,84.0,Buena técnica
265,2026-06-17,Peso muerto,2,4,142.5,Buen estímulo
266,2026-05-30,Press francés,2,8,130.0,Fallo cerca
267,2025-10-31,Sentadilla búlgara,2,10,123.5,Fácil
268,2026-06-06,Curl de bíceps,2,13,41.0,Pesado
269,2026-01-23,Press francés,3,11,118.0,Buena técnica
270,2025-08-12,Elevaciones laterales,1,10,35.5,Buen estímulo
271,2025-11-19,Elevaciones laterales,4,15,102.0,Buen estímulo
272,2026-02-21,Curl de bíceps,4,11,39.0,Buen estímulo
273,2026-02-23,Press francés,5,10,64.0,RPE 8
274,2026-02-22,Press de banca,4,3,63.5,Buena técnica
275,2026-05-23,Sentadilla búlgara,5,6,27.0,RPE 9
276,2025-10-05,Sentadilla,1,13,142.0,Fácil
277,2025-12-14,Hip thrust,1,15,23.0,Pesado
278,2026-03-21,Press francés,1,13,13.5,RPE 9
279,2026-05-10,Elevaciones laterales,2,4,85.0,Normal
280,2026-01-04,Press militar,5,12,134.5,RPE 9
281,2025-07-18,Dominadas lastradas,3,9,70.0,Fallo cerca
282,2025-07-29,Press francés,3,12,115.0,Normal
283,2026-02-27,Dominadas lastradas,3,7,92.5,RPE 8
284,2026-04-15,Peso muerto,2,9,112.0,Pesado
285,2025-11-16,Dominadas lastradas,4,14,35.5,Buena técnica
286,2025-10-17,Sentadilla búlgara,5,7,13.0,Buena técnica
287,2025-12-28,Curl de bíceps,2,9,148.0,Fácil
288,2025-12-14,Sentadilla búlgara,3,1,97.5,Pesado
289,2025-09-09,Elevaciones laterales,4,2,143.0,Buena técnica
290,2026-01-16,Remo con barra,4,11,110.5,Fácil
291,2025-12-03,Peso muerto,4,7,66.5,Fácil
292,2026-02-16,Sentadilla búlgara,1,9,42.5,Fácil
293,2025-11-18,Peso muerto,5,8,55.5,Normal
294,2025-09-17,Press de banca,4,13,119.0,Buen estímulo
295,2026-02-08,Sentadilla,2,5,52.5,Normal
296,2026-02-01,Press militar,1,3,57.0,RPE 9
297,2026-07-05,Remo con barra,5,3,10.0,Pesado
298,2025-07-31,Fondos lastrados,3,3,18.0,Buen estímulo
299,2025-11-04,Dominadas lastradas,5,14,43.0,RPE 9
300,2026-05-20,Curl de bíceps,3,6,69.0,Buen estímulo
301,2025-10-29,Press de banca,2,4,47.0,Normal
302,2026-04-05,Press militar,1,6,67.5,Fallo cerca
303,2025-07-18,Peso muerto,1,4,64.5,Buena técnica
304,2025-12-22,Peso muerto,5,8,92.5,Pesado
305,2025-07-26,Press francés,5,15,65.0,Buena técnica
306,2026-05-15,Press de banca,3,15,85.5,Buen estímulo
307,2025-07-25,Fondos lastrados,1,8,45.0,Fallo cerca
308,2026-05-07,Hip thrust,5,8,10.5,Fallo cerca
309,2025-09-22,Sentadilla,4,2,49.0,Normal
310,2025-10-01,Fondos lastrados,1,13,139.0,Normal
311,2025-10-28,Hip thrust,1,14,31.5,Buena técnica
312,2025-12-04,Fondos lastrados,1,14,47.5,RPE 8
313,2026-04-17,Press militar,4,3,108.0,RPE 8
314,2026-02-18,Peso muerto,2,8,41.0,RPE 9
315,2026-05-24,Remo con barra,4,10,147.0,Pesado
316,2025-09-09,Sentadilla,1,8,109.0,Buen estímulo
317,2025-10-04,Peso muerto,5,10,45.5,Buen estímulo
318,2026-01-02,Fondos lastrados,3,6,72.5,Normal
319,2025-11-25,Dominadas lastradas,5,7,40.0,Fallo cerca
320,2026-05-09,Peso muerto,3,10,18.0,Buena técnica
321,2025-08-20,Remo con barra,4,3,147.0,RPE 9
322,2025-12-15,Sentadilla búlgara,2,5,82.5,Normal
323,2025-08-05,Press de banca,2,1,136.0,Buen estímulo
324,2025-12-27,Press francés,4,11,78.0,Fácil
325,2025-10-27,Hip thrust,2,10,25.0,RPE 8
326,2026-03-09,Press francés,1,9,19.5,Buena técnica
327,2026-03-22,Press de banca,1,8,49.5,Fallo cerca
328,2026-07-10,Press francés,5,10,82.0,RPE 9
329,2026-03-05,Sentadilla,5,11,137.5,Buen estímulo
330,2025-08-04,Fondos lastrados,3,13,25.0,RPE 9
331,2025-11-06,Press de banca,5,15,91.0,Buen estímulo
332,2026-05-10,Press militar,3,15,60.5,Buena técnica
333,2025-10-31,Fondos lastrados,2,4,82.0,Buena técnica
334,2026-07-07,Curl de bíceps,3,7,77.0,Buena técnica
335,2026-04-28,Press francés,3,1,93.0,Buen estímulo
336,2026-05-18,Press francés,2,3,116.5,RPE 9
337,2026-07-16,Sentadilla búlgara,5,12,128.0,Fallo cerca
338,2026-04-01,Sentadilla,1,15,143.0,RPE 9
339,2025-08-04,Dominadas lastradas,2,15,126.5,RPE 8
340,2025-12-26,Curl de bíceps,3,11,64.0,Pesado
341,2026-02-25,Peso muerto,5,4,144.5,RPE 8
342,2025-08-08,Remo con barra,2,7,58.0,Fácil
343,2026-05-21,Press de banca,5,13,119.0,Fallo cerca
344,2026-05-01,Remo con barra,3,11,59.0,Buena técnica
345,2026-05-30,Elevaciones laterales,1,11,112.5,RPE 8
346,2026-05-17,Elevaciones laterales,5,4,63.5,Normal
347,2026-03-11,Peso muerto,2,2,135.5,RPE 8
348,2025-11-01,Press francés,4,5,123.5,RPE 9
349,2026-05-13,Press militar,3,4,86.0,Fácil
350,2025-11-04,Fondos lastrados,2,12,136.5,Fallo cerca
351,2026-05-20,Curl de bíceps,1,3,50.5,Buen estímulo
352,2025-11-01,Fondos lastrados,2,1,77.5,Fácil
353,2026-06-22,Hip thrust,3,2,117.0,Buen estímulo
354,2025-08-08,Press de banca,4,1,119.0,Normal
355,2025-10-25,Peso muerto,2,9,51.5,Fallo cerca
356,2025-11-29,Peso muerto,4,6,89.0,Pesado
357,2026-01-10,Sentadilla,4,4,132.0,Buena técnica
358,2025-07-26,Peso muerto,4,12,27.5,RPE 9
359,2026-05-13,Peso muerto,5,13,120.5,Pesado
360,2025-10-02,Peso muerto,5,8,52.0,Fallo cerca
361,2026-07-05,Hip thrust,3,15,32.5,Fallo cerca
362,2026-05-29,Elevaciones laterales,4,2,94.5,Fallo cerca
363,2026-04-12,Sentadilla,1,7,124.0,Fácil
364,2026-02-02,Peso muerto,2,7,138.0,Pesado
365,2025-10-25,Hip thrust,5,2,30.0,RPE 9
366,2026-02-03,Press militar,5,5,34.0,Buena técnica
367,2025-10-22,Fondos lastrados,4,4,53.0,RPE 8
368,2026-03-22,Sentadilla,5,3,31.0,RPE 8
369,2025-10-16,Dominadas lastradas,5,12,91.5,Buena técnica
370,2026-01-11,Remo con barra,3,6,96.0,Buen estímulo
371,2026-02-25,Press francés,1,9,50.5,Buena técnica
372,2026-06-05,Press militar,2,2,46.0,Fácil
373,2026-02-03,Press de banca,5,15,53.0,Fácil
374,2026-07-02,Sentadilla,4,4,114.5,Buena técnica
375,2026-06-10,Press francés,2,13,146.0,Normal
376,2025-12-15,Sentadilla búlgara,2,11,131.0,RPE 9
377,2026-01-16,Press francés,4,4,135.0,RPE 9
378,2026-05-24,Dominadas lastradas,3,6,65.0,Normal
379,2026-03-09,Hip thrust,4,4,78.5,Normal
380,2026-07-08,Peso muerto,1,15,40.5,Fácil
381,2026-04-05,Press francés,1,11,61.5,Normal
382,2026-04-21,Sentadilla búlgara,2,15,106.0,Fallo cerca
383,2025-11-24,Remo con barra,3,1,28.5,RPE 8
384,2025-09-07,Fondos lastrados,5,1,149.5,Fallo cerca
385,2025-11-21,Remo con barra,4,11,134.0,RPE 8
386,2026-01-16,Dominadas lastradas,5,6,71.5,Pesado
387,2025-10-26,Dominadas lastradas,4,6,78.5,RPE 8
388,2025-11-06,Peso muerto,5,13,122.0,RPE 9
389,2026-01-10,Fondos lastrados,1,6,95.0,Buen estímulo
390,2025-11-26,Dominadas lastradas,5,4,70.0,Fácil
391,2026-01-07,Remo con barra,2,5,101.5,Buena técnica
392,2025-11-15,Curl de bíceps,1,14,100.5,Buen estímulo
393,2025-10-26,Elevaciones laterales,4,5,142.5,RPE 9
394,2025-08-13,Sentadilla búlgara,3,15,35.0,RPE 9
395,2025-10-11,Curl de bíceps,4,14,140.0,Fácil
396,2026-02-14,Peso muerto,3,3,55.5,RPE 8
397,2026-01-18,Elevaciones laterales,4,3,34.0,RPE 8
398,2026-06-16,Remo con barra,1,3,56.0,RPE 9
399,2026-04-24,Elevaciones laterales,4,4,10.0,Normal
400,2026-03-20,Press de banca,1,13,73.0,Buen estímulo
401,2025-12-08,Elevaciones laterales,4,8,80.0,Normal
402,2026-06-05,Curl de bíceps,4,10,75.0,Normal
403,2026-02-18,Press de banca,4,4,89.0,Pesado
404,2026-04-13,Peso muerto,3,1,47.0,Pesado
405,2026-01-01,Press militar,2,13,84.0,Buena técnica
406,2026-03-15,Sentadilla búlgara,2,11,69.5,RPE 9
407,2025-11-11,Elevaciones laterales,4,9,126.0,Buen estímulo
408,2025-08-23,Elevaciones laterales,5,13,16.0,RPE 9
409,2026-04-27,Sentadilla búlgara,5,6,107.5,Pesado
410,2026-02-19,Elevaciones laterales,2,14,140.0,Fallo cerca
411,2026-06-19,Curl de bíceps,2,2,46.0,Normal
412,2025-08-28,Elevaciones laterales,5,12,116.0,Fácil
413,2025-09-07,Dominadas lastradas,2,15,71.0,Fallo cerca
414,2025-08-28,Fondos lastrados,1,14,129.0,RPE 9
415,2026-06-08,Dominadas lastradas,1,11,80.5,Pesado
416,2026-06-08,Fondos lastrados,4,14,35.5,RPE 9
417,2025-08-16,Peso muerto,1,8,122.5,Normal
418,2025-09-15,Elevaciones laterales,5,9,133.5,Buena técnica
419,2026-07-16,Remo con barra,2,8,86.5,Buen estímulo
420,2025-12-31,Sentadilla,1,12,89.0,Buen estímulo
421,2025-09-07,Sentadilla,4,1,120.5,Buen estímulo
422,2025-09-30,Sentadilla,4,15,133.0,Pesado
423,2026-03-10,Curl de bíceps,4,12,89.5,Fallo cerca
424,2025-08-02,Curl de bíceps,5,15,141.5,Fallo cerca
425,2025-08-03,Sentadilla,3,13,34.5,Pesado
426,2026-05-25,Press militar,3,1,130.0,Fallo cerca
427,2026-06-09,Press militar,4,6,117.5,RPE 9
428,2026-06-17,Sentadilla,5,7,40.5,Fallo cerca
429,2025-12-17,Press de banca,5,10,10.0,Pesado
430,2026-03-11,Press de banca,1,4,131.5,Pesado
431,2026-01-04,Sentadilla búlgara,5,5,127.5,RPE 9
432,2025-10-29,Remo con barra,1,6,115.0,Normal
433,2026-03-09,Curl de bíceps,3,12,59.0,Normal
434,2026-05-25,Peso muerto,5,15,90.5,Fallo cerca
435,2025-07-27,Hip thrust,3,15,38.0,Buena técnica
436,2026-03-13,Press francés,4,5,45.0,Pesado
437,2025-11-07,Remo con barra,1,13,10.5,Buen estímulo
438,2026-01-30,Curl de bíceps,4,1,95.5,RPE 9
439,2025-12-09,Press militar,4,3,95.5,Fallo cerca
440,2026-03-16,Press de banca,4,3,118.5,RPE 8
441,2025-09-20,Press francés,3,9,21.5,Fallo cerca
442,2026-03-18,Press de banca,3,15,141.0,Normal
443,2025-12-03,Fondos lastrados,4,4,130.5,Buena técnica
444,2025-12-19,Hip thrust,3,9,104.0,Fallo cerca
445,2026-05-16,Press francés,1,7,147.5,RPE 9
446,2026-04-22,Hip thrust,1,6,109.0,Fácil
447,2026-05-08,Press militar,2,12,17.0,RPE 9
448,2026-01-25,Peso muerto,2,15,140.0,RPE 9
449,2025-11-07,Hip thrust,1,13,36.5,Fallo cerca
450,2026-04-10,Press militar,2,2,79.5,RPE 9
451,2025-08-23,Press francés,4,11,88.0,RPE 8
452,2026-05-16,Fondos lastrados,1,8,18.5,Buen estímulo
453,2026-05-01,Dominadas lastradas,5,3,33.5,Fácil
454,2025-10-22,Curl de bíceps,1,10,29.0,Buen estímulo
455,2026-01-06,Press militar,4,3,133.0,Fácil
456,2026-02-20,Peso muerto,4,7,27.5,Pesado
457,2026-02-25,Press militar,2,10,41.0,Pesado
458,2026-06-07,Sentadilla búlgara,2,9,76.5,RPE 8
459,2025-08-29,Sentadilla,3,2,97.5,Fallo cerca
460,2025-09-15,Press de banca,4,14,54.0,Fácil
461,2026-05-14,Press de banca,3,10,80.0,RPE 8
462,2025-12-31,Press de banca,3,5,140.0,Fácil
463,2026-04-04,Press militar,2,4,21.5,Fácil
464,2025-12-28,Peso muerto,3,9,43.0,Pesado
465,2026-05-19,Sentadilla búlgara,1,1,86.5,Normal
466,2025-12-16,Dominadas lastradas,5,6,76.0,Fácil
467,2026-05-02,Hip thrust,1,4,114.5,Buen estímulo
468,2025-10-09,Peso muerto,5,8,105.0,Buen estímulo
469,2025-12-24,Fondos lastrados,3,14,89.5,Fácil
470,2025-11-04,Sentadilla,3,11,10.0,Fallo cerca
471,2025-08-27,Elevaciones laterales,2,4,89.5,RPE 9
472,2025-08-30,Fondos lastrados,3,4,143.5,RPE 9
473,2026-04-03,Curl de bíceps,3,8,91.0,Normal
474,2026-03-19,Press de banca,5,3,92.5,Normal
475,2025-08-08,Press militar,1,6,83.5,Fallo cerca
476,2025-10-06,Hip thrust,5,10,97.0,Fácil
477,2026-05-01,Sentadilla búlgara,4,1,37.0,Normal
478,2026-03-13,Fondos lastrados,5,14,94.0,Fallo cerca
479,2025-07-28,Remo con barra,5,3,45.5,Buena técnica
480,2026-04-15,Remo con barra,2,7,73.5,Fallo cerca
481,2026-03-17,Press de banca,4,4,27.0,RPE 9
482,2025-09-07,Press militar,3,11,102.0,Fácil
483,2025-07-24,Curl de bíceps,1,11,35.5,Buena técnica
484,2026-05-19,Sentadilla búlgara,4,3,15.0,Buen estímulo
485,2026-03-17,Sentadilla búlgara,1,1,140.5,RPE 8
486,2025-11-15,Curl de bíceps,1,1,77.5,Buen estímulo
487,2025-09-15,Fondos lastrados,3,9,103.5,Fácil
488,2025-11-23,Press francés,1,7,48.5,RPE 8
489,2026-03-11,Press de banca,3,10,120.0,Fallo cerca
490,2025-10-25,Elevaciones laterales,5,9,57.0,Pesado
491,2026-01-04,Press militar,5,1,52.0,Pesado
492,2025-08-16,Dominadas lastradas,5,15,120.0,Buen estímulo
493,2026-01-07,Elevaciones laterales,5,6,54.0,Buena técnica
494,2026-02-03,Elevaciones laterales,2,4,62.5,Fallo cerca
495,2025-07-20,Dominadas lastradas,1,3,65.5,RPE 9
496,2025-10-17,Dominadas lastradas,5,4,128.0,RPE 9
497,2025-08-31,Hip thrust,1,1,40.5,Fácil
498,2026-04-09,Press militar,1,9,28.0,RPE 9
499,2026-02-02,Sentadilla búlgara,3,15,54.0,RPE 9
500,2025-08-25,Fondos lastrados,5,14,66.5,Fácil
501,2025-12-30,Curl de bíceps,5,3,61.0,Fácil
502,2025-11-14,Press militar,5,4,81.5,Fácil
503,2026-06-04,Dominadas lastradas,5,3,87.5,Normal
504,2026-05-13,Press de banca,4,15,75.0,Fallo cerca
505,2026-02-27,Sentadilla búlgara,1,5,92.5,Buena técnica
506,2025-12-19,Fondos lastrados,3,11,15.5,Buena técnica
507,2026-04-27,Dominadas lastradas,5,14,34.5,Pesado
508,2025-08-07,Fondos lastrados,4,7,110.0,Pesado
509,2025-11-17,Press francés,2,6,67.5,Normal
510,2025-09-28,Dominadas lastradas,2,8,34.5,Fallo cerca
511,2026-01-19,Sentadilla búlgara,4,14,35.5,Buen estímulo
512,2026-05-15,Fondos lastrados,2,5,69.0,RPE 9
513,2025-12-09,Elevaciones laterales,2,5,85.0,Fallo cerca
514,2026-02-01,Press de banca,4,7,104.0,Normal
515,2025-07-31,Press de banca,3,14,130.0,RPE 8
516,2026-06-07,Remo con barra,4,6,91.0,Buena técnica
517,2025-11-22,Elevaciones laterales,2,11,51.0,Buen estímulo
518,2025-11-04,Dominadas lastradas,4,5,120.5,RPE 8
519,2025-11-02,Press militar,3,6,82.5,Fácil
520,2025-09-28,Press militar,3,11,90.5,Buen estímulo
521,2025-09-13,Remo con barra,4,3,107.5,Pesado
522,2026-04-14,Sentadilla,5,7,78.0,Buen estímulo
523,2025-11-21,Hip thrust,2,3,43.0,Buena técnica
524,2026-05-18,Hip thrust,5,12,115.0,RPE 9
525,2026-07-02,Press de banca,3,3,50.0,Fácil
526,2025-11-04,Peso muerto,3,6,64.0,Normal
527,2026-02-10,Peso muerto,3,12,47.5,Fallo cerca
528,2025-07-31,Peso muerto,1,3,139.5,Buena técnica
529,2026-02-22,Fondos lastrados,1,5,36.0,Buen estímulo
530,2026-05-26,Press militar,4,6,109.5,Buen estímulo
531,2026-03-07,Sentadilla,3,6,90.0,Fallo cerca
532,2026-04-06,Sentadilla búlgara,5,9,60.0,Buen estímulo
533,2026-02-08,Dominadas lastradas,5,11,26.5,Buen estímulo
534,2025-09-07,Hip thrust,2,15,124.5,Pesado
535,2025-12-11,Fondos lastrados,5,11,111.0,Pesado
536,2026-05-22,Hip thrust,5,6,53.0,Buena técnica
537,2025-07-20,Remo con barra,2,8,89.5,RPE 9
538,2026-06-17,Press francés,5,14,117.0,Pesado
539,2026-05-18,Sentadilla,4,12,42.5,Buen estímulo
540,2026-05-07,Remo con barra,2,11,120.5,Fácil
541,2026-02-04,Curl de bíceps,5,13,146.0,Fácil
542,2026-04-26,Sentadilla búlgara,2,5,15.5,Pesado
543,2025-12-15,Press francés,2,9,120.5,RPE 9
544,2025-08-19,Press militar,5,1,85.5,Fácil
545,2026-01-19,Curl de bíceps,2,2,79.5,RPE 8
546,2026-06-26,Press de banca,4,5,112.0,Fácil
547,2025-10-25,Sentadilla búlgara,5,11,36.5,Buena técnica
548,2025-09-25,Press francés,5,12,134.5,RPE 9
549,2026-04-05,Curl de bíceps,2,3,110.0,RPE 9
550,2025-12-10,Press francés,2,4,102.0,Fácil
551,2026-06-16,Curl de bíceps,3,15,100.5,Normal
552,2025-11-15,Press francés,3,5,73.0,RPE 9
553,2025-12-25,Peso muerto,5,3,123.0,RPE 9
554,2026-06-23,Sentadilla búlgara,3,4,73.0,RPE 8
555,2025-11-10,Hip thrust,2,1,108.0,Normal
556,2025-08-15,Fondos lastrados,5,3,62.5,Buen estímulo
557,2025-12-06,Elevaciones laterales,3,6,130.5,RPE 8
558,2025-11-24,Press francés,2,10,96.0,Pesado
559,2025-10-13,Peso muerto,1,10,32.0,Fallo cerca
560,2026-05-04,Press de banca,3,1,101.5,Normal
561,2026-01-08,Elevaciones laterales,4,4,18.5,Pesado
562,2025-09-07,Remo con barra,3,7,14.0,Normal
563,2025-09-10,Peso muerto,2,4,42.5,Fácil
564,2026-02-11,Curl de bíceps,3,12,119.5,RPE 8
565,2025-10-01,Elevaciones laterales,1,8,41.0,RPE 9
566,2025-11-26,Elevaciones laterales,2,1,127.0,Fallo cerca
567,2026-04-17,Sentadilla,3,9,22.5,Normal
568,2025-11-10,Dominadas lastradas,4,7,40.5,Buen estímulo
569,2026-06-01,Elevaciones laterales,5,11,128.5,RPE 8
570,2026-02-09,Press francés,4,6,41.5,RPE 8
571,2025-08-23,Press francés,3,1,25.0,Normal
572,2026-04-23,Curl de bíceps,5,13,105.5,RPE 9
573,2026-01-18,Sentadilla,4,8,22.0,RPE 9
574,2026-04-14,Sentadilla,3,9,12.0,RPE 8
575,2026-07-06,Press de banca,3,13,46.0,Normal
576,2025-10-07,Hip thrust,2,5,59.0,Normal
577,2026-04-28,Elevaciones laterales,4,11,87.0,Fallo cerca
578,2026-02-17,Press militar,2,4,115.0,Normal
579,2025-11-19,Peso muerto,2,5,63.0,Fácil
580,2026-04-02,Fondos lastrados,4,8,89.0,Normal
581,2026-03-30,Remo con barra,5,4,106.5,Buen estímulo
582,2025-10-27,Sentadilla búlgara,2,13,64.5,RPE 8
583,2025-09-26,Press militar,4,3,68.0,RPE 8
584,2026-06-09,Remo con barra,2,4,142.5,RPE 9
585,2026-07-16,Hip thrust,3,9,98.0,Pesado
586,2026-05-08,Dominadas lastradas,4,6,83.0,Fácil
587,2026-02-22,Press de banca,2,9,74.5,Buen estímulo
588,2026-04-29,Sentadilla,3,2,71.5,RPE 9
589,2025-08-22,Remo con barra,4,5,84.0,RPE 9
590,2026-01-22,Curl de bíceps,1,5,20.5,Normal
591,2025-12-31,Elevaciones laterales,5,1,98.5,Normal
592,2025-12-31,Sentadilla búlgara,5,5,95.5,Fallo cerca
593,2026-01-26,Curl de bíceps,3,11,43.0,Buena técnica
594,2025-09-01,Press militar,3,13,67.5,RPE 9
595,2025-12-02,Sentadilla búlgara,1,8,124.0,Fácil
596,2026-06-15,Hip thrust,4,5,53.0,Normal
597,2026-01-26,Peso muerto,1,14,75.0,Fallo cerca
598,2025-12-22,Press de banca,5,3,18.0,Fácil
599,2025-08-11,Curl de bíceps,5,6,77.5,Buena técnica
600,2025-11-08,Peso muerto,3,10,132.5,Buena técnica
601,2026-04-20,Remo con barra,5,3,143.0,RPE 9
602,2025-08-30,Sentadilla búlgara,4,10,51.5,Buen estímulo
603,2025-08-27,Curl de bíceps,3,1,135.5,RPE 8
604,2026-05-20,Fondos lastrados,2,15,65.5,RPE 9
605,2026-03-01,Press de banca,4,11,109.5,Normal
606,2026-06-09,Press francés,1,4,60.0,Fácil
607,2025-11-27,Hip thrust,1,13,100.0,Buen estímulo
608,2025-11-03,Sentadilla búlgara,1,1,99.0,Fallo cerca
609,2026-03-12,Hip thrust,3,15,42.0,Pesado
610,2025-10-18,Hip thrust,3,1,54.5,Fallo cerca
611,2026-04-24,Peso muerto,1,5,97.5,RPE 9
612,2026-05-01,Peso muerto,4,8,76.5,Fallo cerca
613,2025-08-15,Sentadilla búlgara,5,13,111.5,RPE 8
614,2026-06-15,Curl de bíceps,2,12,38.0,Buena técnica
615,2026-01-26,Curl de bíceps,4,7,150.0,RPE 9
616,2026-02-05,Remo con barra,3,12,53.0,Buena técnica
617,2026-04-24,Sentadilla,3,5,69.0,Fácil
618,2025-11-22,Elevaciones laterales,4,5,19.0,Buena técnica
619,2025-08-17,Hip thrust,2,13,94.0,RPE 9
620,2026-05-01,Sentadilla búlgara,3,15,72.5,Normal
621,2025-11-08,Curl de bíceps,3,2,93.0,Buen estímulo
622,2026-03-02,Sentadilla búlgara,2,15,121.5,Buen estímulo
623,2026-02-27,Peso muerto,5,6,134.0,Buena técnica
624,2025-08-19,Elevaciones laterales,1,10,124.5,Buena técnica
625,2026-02-25,Fondos lastrados,5,10,61.0,Normal
626,2026-02-06,Sentadilla,4,13,50.0,Pesado
627,2026-04-05,Hip thrust,4,15,31.5,Fácil
628,2026-04-26,Curl de bíceps,3,15,53.0,Fallo cerca
629,2025-09-26,Press de banca,2,10,57.0,Fallo cerca
630,2025-11-03,Press militar,4,9,99.0,RPE 8
631,2026-04-05,Press francés,1,11,68.0,Fácil
632,2025-08-04,Fondos lastrados,5,1,142.0,Normal
633,2026-04-16,Press de banca,5,5,54.0,Buena técnica
634,2025-09-05,Peso muerto,1,5,104.0,Normal
635,2025-08-31,Peso muerto,3,3,66.0,RPE 9
636,2025-08-09,Sentadilla,2,12,105.0,Fácil
637,2025-11-10,Sentadilla,5,8,140.5,Buena técnica
638,2026-05-31,Fondos lastrados,3,13,78.5,Buen estímulo
639,2025-12-31,Sentadilla búlgara,2,7,146.0,Fallo cerca
640,2026-07-12,Remo con barra,1,11,100.0,Fácil
641,2026-03-05,Press francés,4,1,148.5,Normal
642,2026-04-13,Press militar,4,5,15.5,Pesado
643,2025-12-31,Press francés,1,11,64.5,Normal
644,2025-07-30,Elevaciones laterales,5,13,106.0,Buen estímulo
645,2026-02-02,Sentadilla búlgara,3,10,50.0,Pesado
646,2025-07-21,Press militar,5,8,66.0,Buen estímulo
647,2025-12-12,Hip thrust,3,13,45.5,Normal
648,2025-11-26,Press militar,3,7,146.5,Pesado
649,2026-04-22,Curl de bíceps,2,3,70.0,Fallo cerca
650,2026-02-24,Elevaciones laterales,3,11,38.5,RPE 8
651,2025-07-20,Peso muerto,1,12,55.5,RPE 9
652,2026-07-01,Peso muerto,1,15,104.0,RPE 9
653,2025-12-10,Sentadilla búlgara,3,8,27.5,Buen estímulo
654,2026-04-20,Sentadilla búlgara,3,1,135.5,Fallo cerca
655,2026-06-08,Sentadilla búlgara,3,5,105.5,Normal
656,2025-10-11,Sentadilla,4,6,82.5,Buena técnica
657,2026-03-18,Sentadilla,2,10,132.5,Fácil
658,2025-08-27,Fondos lastrados,3,10,31.0,Pesado
659,2026-06-09,Curl de bíceps,2,9,12.5,RPE 8
660,2025-09-29,Hip thrust,5,11,19.0,Buen estímulo
661,2025-12-29,Hip thrust,3,1,115.0,Fácil
662,2026-03-20,Hip thrust,1,14,86.0,Fallo cerca
663,2025-11-22,Sentadilla búlgara,3,2,104.0,RPE 8
664,2026-06-02,Press francés,2,14,39.0,Fácil
665,2025-10-25,Elevaciones laterales,2,3,78.0,Buena técnica
666,2025-07-26,Fondos lastrados,4,13,65.5,Buena técnica
667,2025-10-27,Elevaciones laterales,4,2,40.5,Normal
668,2025-08-01,Elevaciones laterales,3,8,119.5,Buena técnica
669,2026-07-15,Press de banca,3,10,82.5,Fácil
670,2026-06-03,Fondos lastrados,3,5,104.0,Fácil
671,2025-10-02,Sentadilla búlgara,3,11,121.0,Fallo cerca
672,2025-08-20,Dominadas lastradas,2,8,43.5,Normal
673,2026-04-24,Hip thrust,2,5,38.0,Buen estímulo
674,2026-06-25,Dominadas lastradas,5,4,85.0,RPE 9
675,2026-01-30,Sentadilla,2,13,37.0,Pesado
676,2026-02-21,Sentadilla búlgara,2,1,89.5,Pesado
677,2026-02-21,Dominadas lastradas,5,11,37.0,Buena técnica
678,2026-03-30,Curl de bíceps,1,4,68.5,RPE 9
679,2026-06-09,Hip thrust,4,14,122.5,RPE 9
680,2026-03-05,Peso muerto,2,15,145.5,Pesado
681,2026-01-08,Dominadas lastradas,4,11,91.0,Normal
682,2025-11-30,Press militar,2,9,123.0,RPE 8
683,2026-01-28,Sentadilla búlgara,2,7,127.0,RPE 8
684,2026-07-04,Sentadilla,2,12,23.0,Fallo cerca
685,2025-12-05,Fondos lastrados,5,13,31.5,Normal
686,2025-11-24,Curl de bíceps,3,14,35.5,Fácil
687,2025-10-19,Sentadilla,4,1,126.5,Buen estímulo
688,2026-01-17,Sentadilla,4,4,55.0,Pesado
689,2025-09-22,Elevaciones laterales,2,10,112.0,Pesado
690,2025-12-26,Curl de bíceps,1,15,69.5,RPE 8
691,2025-08-16,Press de banca,4,4,129.0,RPE 8
692,2025-12-21,Press militar,4,11,75.5,Buena técnica
693,2026-01-03,Sentadilla,2,7,79.5,Fallo cerca
694,2025-10-05,Press francés,2,7,148.5,Buena técnica
695,2026-05-09,Sentadilla,5,7,147.5,Buena técnica
696,2025-09-03,Dominadas lastradas,5,11,68.0,RPE 9
697,2025-12-23,Sentadilla búlgara,4,14,96.5,Fallo cerca
698,2025-08-06,Remo con barra,4,11,51.5,RPE 9
699,2026-02-20,Remo con barra,4,6,132.5,Buena técnica
700,2025-11-26,Sentadilla búlgara,5,9,56.0,Fácil
701,2026-06-20,Hip thrust,2,9,24.5,RPE 9
702,2026-05-15,Peso muerto,1,9,124.5,Buena técnica
703,2026-05-14,Press francés,5,12,28.5,Normal
704,2025-10-11,Fondos lastrados,4,1,133.0,Fallo cerca
705,2026-02-16,Hip thrust,5,13,35.0,Normal
706,2026-05-15,Curl de bíceps,5,8,137.0,RPE 8
707,2025-08-19,Press de banca,1,5,28.5,Buen estímulo
708,2025-12-11,Elevaciones laterales,1,13,79.5,RPE 9
709,2025-08-09,Curl de bíceps,4,12,18.0,RPE 9
710,2025-12-04,Press francés,2,9,115.0,RPE 8
711,2025-12-12,Fondos lastrados,1,10,100.0,Normal
712,2026-06-19,Dominadas lastradas,2,7,107.5,Normal
713,2025-10-05,Fondos lastrados,2,9,96.5,Normal
714,2025-09-19,Elevaciones laterales,3,10,125.0,Fácil
715,2026-01-30,Press militar,3,12,103.5,Fallo cerca
716,2025-09-19,Sentadilla,5,5,111.0,RPE 8
717,2026-02-26,Dominadas lastradas,1,6,36.5,RPE 9
718,2026-03-02,Remo con barra,2,3,104.5,Fácil
719,2025-10-11,Fondos lastrados,1,10,49.5,Pesado
720,2026-05-12,Elevaciones laterales,4,9,92.0,Pesado
721,2025-08-15,Curl de bíceps,2,10,30.5,RPE 9
722,2025-11-25,Press francés,2,10,20.5,Normal
723,2026-04-03,Press francés,4,12,112.5,Buen estímulo
724,2025-12-24,Dominadas lastradas,1,12,18.0,Buena técnica
725,2025-12-16,Sentadilla,3,1,127.0,Fallo cerca
726,2025-08-20,Fondos lastrados,4,4,59.0,RPE 9
727,2026-03-18,Press francés,1,5,116.5,Fallo cerca
728,2026-05-24,Press militar,2,15,135.0,Fallo cerca
729,2026-03-21,Dominadas lastradas,3,14,84.5,Fácil
730,2025-11-08,Dominadas lastradas,3,12,54.5,Normal
731,2025-07-22,Curl de bíceps,3,11,35.5,Buen estímulo
732,2026-01-22,Peso muerto,2,14,21.0,Fácil
733,2026-01-21,Hip thrust,2,6,102.5,RPE 8
734,2025-08-06,Press militar,3,5,47.0,Buen estímulo
735,2026-06-14,Remo con barra,1,14,142.5,Buena técnica
736,2025-09-21,Press de banca,1,11,132.0,RPE 8
737,2025-09-30,Press de banca,5,13,105.5,Normal
738,2026-01-09,Sentadilla búlgara,3,9,25.0,Fácil
739,2026-02-13,Dominadas lastradas,5,14,57.0,Normal
740,2026-07-13,Hip thrust,1,10,57.0,Normal
741,2025-12-20,Press militar,4,7,56.0,Normal
742,2025-07-19,Press francés,4,7,82.0,Fallo cerca
743,2025-09-29,Curl de bíceps,1,7,45.5,Fácil
744,2026-05-02,Curl de bíceps,5,9,54.0,Normal
745,2026-01-17,Press de banca,3,15,21.0,Normal
746,2025-08-19,Sentadilla,4,4,121.5,Buena técnica
747,2025-12-07,Remo con barra,5,6,98.5,Buena técnica
748,2026-05-02,Peso muerto,1,12,149.5,Pesado
749,2025-10-24,Hip thrust,2,13,82.0,RPE 8
750,2026-06-04,Press de banca,3,5,84.5,Pesado
751,2026-05-20,Sentadilla búlgara,3,8,21.0,Fácil
752,2026-04-24,Curl de bíceps,5,1,90.0,Fallo cerca
753,2025-08-12,Peso muerto,3,14,41.0,RPE 8
754,2026-02-02,Press de banca,2,15,30.5,RPE 9
755,2025-11-13,Curl de bíceps,3,8,55.0,Normal
756,2026-04-24,Hip thrust,3,5,84.5,Buena técnica
757,2026-04-23,Dominadas lastradas,5,12,87.5,RPE 9
758,2025-07-28,Remo con barra,5,14,74.0,Normal
759,2026-04-09,Peso muerto,4,3,149.0,Buen estímulo
760,2025-08-14,Peso muerto,4,8,112.0,Fallo cerca
761,2025-09-06,Elevaciones laterales,4,2,55.5,Buen estímulo
762,2026-02-15,Elevaciones laterales,5,1,18.0,Buen estímulo
763,2025-09-21,Curl de bíceps,3,13,25.5,Pesado
764,2025-08-21,Elevaciones laterales,3,8,119.5,Buena técnica
765,2026-04-22,Remo con barra,1,5,91.5,RPE 9
766,2025-07-19,Peso muerto,1,14,98.5,Buen estímulo
767,2025-08-11,Remo con barra,2,9,51.0,RPE 8
768,2026-01-13,Press francés,1,13,108.0,RPE 8
769,2025-08-10,Sentadilla búlgara,2,7,58.0,RPE 9
770,2025-08-11,Press francés,1,14,115.0,Normal
771,2025-09-05,Remo con barra,2,14,140.5,Buena técnica
772,2025-11-25,Sentadilla búlgara,5,10,111.5,RPE 8
773,2025-09-20,Peso muerto,2,8,89.5,Pesado
774,2025-07-31,Curl de bíceps,2,1,39.0,Fallo cerca
775,2025-09-04,Press francés,3,7,73.0,Normal
776,2026-04-19,Press francés,5,11,42.0,Fallo cerca
777,2025-09-14,Elevaciones laterales,4,6,12.0,RPE 8
778,2025-10-23,Peso muerto,5,14,108.0,Pesado
779,2025-11-17,Dominadas lastradas,4,15,60.5,Pesado
780,2026-05-15,Peso muerto,2,7,132.0,Normal
781,2026-04-04,Dominadas lastradas,1,4,107.0,Pesado
782,2025-07-27,Curl de bíceps,1,14,83.0,RPE 8
783,2025-09-27,Sentadilla búlgara,1,15,49.0,Pesado
784,2026-04-11,Fondos lastrados,3,2,67.5,RPE 9
785,2026-01-10,Dominadas lastradas,5,8,108.0,Normal
786,2025-12-29,Fondos lastrados,3,2,77.0,Pesado
787,2025-12-29,Elevaciones laterales,1,1,115.0,Buena técnica
788,2026-07-04,Elevaciones laterales,5,14,12.0,Fallo cerca
789,2025-11-10,Press militar,2,10,89.0,Buena técnica
790,2025-12-25,Peso muerto,1,2,22.5,Fallo cerca
791,2026-02-09,Fondos lastrados,2,5,86.0,RPE 8
792,2026-03-22,Peso muerto,1,12,81.0,Fácil
793,2025-10-29,Dominadas lastradas,3,14,115.0,Buena técnica
794,2025-08-06,Sentadilla,5,6,106.5,Normal
795,2026-02-06,Dominadas lastradas,4,15,58.5,RPE 9
796,2026-04-29,Press de banca,2,9,100.5,Pesado
797,2026-02-20,Hip thrust,4,8,90.5,Fallo cerca
798,2026-03-12,Press militar,4,15,119.5,RPE 8
799,2025-08-30,Curl de bíceps,2,5,31.0,RPE 9
800,2025-12-12,Sentadilla,3,9,27.5,Fácil
801,2025-09-25,Curl de bíceps,2,9,77.0,Fácil
802,2026-07-14,Remo con barra,1,15,31.0,RPE 9
803,2026-04-08,Sentadilla,2,13,119.0,RPE 9
804,2026-07-14,Sentadilla,5,12,52.5,RPE 9
805,2026-06-07,Press militar,2,3,134.0,Normal
806,2026-02-19,Press militar,3,14,105.0,Fácil
807,2026-01-12,Sentadilla,4,4,135.0,RPE 8
808,2026-03-12,Press de banca,4,5,18.5,Normal
809,2025-08-21,Sentadilla,2,14,15.5,Fácil
810,2026-05-20,Elevaciones laterales,2,5,107.0,Buen estímulo
811,2025-12-09,Curl de bíceps,1,8,19.5,Fallo cerca
812,2026-03-17,Sentadilla,2,2,31.0,RPE 9
813,2026-07-09,Hip thrust,2,10,31.0,Fallo cerca
814,2025-07-25,Press francés,1,10,30.5,Normal
815,2025-08-20,Dominadas lastradas,1,7,139.0,Pesado
816,2026-06-12,Sentadilla búlgara,3,8,131.5,RPE 8
817,2026-01-10,Dominadas lastradas,1,12,110.0,Normal
818,2026-03-08,Dominadas lastradas,2,5,84.5,Fallo cerca
819,2026-01-21,Sentadilla búlgara,5,10,125.5,RPE 8
820,2026-02-06,Press militar,5,6,25.5,RPE 8
821,2025-11-13,Sentadilla,4,8,126.0,RPE 8
822,2026-03-25,Hip thrust,2,5,47.5,Fallo cerca
823,2025-10-01,Press militar,3,8,133.0,Buen estímulo
824,2026-03-30,Press de banca,4,4,74.5,Buena técnica
825,2025-09-19,Sentadilla,4,14,122.0,Pesado
826,2025-09-22,Peso muerto,5,1,106.0,RPE 8
827,2026-01-10,Remo con barra,3,9,61.5,Fallo cerca
828,2025-11-07,Sentadilla búlgara,1,12,100.5,Pesado
829,2025-11-01,Remo con barra,4,3,97.0,Fácil
830,2025-11-26,Dominadas lastradas,3,7,110.5,Normal
831,2025-12-04,Dominadas lastradas,5,4,64.0,Fallo cerca
832,2025-12-15,Press francés,1,2,65.0,Fallo cerca
833,2026-01-27,Press militar,3,6,21.5,RPE 8
834,2025-08-11,Press militar,2,15,125.5,RPE 9
835,2026-05-26,Peso muerto,3,1,133.5,Pesado
836,2026-05-24,Sentadilla,2,1,145.0,RPE 8
837,2026-02-04,Press francés,4,6,68.5,Buen estímulo
838,2026-02-01,Press de banca,5,4,39.5,Fallo cerca
839,2026-02-22,Press militar,2,4,49.5,Pesado
840,2026-03-30,Press militar,4,2,14.0,RPE 9
841,2025-11-02,Hip thrust,4,12,104.0,Buena técnica
842,2025-08-15,Fondos lastrados,5,15,97.0,Fallo cerca
843,2025-07-21,Peso muerto,5,13,19.5,RPE 8
844,2026-06-14,Press francés,3,6,65.5,RPE 8
845,2025-10-15,Press francés,5,11,139.5,Pesado
846,2026-02-12,Press militar,3,8,54.5,Pesado
847,2025-12-25,Press de banca,5,6,55.5,Normal
848,2025-10-20,Press de banca,1,12,114.5,Fácil
849,2026-01-21,Hip thrust,1,7,144.5,RPE 8
850,2026-04-22,Fondos lastrados,3,14,103.0,Pesado
851,2026-01-22,Press francés,3,12,49.5,RPE 9
852,2025-10-10,Dominadas lastradas,1,7,16.5,RPE 8
853,2025-09-01,Press francés,4,4,125.5,Buena técnica
854,2025-12-13,Press militar,4,10,98.5,Buen estímulo
855,2026-02-09,Peso muerto,3,3,14.0,RPE 9
856,2025-10-11,Sentadilla búlgara,1,8,36.0,Pesado
857,2026-05-09,Press francés,2,6,29.0,Fácil
858,2026-02-13,Press militar,2,8,16.0,Fácil
859,2025-08-17,Press francés,4,8,101.0,RPE 8
860,2025-11-01,Curl de bíceps,5,9,119.5,Buen estímulo
861,2026-02-04,Curl de bíceps,1,3,42.5,Buen estímulo
862,2025-09-17,Peso muerto,5,15,39.5,RPE 8
863,2026-06-05,Dominadas lastradas,1,11,78.0,RPE 9
864,2026-05-30,Hip thrust,5,10,58.0,Buen estímulo
865,2025-07-27,Elevaciones laterales,2,7,91.5,RPE 9
866,2026-03-21,Sentadilla,1,5,93.5,Buena técnica
867,2025-07-28,Press militar,4,14,49.0,Fácil
868,2026-06-03,Curl de bíceps,4,10,57.5,Fácil
869,2025-09-18,Sentadilla,3,3,111.0,Buen estímulo
870,2025-11-13,Sentadilla búlgara,2,5,35.0,RPE 9
871,2025-08-06,Dominadas lastradas,3,14,103.0,Fallo cerca
872,2025-10-05,Sentadilla búlgara,5,9,117.0,Fallo cerca
873,2026-07-13,Peso muerto,5,1,130.0,Fallo cerca
874,2026-06-20,Press militar,4,15,104.5,Fácil
875,2026-03-06,Sentadilla,3,7,81.5,Buena técnica
876,2025-11-09,Dominadas lastradas,2,6,26.5,Fácil
877,2026-02-21,Elevaciones laterales,1,2,31.5,RPE 8
878,2026-03-13,Press francés,5,1,86.0,Pesado
879,2025-11-05,Curl de bíceps,2,7,74.5,Fácil
880,2025-10-25,Sentadilla,3,9,88.5,Fácil
881,2026-04-22,Elevaciones laterales,3,9,48.0,RPE 8
882,2025-11-08,Remo con barra,3,8,41.5,RPE 9
883,2026-02-17,Sentadilla,2,14,116.0,RPE 8
884,2026-06-09,Sentadilla búlgara,5,2,43.0,Buena técnica
885,2026-07-18,Sentadilla búlgara,2,4,91.0,Fácil
886,2025-09-28,Peso muerto,1,15,69.0,Fallo cerca
887,2026-03-16,Press francés,3,3,23.5,Fácil
888,2026-01-24,Press francés,2,13,37.0,Pesado
889,2025-11-27,Remo con barra,1,8,31.0,Fallo cerca
890,2025-10-31,Sentadilla búlgara,2,11,146.5,RPE 9
891,2026-01-26,Hip thrust,4,13,35.0,RPE 8
892,2025-10-30,Sentadilla,1,14,25.0,Normal
893,2025-11-18,Hip thrust,1,2,53.0,Fácil
894,2026-03-04,Curl de bíceps,3,6,104.0,RPE 8
895,2025-07-24,Sentadilla búlgara,4,15,61.5,RPE 9
896,2025-09-04,Curl de bíceps,1,15,50.0,Pesado
897,2026-03-14,Press de banca,3,9,83.0,Buen estímulo
898,2026-03-18,Press militar,1,7,71.5,RPE 8
899,2025-08-30,Elevaciones laterales,4,8,79.0,Normal
900,2026-07-15,Hip thrust,3,13,88.5,Fácil
901,2026-06-23,Fondos lastrados,5,13,59.0,RPE 8
902,2026-04-06,Remo con barra,4,2,118.5,Fallo cerca
903,2025-11-01,Press de banca,1,12,111.5,RPE 8
904,2026-02-21,Dominadas lastradas,2,3,96.5,Fácil
905,2025-12-08,Press militar,4,15,21.0,Pesado
906,2025-07-30,Curl de bíceps,5,6,101.0,Fallo cerca
907,2026-03-27,Curl de bíceps,3,5,142.5,RPE 8
908,2026-06-05,Sentadilla búlgara,1,3,85.5,Normal
909,2025-08-20,Remo con barra,4,13,30.0,RPE 9
910,2026-05-06,Press militar,4,13,51.0,Buena técnica
911,2025-11-26,Press francés,2,6,21.5,Buen estímulo
912,2026-07-04,Remo con barra,4,15,29.0,Fácil
913,2025-10-11,Curl de bíceps,1,5,77.0,Normal
914,2026-05-01,Sentadilla búlgara,5,10,11.5,RPE 9
915,2026-03-07,Press francés,5,7,136.0,RPE 9
916,2026-06-14,Hip thrust,4,1,91.0,Fácil
917,2025-08-31,Curl de bíceps,3,2,110.5,Fallo cerca
918,2026-01-15,Press francés,1,2,34.0,Buena técnica
919,2026-06-21,Sentadilla,5,6,15.0,Normal
920,2026-03-22,Dominadas lastradas,4,5,37.5,Fácil
921,2026-03-29,Hip thrust,3,13,80.0,Fácil
922,2026-05-25,Hip thrust,5,3,86.5,Fallo cerca
923,2026-04-11,Fondos lastrados,1,9,22.0,Buena técnica
924,2025-09-12,Remo con barra,3,8,47.0,Pesado
925,2026-07-03,Remo con barra,3,14,70.5,RPE 9
926,2026-04-26,Press militar,2,12,64.0,Fácil
927,2026-04-25,Elevaciones laterales,1,9,106.5,Buen estímulo
928,2026-03-09,Peso muerto,1,5,42.5,Pesado
929,2025-08-05,Peso muerto,3,13,12.5,RPE 8
930,2025-12-09,Dominadas lastradas,5,2,135.0,Fallo cerca
931,2026-04-26,Hip thrust,1,8,120.5,RPE 8
932,2026-02-04,Press militar,3,6,92.5,Buena técnica
933,2025-08-22,Press de banca,4,1,57.5,Fallo cerca
934,2025-10-03,Dominadas lastradas,3,9,108.0,Fallo cerca
935,2025-12-08,Sentadilla,1,10,39.0,Pesado
936,2026-06-25,Peso muerto,4,12,55.5,Normal
937,2026-03-10,Sentadilla,1,8,62.0,RPE 9
938,2025-07-19,Sentadilla,3,7,93.0,Buena técnica
939,2025-10-06,Curl de bíceps,2,4,36.5,RPE 8
940,2025-11-21,Peso muerto,1,4,62.0,Buen estímulo
941,2026-03-18,Elevaciones laterales,3,3,122.5,RPE 9
942,2026-06-18,Remo con barra,1,2,28.5,Fallo cerca
943,2026-02-23,Sentadilla,1,4,34.0,RPE 8
944,2026-03-01,Press de banca,3,4,114.5,RPE 9
945,2025-09-04,Curl de bíceps,1,12,65.5,Normal
946,2026-06-09,Hip thrust,3,15,111.0,Buena técnica
947,2026-04-11,Sentadilla búlgara,4,1,26.0,Pesado
948,2025-10-16,Peso muerto,5,5,23.5,Fácil
949,2026-04-14,Press militar,3,5,56.5,RPE 8
950,2025-08-20,Sentadilla búlgara,3,12,96.0,Buen estímulo
951,2026-04-04,Fondos lastrados,2,2,105.5,Buena técnica
952,2025-08-21,Sentadilla,4,9,142.0,RPE 9
953,2025-07-22,Sentadilla,3,7,97.5,RPE 8
954,2025-10-09,Remo con barra,1,9,45.5,Fácil
955,2026-06-26,Sentadilla,2,6,52.0,RPE 9
956,2026-01-15,Press militar,2,8,135.5,RPE 9
957,2025-10-07,Hip thrust,2,6,63.5,RPE 9
958,2025-08-01,Press francés,1,4,30.5,Buena técnica
959,2026-03-11,Curl de bíceps,1,3,110.0,Fallo cerca
960,2026-04-19,Curl de bíceps,3,11,13.5,Fácil
961,2026-06-11,Fondos lastrados,2,7,118.0,Buen estímulo
962,2026-06-28,Press militar,1,4,149.5,Buen estímulo
963,2025-08-25,Remo con barra,4,13,54.0,RPE 8
964,2026-02-25,Press de banca,4,13,34.5,Normal
965,2026-04-02,Curl de bíceps,3,12,69.5,RPE 9
966,2025-12-30,Press de banca,3,9,78.0,RPE 8
967,2025-11-29,Elevaciones laterales,5,11,109.5,Buena técnica
968,2025-11-18,Hip thrust,2,15,68.0,Pesado
969,2025-08-14,Hip thrust,2,4,106.0,Buen estímulo
970,2025-09-23,Sentadilla,1,9,55.5,Normal
971,2026-02-15,Hip thrust,4,11,86.0,Fallo cerca
972,2026-03-03,Sentadilla,5,3,15.0,RPE 9
973,2025-11-07,Sentadilla búlgara,1,6,94.5,Fallo cerca
974,2026-04-08,Peso muerto,2,12,91.0,Fácil
975,2025-07-29,Remo con barra,4,12,87.5,RPE 9
976,2025-09-15,Sentadilla,4,1,144.0,RPE 8
977,2025-08-15,Curl de bíceps,3,1,129.0,Fallo cerca
978,2026-04-26,Press de banca,3,12,31.0,Normal
979,2026-06-22,Press de banca,1,9,105.0,Normal
980,2025-10-15,Sentadilla búlgara,4,8,35.5,Buena técnica
981,2026-02-06,Dominadas lastradas,4,4,47.5,RPE 8
982,2025-08-05,Fondos lastrados,4,4,68.0,Fácil
983,2026-07-07,Fondos lastrados,3,14,30.5,Buen estímulo
984,2025-10-19,Sentadilla búlgara,1,10,36.5,RPE 8
985,2025-07-26,Remo con barra,3,11,62.5,Buen estímulo
986,2025-11-05,Sentadilla búlgara,1,14,103.5,Pesado
987,2025-08-22,Fondos lastrados,1,15,62.0,Fallo cerca
988,2026-06-28,Elevaciones laterales,2,3,22.0,RPE 8
989,2026-07-07,Sentadilla búlgara,5,12,24.0,RPE 8
990,2026-07-17,Press militar,3,14,114.5,Fallo cerca
991,2025-09-18,Fondos lastrados,3,9,83.0,Fácil
992,2026-05-24,Press militar,3,10,81.5,RPE 8
993,2026-03-10,Hip thrust,5,7,19.0,Buena técnica
994,2026-05-16,Fondos lastrados,1,5,30.0,RPE 9
995,2026-06-25,Press francés,4,10,58.0,Pesado
996,2026-06-04,Hip thrust,1,12,138.5,Normal
997,2025-10-05,Press militar,1,14,63.5,RPE 9
998,2026-05-24,Hip thrust,5,1,121.5,Buen estímulo
999,2026-03-23,Dominadas lastradas,1,10,101.5,RPE 8
1000,2026-02-10,Fondos lastrados,1,12,100.0,Fácil
1001,2026-06-17,Remo con barra,3,8,114.5,Buen estímulo
1002,2025-12-02,Dominadas lastradas,2,6,40.0,RPE 8
1003,2026-05-27,Elevaciones laterales,4,14,48.5,RPE 8
1004,2025-11-02,Elevaciones laterales,3,1,144.5,RPE 8
1005,2026-07-08,Fondos lastrados,5,14,78.0,Normal
1006,2025-12-20,Dominadas lastradas,3,15,141.5,Fácil
1007,2026-05-05,Press francés,1,14,136.5,RPE 9
1008,2025-07-19,Curl de bíceps,4,10,137.0,RPE 9
1009,2025-09-17,Fondos lastrados,2,9,42.5,Pesado
1010,2025-12-22,Hip thrust,1,14,118.5,Normal
1011,2026-06-10,Dominadas lastradas,1,12,107.5,Buena técnica
1012,2026-05-08,Peso muerto,1,4,41.0,Fallo cerca
1013,2025-08-31,Dominadas lastradas,3,14,19.0,Buen estímulo
1014,2025-11-15,Elevaciones laterales,5,15,85.0,Fácil
1015,2025-12-16,Dominadas lastradas,3,3,58.5,Buena técnica
1016,2026-05-26,Press francés,3,4,87.0,RPE 9
1017,2026-02-07,Sentadilla búlgara,2,2,56.0,Buena técnica
1018,2025-08-31,Remo con barra,2,13,96.0,Fallo cerca
1019,2026-01-01,Press de banca,2,14,105.5,Normal
1020,2026-06-27,Elevaciones laterales,4,10,16.5,Buen estímulo
1021,2025-12-23,Remo con barra,4,13,133.0,Buen estímulo
1022,2026-04-22,Dominadas lastradas,2,13,111.5,Buena técnica
1023,2025-08-31,Hip thrust,3,4,99.0,RPE 8
1024,2026-03-14,Peso muerto,3,2,66.0,Pesado
1025,2026-05-07,Dominadas lastradas,3,15,128.5,Buen estímulo
1026,2026-04-24,Hip thrust,4,15,77.0,RPE 8
1027,2025-12-17,Elevaciones laterales,2,3,92.0,Fallo cerca
1028,2026-05-30,Remo con barra,3,3,122.0,Fácil
1029,2026-02-06,Peso muerto,2,4,134.0,RPE 8
1030,2025-07-21,Press de banca,1,4,131.0,RPE 8
1031,2026-07-08,Dominadas lastradas,2,15,69.0,Pesado
1032,2026-07-13,Press francés,4,7,59.5,Buena técnica
1033,2025-08-26,Curl de bíceps,4,4,133.0,RPE 9
1034,2025-12-27,Elevaciones laterales,2,12,80.0,Fácil
1035,2026-03-19,Sentadilla búlgara,5,6,12.5,Fácil
1036,2026-06-27,Press francés,2,2,134.5,RPE 8
1037,2026-04-29,Press militar,5,12,54.0,Buena técnica
1038,2026-07-02,Hip thrust,2,5,32.0,Pesado
1039,2025-10-08,Press francés,1,5,112.0,Fácil
1040,2025-11-19,Press francés,2,12,32.5,Pesado
1041,2025-12-12,Dominadas lastradas,5,11,49.0,Fácil
1042,2025-12-21,Sentadilla búlgara,2,10,144.0,RPE 9
1043,2025-08-28,Press de banca,4,12,83.5,Buena técnica
1044,2026-04-16,Peso muerto,5,10,117.0,Pesado
1045,2026-01-31,Elevaciones laterales,2,11,138.5,RPE 8
1046,2026-04-12,Sentadilla,3,7,40.0,Fallo cerca
1047,2025-07-29,Dominadas lastradas,2,10,150.0,Fácil
1048,2026-06-26,Sentadilla búlgara,3,1,142.0,RPE 8
1049,2025-07-30,Press de banca,1,8,25.5,Normal
1050,2026-02-19,Press de banca,2,13,138.5,Normal
1051,2026-07-12,Press militar,1,2,40.5,Fallo cerca
1052,2026-02-23,Press militar,1,3,65.0,Pesado
1053,2026-07-18,Dominadas lastradas,3,10,115.0,Pesado
1054,2025-12-18,Peso muerto,1,15,23.0,Fallo cerca
1055,2026-03-08,Fondos lastrados,2,7,28.5,RPE 9
1056,2026-04-22,Sentadilla búlgara,2,13,31.5,Pesado
1057,2025-07-27,Remo con barra,3,10,26.5,RPE 8
1058,2026-05-12,Dominadas lastradas,5,11,70.0,Buen estímulo
1059,2026-01-13,Elevaciones laterales,4,8,129.5,RPE 9
1060,2025-09-16,Fondos lastrados,2,10,144.5,Fácil
1061,2026-05-19,Dominadas lastradas,4,11,39.0,Pesado
1062,2026-01-02,Sentadilla,2,6,88.0,Fallo cerca
1063,2025-10-05,Sentadilla,2,3,97.5,RPE 8
1064,2026-06-26,Hip thrust,2,3,71.0,Pesado
1065,2025-07-29,Sentadilla,3,11,81.5,Normal
1066,2026-05-18,Peso muerto,2,8,134.0,Fallo cerca
1067,2025-07-29,Remo con barra,4,2,114.0,Fallo cerca
1068,2026-04-12,Press francés,2,11,72.0,RPE 8
1069,2026-01-18,Elevaciones laterales,1,4,127.5,RPE 8
1070,2026-04-10,Remo con barra,5,11,37.5,Buen estímulo
1071,2025-12-04,Fondos lastrados,1,5,80.0,Pesado
1072,2026-06-28,Dominadas lastradas,1,8,145.5,RPE 8
1073,2026-07-02,Press francés,3,12,145.0,Buen estímulo
1074,2026-04-30,Peso muerto,1,9,134.5,Normal
1075,2025-09-08,Peso muerto,4,6,88.0,Buena técnica
1076,2025-08-02,Fondos lastrados,5,1,142.0,RPE 9
1077,2025-07-19,Peso muerto,1,9,100.5,RPE 9
1078,2026-01-13,Press militar,2,7,123.0,Buena técnica
1079,2025-08-26,Dominadas lastradas,2,9,104.5,RPE 8
1080,2026-02-21,Remo con barra,4,13,146.5,Buen estímulo
1081,2025-12-08,Remo con barra,2,12,125.0,Normal
1082,2026-04-23,Press militar,2,11,102.5,RPE 9
1083,2025-10-24,Peso muerto,1,3,50.0,Buena técnica
1084,2025-08-28,Sentadilla,1,4,146.5,Fallo cerca
1085,2026-05-26,Remo con barra,5,13,29.0,Pesado
1086,2025-10-21,Fondos lastrados,1,15,22.5,Normal
1087,2025-07-31,Fondos lastrados,1,9,138.5,Fácil
1088,2025-09-21,Sentadilla,5,15,34.5,Fácil
1089,2026-07-16,Sentadilla,4,2,68.0,RPE 8
1090,2026-05-20,Press de banca,3,5,71.0,Buena técnica
1091,2025-10-28,Dominadas lastradas,2,10,66.0,Fallo cerca
1092,2025-08-15,Sentadilla búlgara,4,7,44.5,RPE 8
1093,2025-12-28,Sentadilla,1,11,98.0,Pesado
1094,2025-09-08,Hip thrust,2,2,69.5,Fácil
1095,2026-02-03,Hip thrust,4,7,56.0,Normal
1096,2026-03-12,Curl de bíceps,4,13,36.5,Pesado
1097,2025-12-06,Press militar,5,3,80.5,Buen estímulo
1098,2026-07-14,Fondos lastrados,3,1,11.0,Buen estímulo
1099,2026-02-12,Press militar,5,12,91.0,Fácil
1100,2026-01-20,Dominadas lastradas,4,8,66.5,RPE 8
1101,2025-12-05,Press militar,1,1,28.5,Fallo cerca
1102,2026-02-19,Sentadilla,1,6,136.5,Pesado
1103,2025-09-23,Elevaciones laterales,5,14,105.5,Pesado
1104,2026-04-18,Hip thrust,3,15,115.5,Fácil
1105,2025-07-27,Curl de bíceps,2,1,61.5,Buena técnica
1106,2026-05-03,Hip thrust,2,5,49.5,Fallo cerca
1107,2026-06-13,Dominadas lastradas,4,8,127.0,Fácil
1108,2026-05-18,Curl de bíceps,1,7,69.0,Pesado
1109,2026-04-06,Press militar,5,14,117.0,RPE 8
1110,2025-11-04,Elevaciones laterales,4,7,48.0,Buen estímulo
1111,2026-02-04,Peso muerto,5,11,56.5,Buen estímulo
1112,2026-02-26,Fondos lastrados,1,15,87.0,Fácil
1113,2026-03-01,Press francés,5,5,115.0,Fácil
1114,2025-07-18,Sentadilla búlgara,5,9,33.0,RPE 9
1115,2025-11-05,Elevaciones laterales,4,2,132.5,Normal
1116,2025-07-25,Press de banca,4,10,89.0,Buena técnica
1117,2026-07-09,Sentadilla búlgara,5,8,27.0,Buena técnica
1118,2025-11-11,Fondos lastrados,1,3,73.5,Fallo cerca
1119,2025-08-20,Sentadilla,2,9,124.0,Normal
1120,2026-06-07,Press de banca,5,1,123.0,RPE 9
1121,2025-09-14,Dominadas lastradas,5,9,130.5,Normal
1122,2025-10-27,Sentadilla búlgara,2,8,131.0,Fácil
1123,2025-11-27,Press de banca,5,14,84.0,Fallo cerca
1124,2025-07-22,Fondos lastrados,3,1,51.5,RPE 8
1125,2026-02-02,Fondos lastrados,3,2,112.0,Normal
1126,2026-05-12,Peso muerto,3,14,131.0,Normal
1127,2025-11-05,Press francés,3,9,89.0,Pesado
1128,2026-03-19,Peso muerto,4,3,124.0,Fácil
1129,2025-10-28,Hip thrust,1,12,71.0,RPE 8
1130,2026-04-05,Dominadas lastradas,4,11,113.0,Buen estímulo
1131,2026-05-31,Peso muerto,1,9,12.0,RPE 8
1132,2025-09-02,Sentadilla,4,9,124.5,Buen estímulo
1133,2026-03-11,Fondos lastrados,2,9,60.0,Fácil
1134,2026-04-18,Press francés,2,3,10.5,Pesado
1135,2025-11-06,Curl de bíceps,4,5,48.5,Pesado
1136,2026-02-23,Hip thrust,1,12,111.5,Fácil
1137,2025-09-13,Peso muerto,3,8,38.0,RPE 9
1138,2025-08-29,Dominadas lastradas,4,12,136.0,Normal
1139,2026-03-06,Dominadas lastradas,1,2,86.5,Fallo cerca
1140,2025-08-24,Peso muerto,3,13,142.5,Buen estímulo
1141,2026-05-14,Sentadilla búlgara,1,12,134.0,Buen estímulo
1142,2026-02-27,Curl de bíceps,2,6,81.0,Pesado
1143,2026-07-08,Elevaciones laterales,5,3,52.0,Normal
1144,2025-10-03,Fondos lastrados,3,2,74.5,Buena técnica
1145,2026-07-17,Press militar,2,4,28.5,Pesado
1146,2026-02-19,Hip thrust,2,15,62.5,RPE 8
1147,2025-09-18,Sentadilla,2,8,138.0,RPE 8
1148,2026-01-24,Hip thrust,4,13,56.0,Normal
1149,2025-11-03,Press de banca,4,11,149.0,Normal
1150,2026-03-07,Curl de bíceps,3,14,90.0,Buen estímulo
1151,2025-10-18,Press francés,4,4,135.5,Pesado
1152,2025-10-30,Fondos lastrados,1,11,81.5,Fallo cerca
1153,2025-08-06,Hip thrust,5,15,66.5,Normal
1154,2026-04-10,Press militar,5,9,128.0,Fallo cerca
1155,2025-10-17,Press francés,5,5,40.0,RPE 8
1156,2026-02-17,Elevaciones laterales,1,7,14.0,Pesado
1157,2025-10-18,Press francés,4,3,104.5,Fácil
1158,2025-09-04,Elevaciones laterales,1,13,53.5,Normal
1159,2026-05-22,Sentadilla búlgara,2,12,136.5,Fácil
1160,2025-09-27,Dominadas lastradas,5,13,31.5,Fácil
1161,2026-02-17,Press militar,2,6,97.0,RPE 9
1162,2026-05-27,Press militar,2,4,119.5,RPE 8
1163,2026-01-12,Press de banca,4,15,117.5,Normal
1164,2025-12-22,Curl de bíceps,1,3,102.0,Pesado
1165,2026-01-31,Press de banca,4,4,134.5,Fallo cerca
1166,2025-12-18,Sentadilla búlgara,5,13,30.0,Normal
1167,2026-06-22,Press de banca,2,4,111.0,Fácil
1168,2026-05-02,Dominadas lastradas,5,12,133.0,RPE 9
1169,2025-10-26,Remo con barra,2,5,33.0,Fallo cerca
1170,2026-05-21,Press francés,4,8,47.5,RPE 9
1171,2026-05-22,Dominadas lastradas,1,15,88.0,RPE 8
1172,2026-06-13,Hip thrust,1,7,94.0,Normal
1173,2026-03-08,Peso muerto,3,14,80.5,Pesado
1174,2026-05-07,Press francés,2,11,48.5,Normal
1175,2026-01-15,Sentadilla,3,2,62.5,Buen estímulo
1176,2026-06-10,Peso muerto,5,5,72.5,RPE 9
1177,2026-06-28,Elevaciones laterales,3,7,79.0,Buena técnica
1178,2025-09-02,Press francés,1,9,87.0,Buena técnica
1179,2026-04-25,Sentadilla búlgara,4,2,21.5,Pesado
1180,2025-08-12,Press de banca,1,4,27.0,RPE 9
1181,2026-04-17,Press francés,5,11,112.0,Buena técnica
1182,2025-10-11,Peso muerto,5,11,99.5,Fallo cerca
1183,2026-04-19,Press de banca,5,1,126.0,Pesado
1184,2026-04-27,Peso muerto,3,10,19.5,Buen estímulo
1185,2025-11-01,Remo con barra,1,6,62.5,Normal
1186,2026-03-24,Hip thrust,2,14,122.0,Buena técnica
1187,2025-09-23,Elevaciones laterales,2,5,83.5,Pesado
1188,2025-08-21,Press francés,1,6,135.0,RPE 8
1189,2025-12-07,Dominadas lastradas,4,2,118.5,Pesado
1190,2026-07-02,Dominadas lastradas,2,5,13.5,Buena técnica
1191,2026-01-30,Sentadilla búlgara,1,5,54.5,Fallo cerca
1192,2026-05-04,Remo con barra,4,12,54.0,Buen estímulo
1193,2026-06-28,Elevaciones laterales,4,14,104.5,Pesado
1194,2025-10-20,Peso muerto,3,13,44.0,Buen estímulo
1195,2025-12-18,Press de banca,1,12,65.0,RPE 9
1196,2025-11-12,Curl de bíceps,1,10,25.0,Buen estímulo
1197,2025-08-21,Press militar,4,13,115.5,Normal
1198,2025-08-04,Dominadas lastradas,1,1,61.5,Fallo cerca
1199,2025-12-20,Peso muerto,2,10,84.0,RPE 8
1200,2025-07-26,Peso muerto,1,14,142.0,Fácil
1201,2026-04-06,Curl de bíceps,4,7,30.0,Buena técnica
1202,2026-02-07,Curl de bíceps,3,2,118.5,Fallo cerca
1203,2026-05-05,Fondos lastrados,2,14,57.5,Buen estímulo
1204,2026-05-15,Dominadas lastradas,2,1,70.5,Fácil
1205,2026-07-10,Sentadilla,4,5,62.5,Fácil
1206,2025-12-09,Dominadas lastradas,3,8,129.5,RPE 8
1207,2026-01-01,Fondos lastrados,1,3,72.0,Fácil
1208,2025-10-12,Press militar,2,15,94.5,RPE 8
1209,2025-09-11,Sentadilla,3,11,23.0,Normal
1210,2026-01-12,Press francés,3,1,38.5,Pesado
1211,2026-05-19,Press francés,3,12,129.5,Fácil
1212,2025-09-30,Peso muerto,5,1,129.0,Fácil
1213,2026-05-03,Press francés,1,3,140.5,Fallo cerca
1214,2025-10-20,Hip thrust,1,10,51.5,Pesado
1215,2025-09-20,Sentadilla búlgara,2,14,93.5,Normal
1216,2026-06-13,Press militar,1,9,45.5,Buena técnica
1217,2025-08-18,Elevaciones laterales,4,2,87.5,RPE 8
1218,2026-01-06,Sentadilla búlgara,1,6,50.0,Fallo cerca
1219,2025-08-30,Remo con barra,4,13,139.5,Fácil
1220,2025-08-05,Fondos lastrados,2,5,50.5,Buen estímulo
1221,2026-04-30,Peso muerto,1,11,59.5,Fallo cerca
1222,2025-08-08,Press de banca,4,15,70.0,Normal
1223,2025-08-13,Press francés,3,14,68.5,Fallo cerca
1224,2026-04-02,Fondos lastrados,4,15,63.0,RPE 8
1225,2026-04-20,Curl de bíceps,2,3,124.0,Fallo cerca
1226,2025-10-05,Elevaciones laterales,3,11,11.5,Buena técnica
1227,2026-05-27,Remo con barra,3,11,144.5,Buen estímulo
1228,2026-05-07,Hip thrust,4,3,93.0,Pesado
1229,2026-01-04,Elevaciones laterales,2,11,112.0,Fácil
1230,2025-12-12,Sentadilla búlgara,2,14,124.5,Fallo cerca
1231,2026-05-02,Press militar,2,12,89.0,Buen estímulo
1232,2025-08-16,Dominadas lastradas,1,14,47.0,Normal
1233,2026-04-22,Press militar,2,7,101.5,Pesado
1234,2026-01-18,Elevaciones laterales,5,1,99.5,Fácil
1235,2025-10-28,Remo con barra,4,7,25.5,RPE 8
1236,2026-07-01,Hip thrust,4,7,52.5,Buen estímulo
1237,2025-09-28,Peso muerto,5,9,125.0,Fallo cerca
1238,2025-11-08,Dominadas lastradas,5,12,17.5,Fácil
1239,2026-03-27,Sentadilla,3,15,16.5,Fallo cerca
1240,2025-09-15,Hip thrust,2,14,19.0,Fácil
1241,2026-04-18,Press militar,1,10,84.0,Fácil
1242,2026-05-04,Peso muerto,2,15,40.5,RPE 8
1243,2025-12-08,Peso muerto,1,6,116.0,RPE 9
1244,2025-10-03,Fondos lastrados,3,10,106.0,Fácil
1245,2025-11-20,Peso muerto,5,9,142.0,Normal
1246,2025-10-02,Sentadilla búlgara,2,1,22.5,Pesado
1247,2025-10-21,Dominadas lastradas,3,7,98.0,Buena técnica
1248,2025-12-08,Press de banca,2,3,53.5,RPE 9
1249,2026-06-26,Dominadas lastradas,5,12,124.5,Normal
1250,2026-05-01,Press de banca,5,6,16.0,Pesado
1251,2026-01-09,Hip thrust,5,14,101.5,RPE 8
1252,2025-08-26,Sentadilla búlgara,2,6,116.5,Normal
1253,2025-10-01,Press de banca,1,4,18.0,Fácil
1254,2026-03-07,Sentadilla búlgara,1,14,106.5,Normal
1255,2025-07-25,Press francés,2,13,76.5,Fallo cerca
1256,2025-07-27,Sentadilla,2,2,93.0,RPE 9
1257,2025-10-11,Peso muerto,1,3,87.0,Fácil
1258,2026-05-04,Hip thrust,5,2,62.5,Fácil
1259,2026-04-22,Elevaciones laterales,5,12,144.5,Buena técnica
1260,2026-06-07,Press militar,2,9,37.5,Fácil
1261,2026-03-27,Peso muerto,3,12,74.5,Fallo cerca
1262,2025-07-30,Press de banca,4,1,87.0,RPE 9
1263,2026-03-18,Curl de bíceps,2,15,81.0,Buen estímulo
1264,2025-08-16,Press francés,5,14,30.5,Buena técnica
1265,2025-08-16,Press francés,2,7,23.0,Fácil
1266,2026-03-16,Curl de bíceps,4,15,105.0,Pesado
1267,2025-11-30,Press militar,2,3,35.5,Fallo cerca
1268,2026-03-02,Curl de bíceps,1,7,57.5,Fácil
1269,2025-08-20,Peso muerto,3,9,136.0,Fallo cerca
1270,2026-01-22,Sentadilla,3,13,127.0,Buen estímulo
1271,2025-12-03,Press militar,3,9,125.5,Buena técnica
1272,2025-11-04,Press de banca,4,14,36.0,Buen estímulo
1273,2025-08-15,Press de banca,3,14,91.0,RPE 9
1274,2026-04-09,Hip thrust,2,10,94.0,Buen estímulo
1275,2026-03-09,Press militar,3,3,144.0,Normal
1276,2025-11-21,Fondos lastrados,2,5,102.5,Pesado
1277,2025-09-28,Remo con barra,1,13,13.0,Fácil
1278,2025-07-27,Hip thrust,1,3,36.5,RPE 9
1279,2025-07-30,Remo con barra,1,14,132.5,RPE 8
1280,2025-08-29,Press militar,3,13,120.0,RPE 9
1281,2025-11-07,Curl de bíceps,3,8,27.0,RPE 9
1282,2025-11-18,Curl de bíceps,2,10,36.5,Pesado
1283,2026-06-03,Peso muerto,5,11,146.5,Fácil
1284,2025-08-07,Fondos lastrados,2,5,91.0,RPE 9
1285,2025-08-25,Remo con barra,5,3,98.5,Pesado
1286,2026-05-07,Curl de bíceps,1,6,104.5,Buen estímulo
1287,2025-12-12,Hip thrust,1,9,133.5,Normal
1288,2026-05-17,Dominadas lastradas,1,1,104.0,Fallo cerca
1289,2026-07-13,Fondos lastrados,4,10,54.5,Buen estímulo
1290,2026-03-30,Sentadilla búlgara,5,10,53.0,Normal
1291,2025-10-31,Remo con barra,1,12,92.5,Fallo cerca
1292,2026-03-16,Press militar,1,11,105.5,RPE 9
1293,2026-03-16,Elevaciones laterales,2,12,53.5,RPE 9
1294,2025-07-22,Dominadas lastradas,2,5,41.5,Buen estímulo
1295,2025-08-24,Press militar,5,11,93.0,Buen estímulo
1296,2026-03-05,Press de banca,3,14,42.0,Buena técnica
1297,2025-10-17,Sentadilla,5,15,128.5,Normal
1298,2026-07-01,Press francés,3,7,34.5,Pesado
1299,2026-01-03,Curl de bíceps,4,2,30.0,Normal
1300,2025-11-14,Sentadilla,1,14,56.0,Fallo cerca
1301,2025-08-18,Sentadilla búlgara,3,9,123.0,Fácil
1302,2025-08-30,Sentadilla búlgara,3,5,149.0,RPE 8
1303,2026-02-10,Fondos lastrados,3,7,121.0,RPE 9
1304,2025-12-19,Press de banca,4,5,71.5,RPE 8
1305,2025-10-31,Fondos lastrados,2,7,51.5,Pesado
1306,2025-08-31,Press militar,4,10,115.0,RPE 8
1307,2025-12-14,Press de banca,1,13,97.0,Fallo cerca
1308,2026-01-16,Peso muerto,3,14,64.0,Fácil
1309,2025-09-16,Dominadas lastradas,2,12,76.0,Fallo cerca
1310,2026-01-04,Peso muerto,4,11,41.5,Pesado
1311,2026-07-01,Press francés,1,14,38.0,Buen estímulo
1312,2025-12-30,Elevaciones laterales,5,3,76.0,Normal
1313,2025-12-21,Remo con barra,2,12,114.0,Pesado
1314,2025-08-02,Press francés,4,9,118.0,Pesado
1315,2025-12-15,Curl de bíceps,4,14,29.0,Buen estímulo
1316,2026-02-02,Sentadilla búlgara,3,5,116.0,Buena técnica
1317,2026-03-30,Press militar,4,5,122.5,RPE 9
1318,2025-08-13,Press de banca,2,6,16.5,Buena técnica
1319,2026-05-12,Dominadas lastradas,3,4,127.5,Buen estímulo
1320,2025-10-11,Press de banca,2,12,149.0,Normal
1321,2025-08-01,Hip thrust,2,12,116.0,Buen estímulo
1322,2025-10-15,Remo con barra,4,13,143.5,Normal
1323,2025-11-03,Sentadilla,3,10,72.0,RPE 9
1324,2025-11-23,Curl de bíceps,5,9,100.5,Normal
1325,2025-10-01,Fondos lastrados,1,9,34.5,Buena técnica
1326,2026-06-06,Sentadilla,1,12,42.0,Normal
1327,2025-09-10,Remo con barra,5,8,55.5,RPE 8
1328,2026-06-02,Fondos lastrados,4,13,84.5,Pesado
1329,2026-07-16,Sentadilla,4,1,126.5,Normal
1330,2026-06-23,Press militar,2,4,11.0,RPE 9
1331,2026-01-03,Curl de bíceps,5,3,31.5,RPE 9
1332,2025-08-04,Press francés,4,9,147.0,Fallo cerca
1333,2026-02-20,Elevaciones laterales,4,12,21.5,RPE 9
1334,2025-12-28,Press militar,1,13,139.0,Buen estímulo
1335,2026-06-06,Press francés,2,1,57.5,Pesado
1336,2026-04-28,Elevaciones laterales,5,15,48.0,Normal
1337,2026-02-18,Press militar,5,14,77.0,Normal
1338,2025-12-04,Sentadilla,2,5,75.0,Pesado
1339,2026-07-14,Dominadas lastradas,2,7,148.0,Buena técnica
1340,2025-07-22,Sentadilla búlgara,5,13,78.0,RPE 8
1341,2025-10-16,Hip thrust,4,11,83.5,Fácil
1342,2026-05-21,Sentadilla búlgara,5,12,94.0,RPE 9
1343,2026-05-17,Remo con barra,5,12,55.0,Normal
1344,2025-07-23,Curl de bíceps,1,6,91.5,Fácil
1345,2025-10-31,Curl de bíceps,3,7,149.5,Normal
1346,2025-09-25,Press de banca,1,10,104.5,RPE 8
1347,2025-12-22,Sentadilla búlgara,4,10,47.0,Buena técnica
1348,2025-11-12,Curl de bíceps,5,10,24.0,Buen estímulo
1349,2025-08-21,Press militar,5,15,88.5,Normal
1350,2025-12-23,Peso muerto,3,6,57.5,Fallo cerca
1351,2025-12-20,Elevaciones laterales,2,15,121.0,RPE 8
1352,2026-01-03,Press francés,4,10,89.0,Buena técnica
1353,2025-12-17,Remo con barra,1,2,85.0,Pesado
1354,2025-07-29,Press militar,2,6,24.0,RPE 9
1355,2026-06-27,Press de banca,2,8,126.5,Pesado
1356,2026-03-25,Elevaciones laterales,1,9,60.5,RPE 9
1357,2025-09-24,Press militar,3,14,27.0,RPE 8
1358,2026-02-07,Press de banca,4,2,52.0,Buena técnica
1359,2025-09-23,Sentadilla,5,6,143.0,RPE 9
1360,2025-09-27,Press de banca,1,11,57.5,Pesado
1361,2025-08-19,Curl de bíceps,3,11,64.0,Fácil
1362,2025-12-11,Peso muerto,1,12,142.0,Buena técnica
1363,2025-10-19,Elevaciones laterales,5,4,123.0,Normal
1364,2025-10-05,Press francés,1,12,71.0,Fallo cerca
1365,2026-02-17,Sentadilla,4,15,70.5,Buena técnica
1366,2026-05-14,Elevaciones laterales,1,12,60.5,Fallo cerca
1367,2026-04-12,Dominadas lastradas,3,9,49.5,Normal
1368,2026-02-25,Remo con barra,5,15,91.0,Fallo cerca
1369,2025-09-05,Sentadilla búlgara,1,11,57.5,RPE 9
1370,2026-02-04,Elevaciones laterales,4,13,116.0,Normal
1371,2025-11-17,Sentadilla,4,10,142.0,Normal
1372,2025-10-03,Elevaciones laterales,5,9,149.5,Pesado
1373,2025-11-08,Dominadas lastradas,4,5,136.0,Buena técnica
1374,2025-09-01,Elevaciones laterales,5,15,50.5,Pesado
1375,2026-05-27,Elevaciones laterales,5,12,14.5,Buena técnica
1376,2025-10-04,Sentadilla,4,1,82.5,RPE 9
1377,2026-03-07,Elevaciones laterales,4,5,69.0,Fácil
1378,2025-10-20,Peso muerto,3,1,113.0,Fallo cerca
1379,2025-08-21,Press de banca,2,11,87.0,Pesado
1380,2026-06-04,Sentadilla,3,7,119.5,Normal
1381,2025-09-16,Elevaciones laterales,5,3,58.5,Fallo cerca
1382,2025-12-23,Elevaciones laterales,4,2,124.0,Buen estímulo
1383,2026-05-04,Press de banca,5,5,132.5,Pesado
1384,2026-02-10,Fondos lastrados,5,2,29.0,Buena técnica
1385,2026-04-17,Remo con barra,3,2,40.0,Normal
1386,2025-08-12,Press militar,3,4,124.5,RPE 8
1387,2026-02-11,Peso muerto,4,1,98.5,Fallo cerca
1388,2026-01-21,Elevaciones laterales,1,14,94.5,RPE 9
1389,2026-05-09,Fondos lastrados,2,12,137.5,RPE 9
1390,2026-01-24,Press francés,2,4,129.5,RPE 9
1391,2026-02-01,Press militar,2,2,26.0,Pesado
1392,2026-05-06,Press de banca,3,2,43.5,RPE 9
1393,2026-06-07,Press francés,3,2,96.5,Normal
1394,2026-07-09,Press francés,4,13,90.0,Fallo cerca
1395,2026-06-18,Fondos lastrados,3,11,31.0,RPE 8
1396,2026-03-18,Dominadas lastradas,3,4,109.0,Pesado
1397,2026-01-21,Fondos lastrados,4,14,145.5,Buen estímulo
1398,2026-04-30,Dominadas lastradas,1,9,91.0,RPE 8
1399,2026-03-26,Dominadas lastradas,4,12,101.5,RPE 8
1400,2025-07-22,Press de banca,3,5,109.0,Normal
1401,2026-02-07,Dominadas lastradas,4,9,127.5,Buena técnica
1402,2025-09-20,Curl de bíceps,5,10,135.5,Buen estímulo
1403,2025-10-08,Fondos lastrados,4,2,90.0,Fácil
1404,2025-09-30,Dominadas lastradas,3,12,85.5,Fallo cerca
1405,2025-09-23,Elevaciones laterales,3,13,77.0,Buena técnica
1406,2025-08-25,Press francés,5,12,69.5,Buena técnica
1407,2025-08-22,Elevaciones laterales,2,6,15.5,Fácil
1408,2026-06-19,Fondos lastrados,1,10,97.5,RPE 8
1409,2026-01-17,Press francés,5,14,24.5,Fácil
1410,2025-08-29,Hip thrust,3,5,17.5,RPE 8
1411,2025-07-29,Fondos lastrados,5,5,75.5,Fallo cerca
1412,2026-07-06,Press de banca,3,3,121.0,RPE 8
1413,2025-12-27,Press de banca,4,7,77.0,Buen estímulo
1414,2026-01-06,Elevaciones laterales,2,13,97.5,RPE 8
1415,2025-12-07,Sentadilla,4,3,73.5,Buena técnica
1416,2026-01-16,Remo con barra,4,4,136.5,Buena técnica
1417,2025-10-05,Elevaciones laterales,5,2,11.5,Normal
1418,2025-07-31,Press militar,1,15,19.5,RPE 8
1419,2026-03-03,Remo con barra,2,2,75.0,Buen estímulo
1420,2025-10-08,Sentadilla,5,7,140.5,RPE 9
1421,2026-04-16,Sentadilla,1,6,68.5,RPE 8
1422,2025-08-05,Peso muerto,5,9,80.5,Fallo cerca
1423,2026-01-24,Curl de bíceps,1,6,46.5,Pesado
1424,2026-06-15,Press militar,4,2,74.5,Pesado
1425,2026-03-02,Elevaciones laterales,1,7,65.0,RPE 8
1426,2026-01-23,Press de banca,4,8,147.5,Buena técnica
1427,2026-02-08,Hip thrust,3,13,64.0,Buena técnica
1428,2026-05-25,Elevaciones laterales,2,8,133.5,Buen estímulo
1429,2026-04-24,Curl de bíceps,5,5,30.5,RPE 9
1430,2025-08-05,Remo con barra,4,6,68.5,Normal
1431,2025-09-24,Sentadilla,5,6,46.0,Normal
1432,2025-10-27,Remo con barra,3,2,35.5,Normal
1433,2026-01-04,Peso muerto,5,14,116.5,Normal
1434,2026-07-07,Remo con barra,1,8,115.5,Buena técnica
1435,2025-11-25,Press francés,1,8,81.0,RPE 8
1436,2026-06-02,Press militar,1,1,79.0,Buena técnica
1437,2026-04-28,Fondos lastrados,5,14,127.5,RPE 9
1438,2026-04-27,Fondos lastrados,2,6,84.0,Buena técnica
1439,2026-06-07,Press de banca,1,2,37.0,Fallo cerca
1440,2025-09-14,Sentadilla,1,5,17.0,Buena técnica
1441,2025-07-24,Sentadilla,3,14,39.5,Fallo cerca
1442,2026-04-26,Sentadilla,4,3,32.5,Buena técnica
1443,2025-12-26,Press militar,3,14,104.5,RPE 9
1444,2026-04-05,Press militar,2,11,94.5,Fallo cerca
1445,2025-08-28,Curl de bíceps,4,3,136.0,Buena técnica
1446,2026-06-02,Dominadas lastradas,5,5,38.5,Normal
1447,2026-01-20,Press francés,2,8,46.5,Fácil
1448,2026-06-23,Fondos lastrados,4,14,39.5,Fácil
1449,2025-08-20,Curl de bíceps,3,7,15.0,Fácil
1450,2025-12-04,Sentadilla búlgara,3,8,61.5,Fácil
1451,2025-10-23,Elevaciones laterales,5,6,79.0,Fallo cerca
1452,2025-11-18,Press militar,1,2,18.0,Fallo cerca
1453,2026-03-03,Dominadas lastradas,2,8,134.5,Buen estímulo
1454,2026-04-15,Peso muerto,2,3,72.5,Pesado
1455,2026-04-25,Peso muerto,4,11,36.5,Fallo cerca
1456,2025-11-28,Curl de bíceps,2,12,100.5,Normal
1457,2025-08-21,Sentadilla,2,14,105.0,RPE 9
1458,2026-02-12,Sentadilla búlgara,2,3,37.0,Pesado
1459,2025-09-07,Curl de bíceps,1,11,19.0,RPE 8
1460,2026-07-09,Hip thrust,1,11,95.5,RPE 8
1461,2025-10-27,Press militar,3,6,62.5,Normal
1462,2025-10-22,Hip thrust,2,6,86.0,RPE 9
1463,2025-07-29,Press militar,1,4,131.0,RPE 8
1464,2026-06-06,Elevaciones laterales,5,15,117.5,Fallo cerca
1465,2025-10-12,Remo con barra,3,15,134.5,RPE 9
1466,2026-05-16,Remo con barra,1,4,96.0,Fallo cerca
1467,2026-06-09,Sentadilla búlgara,2,9,102.0,Fácil
1468,2026-02-05,Sentadilla,4,6,98.5,Normal
1469,2025-09-28,Fondos lastrados,4,13,37.0,Fallo cerca
1470,2025-12-09,Sentadilla búlgara,3,3,79.0,RPE 9
1471,2025-11-12,Press de banca,4,14,138.5,Pesado
1472,2026-03-28,Remo con barra,2,10,112.0,RPE 8
1473,2026-05-27,Peso muerto,1,8,40.0,RPE 8
1474,2026-03-30,Elevaciones laterales,1,14,109.5,Fácil
1475,2026-01-22,Elevaciones laterales,5,5,125.0,Fácil
1476,2026-02-26,Fondos lastrados,2,10,111.5,Normal
1477,2025-09-24,Fondos lastrados,1,2,17.0,Fácil
1478,2026-05-12,Press francés,3,11,109.0,Fácil
1479,2026-05-20,Remo con barra,3,7,24.0,Buena técnica
1480,2026-07-15,Remo con barra,5,8,29.0,Fácil
1481,2025-09-28,Peso muerto,3,12,75.0,RPE 9
1482,2025-08-01,Peso muerto,2,14,96.5,Buen estímulo
1483,2026-04-13,Dominadas lastradas,4,14,72.0,RPE 9
1484,2025-11-21,Sentadilla búlgara,1,1,36.5,RPE 9
1485,2026-05-03,Press militar,1,13,100.0,Fácil
1486,2025-09-18,Elevaciones laterales,4,10,19.5,Buen estímulo
1487,2026-07-13,Press de banca,3,15,110.0,Buena técnica
1488,2025-09-04,Press francés,3,15,45.0,Pesado
1489,2026-03-10,Dominadas lastradas,4,2,62.5,Normal
1490,2026-06-06,Elevaciones laterales,3,5,144.0,Normal
1491,2025-10-29,Sentadilla,3,14,61.5,Fallo cerca
1492,2026-04-02,Press de banca,5,15,22.0,RPE 9
1493,2025-08-25,Sentadilla,5,7,74.5,Buen estímulo
1494,2025-08-26,Peso muerto,2,6,110.5,Buen estímulo
1495,2026-02-07,Hip thrust,1,8,129.5,Pesado
1496,2025-10-20,Sentadilla,4,3,28.5,Pesado
1497,2026-01-08,Press de banca,2,9,143.5,RPE 8
1498,2025-12-10,Dominadas lastradas,5,7,85.0,Pesado
1499,2025-09-16,Press de banca,5,5,107.5,Pesado
1500,2025-11-04,Press militar,5,10,80.5,Fácil
1501,2026-05-03,Elevaciones laterales,2,1,35.0,Normal
1502,2025-12-21,Remo con barra,1,7,62.5,RPE 8
1503,2025-09-11,Fondos lastrados,5,12,56.0,Buena técnica
1504,2026-01-24,Sentadilla búlgara,5,1,26.5,Fácil
1505,2026-01-04,Dominadas lastradas,2,12,22.0,Fallo cerca
1506,2026-02-02,Press de banca,5,15,111.5,Pesado
1507,2025-12-27,Press de banca,2,5,84.0,Fallo cerca
1508,2026-04-22,Press de banca,3,4,11.0,RPE 9
1509,2026-05-20,Fondos lastrados,1,4,46.5,Buen estímulo
1510,2026-04-06,Peso muerto,5,10,27.5,Pesado
1511,2025-11-07,Peso muerto,3,3,101.5,Buen estímulo
1512,2026-05-17,Remo con barra,4,12,125.0,Buena técnica
1513,2026-02-05,Dominadas lastradas,4,14,36.5,Fallo cerca
1514,2026-03-31,Sentadilla búlgara,2,8,64.0,Buen estímulo
1515,2026-06-01,Press de banca,4,1,27.0,Pesado
1516,2026-02-21,Press militar,2,14,126.0,RPE 8
1517,2025-08-17,Hip thrust,3,9,97.5,Buen estímulo
1518,2025-08-03,Press militar,3,11,118.0,RPE 8
1519,2025-08-13,Sentadilla,5,11,51.5,Buena técnica
1520,2026-04-18,Press francés,5,9,53.5,Fácil
1521,2026-05-25,Press de banca,2,5,116.5,Fallo cerca
1522,2026-02-03,Press francés,5,11,115.5,RPE 9
1523,2025-12-17,Sentadilla búlgara,2,1,29.0,Buena técnica
1524,2025-10-03,Press de banca,4,12,70.0,RPE 8
1525,2026-05-03,Sentadilla búlgara,2,14,60.5,Buen estímulo
1526,2025-07-21,Press militar,4,13,56.0,RPE 8
1527,2025-08-07,Dominadas lastradas,3,3,121.5,Buena técnica
1528,2026-06-13,Dominadas lastradas,2,14,109.5,Buen estímulo
1529,2026-04-06,Fondos lastrados,4,2,127.0,Buen estímulo
1530,2025-12-26,Fondos lastrados,5,6,37.0,RPE 9
1531,2026-07-13,Hip thrust,4,13,32.5,Fallo cerca
1532,2026-04-13,Fondos lastrados,4,2,17.0,RPE 8
1533,2025-08-25,Press militar,5,8,110.0,RPE 8
1534,2025-08-14,Remo con barra,4,3,68.0,Buena técnica
1535,2026-01-12,Sentadilla búlgara,5,12,118.5,Fácil
1536,2025-11-30,Remo con barra,2,1,116.5,Buen estímulo
1537,2026-05-29,Elevaciones laterales,5,3,71.0,Fácil
1538,2026-03-22,Press de banca,5,4,119.0,RPE 9
1539,2025-10-17,Press de banca,1,6,68.5,Pesado
1540,2025-10-14,Press francés,4,11,49.5,Buena técnica
1541,2025-11-21,Elevaciones laterales,1,9,70.5,Fallo cerca
1542,2025-09-23,Hip thrust,5,1,60.5,RPE 8
1543,2025-10-09,Dominadas lastradas,2,8,63.0,Fallo cerca
1544,2025-12-17,Press francés,1,12,125.5,Buen estímulo
1545,2026-03-03,Hip thrust,1,9,129.0,RPE 8
1546,2026-07-08,Press militar,1,10,135.0,Pesado
1547,2026-04-20,Sentadilla búlgara,5,3,41.0,RPE 8
1548,2026-04-01,Press militar,5,6,107.0,Normal
1549,2026-03-09,Elevaciones laterales,4,3,82.5,Normal
1550,2026-01-04,Press francés,1,8,50.5,Fallo cerca
1551,2025-08-17,Dominadas lastradas,3,5,68.5,Fácil
1552,2025-12-22,Press militar,4,6,25.5,Normal
1553,2025-08-09,Peso muerto,2,11,57.5,Pesado
1554,2026-03-31,Press francés,5,7,123.5,RPE 9
1555,2026-06-16,Press militar,4,3,65.5,Pesado
1556,2026-03-18,Sentadilla,3,13,129.5,Pesado
1557,2026-05-11,Dominadas lastradas,4,12,133.0,Buen estímulo
1558,2025-09-20,Hip thrust,2,14,48.5,Fallo cerca
1559,2026-07-05,Press francés,3,4,32.5,Fallo cerca
1560,2025-10-23,Curl de bíceps,4,10,43.5,Pesado
1561,2025-09-09,Sentadilla búlgara,4,15,32.5,Fácil
1562,2025-10-14,Sentadilla búlgara,2,10,116.0,Buena técnica
1563,2025-07-21,Fondos lastrados,3,11,109.5,Fácil
1564,2025-09-08,Sentadilla,4,6,60.0,Fallo cerca
1565,2025-07-27,Press francés,3,15,135.5,Fácil
1566,2025-08-26,Elevaciones laterales,5,3,131.0,Buen estímulo
1567,2025-07-26,Sentadilla,5,5,89.0,Pesado
1568,2026-04-28,Fondos lastrados,5,8,61.5,Fallo cerca
1569,2025-09-07,Press militar,4,9,89.5,Buen estímulo
1570,2025-08-28,Press militar,1,3,100.0,RPE 9
1571,2026-05-09,Remo con barra,4,14,25.5,Normal
1572,2025-09-20,Elevaciones laterales,1,5,57.5,Normal
1573,2026-06-20,Hip thrust,1,12,116.5,Fácil
1574,2026-02-08,Press militar,5,13,45.5,Fallo cerca
1575,2026-04-07,Sentadilla,1,2,63.5,RPE 9
1576,2025-08-15,Sentadilla,3,9,19.0,Buen estímulo
1577,2026-01-02,Remo con barra,1,12,96.0,RPE 9
1578,2025-09-14,Dominadas lastradas,3,15,82.0,Fallo cerca
1579,2025-11-08,Sentadilla búlgara,3,4,27.0,Fácil
1580,2025-08-09,Press francés,5,15,109.0,RPE 8
1581,2026-02-23,Press de banca,2,7,119.0,RPE 8
1582,2025-11-10,Hip thrust,2,11,48.5,RPE 8
1583,2025-09-26,Curl de bíceps,4,6,25.0,Buen estímulo
1584,2026-03-29,Press francés,5,9,21.5,Normal
1585,2026-02-24,Curl de bíceps,4,7,12.0,Pesado
1586,2025-10-17,Remo con barra,3,3,88.0,Buen estímulo
1587,2026-06-09,Press de banca,5,2,141.0,Buen estímulo
1588,2025-11-05,Curl de bíceps,4,10,17.0,Buena técnica
1589,2025-10-02,Peso muerto,2,4,118.5,Pesado
1590,2025-12-28,Peso muerto,4,11,98.0,RPE 9
1591,2025-11-07,Press de banca,2,1,104.5,Pesado
1592,2025-08-11,Curl de bíceps,5,15,82.0,Buena técnica
1593,2026-01-27,Press de banca,3,9,26.0,Pesado
1594,2026-06-10,Elevaciones laterales,5,15,56.5,RPE 8
1595,2025-12-04,Remo con barra,2,10,92.0,Fallo cerca
1596,2025-09-20,Fondos lastrados,1,3,32.5,Fácil
1597,2026-03-10,Fondos lastrados,3,7,68.5,Buen estímulo
1598,2025-08-11,Curl de bíceps,5,3,32.0,Fallo cerca
1599,2025-12-19,Press de banca,3,8,128.5,Fallo cerca
1600,2026-05-21,Press de banca,1,5,120.0,Normal
1601,2026-07-12,Peso muerto,3,7,82.0,Buena técnica
1602,2025-11-13,Press francés,3,4,141.0,Pesado
1603,2025-09-14,Press militar,1,1,68.5,Buen estímulo
1604,2025-10-29,Press de banca,2,14,15.0,Fallo cerca
1605,2025-11-06,Press francés,1,10,125.0,RPE 9
1606,2025-12-27,Sentadilla,3,14,95.0,RPE 8
1607,2025-11-04,Press de banca,2,6,130.5,RPE 8
1608,2025-12-06,Press francés,5,4,57.0,Buen estímulo
1609,2025-11-26,Fondos lastrados,3,4,38.0,Fácil
1610,2025-09-01,Dominadas lastradas,3,2,50.0,Pesado
1611,2025-07-31,Press de banca,2,6,19.0,RPE 8
1612,2026-03-01,Peso muerto,3,7,24.0,Fallo cerca
1613,2026-01-07,Sentadilla búlgara,3,4,60.0,Normal
1614,2025-10-11,Press francés,2,6,94.5,Fácil
1615,2025-08-10,Sentadilla búlgara,4,3,64.0,Pesado
1616,2025-10-04,Dominadas lastradas,2,14,47.0,Pesado
1617,2025-11-05,Curl de bíceps,4,14,52.5,Normal
1618,2026-02-15,Press de banca,5,5,35.5,RPE 8
1619,2026-04-19,Curl de bíceps,1,4,36.5,RPE 8
1620,2026-04-14,Elevaciones laterales,2,14,121.5,RPE 8
1621,2025-12-21,Fondos lastrados,4,11,61.5,RPE 9
1622,2026-01-05,Sentadilla,1,2,82.5,RPE 9
1623,2026-01-16,Hip thrust,1,3,133.5,Normal
1624,2026-05-12,Sentadilla búlgara,2,11,39.5,Fallo cerca
1625,2026-04-25,Press militar,1,14,15.0,Pesado
1626,2026-06-13,Elevaciones laterales,5,10,124.0,Buen estímulo
1627,2026-01-21,Sentadilla búlgara,2,11,122.5,RPE 9
1628,2025-08-10,Hip thrust,2,9,23.5,Pesado
1629,2025-10-15,Elevaciones laterales,5,9,37.0,Pesado
1630,2025-12-10,Remo con barra,5,13,15.5,Pesado
1631,2025-07-22,Press militar,2,4,88.5,Fácil
1632,2025-09-04,Press militar,2,2,45.5,Fallo cerca
1633,2026-05-14,Curl de bíceps,4,3,65.0,RPE 8
1634,2026-05-06,Sentadilla búlgara,5,3,124.5,Buena técnica
1635,2025-09-05,Curl de bíceps,3,6,122.0,RPE 9
1636,2025-08-13,Elevaciones laterales,3,6,120.0,RPE 9
1637,2025-09-04,Peso muerto,2,6,71.0,Normal
1638,2026-04-16,Peso muerto,2,12,20.5,Fallo cerca
1639,2026-05-05,Dominadas lastradas,2,6,21.5,Pesado
1640,2025-12-25,Elevaciones laterales,3,12,85.5,Pesado
1641,2026-07-16,Sentadilla búlgara,5,14,141.5,Normal
1642,2026-05-17,Curl de bíceps,3,5,56.5,Normal
1643,2026-05-02,Sentadilla búlgara,3,15,71.5,Normal
1644,2026-05-04,Sentadilla,4,5,134.0,Pesado
1645,2025-09-14,Hip thrust,2,14,91.0,Buen estímulo
1646,2026-05-02,Press militar,1,15,40.5,RPE 8
1647,2025-09-17,Remo con barra,4,5,19.5,Buen estímulo
1648,2025-10-29,Elevaciones laterales,1,9,28.5,Buen estímulo
1649,2026-06-24,Elevaciones laterales,3,5,38.0,Pesado
1650,2026-04-11,Peso muerto,5,6,139.5,Fácil
1651,2025-10-08,Sentadilla búlgara,3,12,82.5,RPE 8
1652,2025-08-14,Press militar,3,3,75.5,RPE 8
1653,2025-11-05,Elevaciones laterales,5,6,46.0,RPE 9
1654,2026-01-15,Press militar,3,8,70.0,RPE 8
1655,2026-03-17,Sentadilla búlgara,4,8,112.5,RPE 9
1656,2026-05-29,Sentadilla búlgara,2,10,119.0,Fallo cerca
1657,2026-06-06,Press de banca,5,2,59.0,Fácil
1658,2026-04-07,Curl de bíceps,1,10,97.5,Normal
1659,2025-08-11,Hip thrust,5,12,149.0,Buen estímulo
1660,2026-07-13,Fondos lastrados,3,5,123.5,Buena técnica
1661,2025-12-05,Elevaciones laterales,5,14,30.5,Normal
1662,2026-07-01,Press militar,3,14,51.0,RPE 8
1663,2026-03-27,Hip thrust,3,11,103.5,Normal
1664,2025-08-05,Dominadas lastradas,5,5,39.5,RPE 8
1665,2025-07-30,Elevaciones laterales,1,6,43.0,Buena técnica
1666,2026-02-12,Press de banca,4,4,30.0,Buena técnica
1667,2026-02-22,Press militar,3,7,79.5,Pesado
1668,2026-06-10,Sentadilla,4,7,118.5,RPE 9
1669,2025-08-10,Dominadas lastradas,4,4,17.0,Fácil
1670,2026-03-09,Press militar,2,2,39.5,Pesado
1671,2026-05-25,Elevaciones laterales,4,6,96.5,Pesado
1672,2025-12-12,Fondos lastrados,3,8,18.5,Fácil
1673,2025-10-03,Fondos lastrados,3,7,91.0,Buena técnica
1674,2026-07-15,Sentadilla búlgara,4,11,39.5,RPE 9
1675,2026-05-18,Hip thrust,4,11,119.0,Pesado
1676,2025-11-21,Press militar,1,5,29.5,Buena técnica
1677,2025-07-23,Sentadilla,3,2,57.5,Buen estímulo
1678,2025-10-08,Sentadilla búlgara,2,8,38.0,Buena técnica
1679,2026-01-01,Hip thrust,4,14,135.0,Normal
1680,2025-10-04,Remo con barra,2,9,66.5,RPE 8
1681,2025-09-27,Remo con barra,1,5,77.5,RPE 8
1682,2026-01-06,Remo con barra,5,4,65.5,Pesado
1683,2026-03-09,Remo con barra,5,10,64.0,RPE 9
1684,2025-09-23,Sentadilla,5,6,24.0,Fallo cerca
1685,2026-02-02,Press francés,5,15,132.5,Fácil
1686,2026-01-24,Press de banca,1,11,106.5,Normal
1687,2026-04-05,Sentadilla,3,8,130.5,RPE 9
1688,2026-07-06,Sentadilla,2,11,79.0,Buena técnica
1689,2026-05-05,Press militar,4,3,14.0,RPE 9
1690,2025-12-28,Dominadas lastradas,5,6,67.5,Fácil
1691,2025-08-03,Peso muerto,4,10,66.0,Pesado
1692,2026-04-27,Peso muerto,5,13,86.5,Buena técnica
1693,2025-12-04,Dominadas lastradas,4,15,16.0,Fácil
1694,2025-10-01,Press francés,4,6,42.0,RPE 9
1695,2025-10-12,Press francés,4,14,55.0,Fácil
1696,2025-09-15,Sentadilla,4,5,36.0,Buena técnica
1697,2025-07-25,Fondos lastrados,3,6,71.0,Buen estímulo
1698,2025-12-17,Press militar,4,12,119.0,RPE 9
1699,2025-08-01,Fondos lastrados,1,12,37.5,Fallo cerca
1700,2025-12-31,Hip thrust,3,5,143.5,Buen estímulo
1701,2026-04-20,Sentadilla búlgara,5,14,138.5,RPE 9
1702,2025-07-27,Fondos lastrados,5,13,124.0,RPE 8
1703,2026-03-14,Press de banca,2,13,131.0,Fácil
1704,2026-01-15,Sentadilla,4,7,147.5,RPE 9
1705,2025-10-08,Dominadas lastradas,3,1,38.5,Fácil
1706,2025-09-20,Press francés,5,5,30.5,Pesado
1707,2025-10-26,Remo con barra,3,2,105.0,Buen estímulo
1708,2025-09-25,Curl de bíceps,3,15,59.0,Fácil
1709,2026-07-16,Fondos lastrados,2,15,15.5,Fallo cerca
1710,2025-11-07,Sentadilla búlgara,2,9,50.0,Normal
1711,2025-12-11,Sentadilla,2,1,79.5,Fallo cerca
1712,2026-07-07,Press francés,3,1,105.5,Fácil
1713,2026-02-20,Remo con barra,5,5,47.5,Normal
1714,2025-11-22,Elevaciones laterales,1,8,12.5,Fallo cerca
1715,2026-07-17,Sentadilla,4,8,63.5,RPE 8
1716,2025-11-22,Press francés,2,1,107.5,Fallo cerca
1717,2026-03-05,Curl de bíceps,4,5,43.0,Fallo cerca
1718,2025-12-13,Sentadilla,5,13,100.0,RPE 9
1719,2026-05-15,Peso muerto,3,10,17.5,Fácil
1720,2026-02-21,Press militar,3,11,51.5,Buena técnica
1721,2026-03-09,Remo con barra,3,12,125.0,RPE 9
1722,2025-12-03,Press militar,4,1,115.5,Normal
1723,2025-09-04,Sentadilla búlgara,2,9,112.5,Pesado
1724,2026-04-15,Sentadilla búlgara,1,7,134.0,Buena técnica
1725,2026-04-12,Press francés,5,1,15.0,Fallo cerca
1726,2025-08-12,Press francés,4,4,138.0,Buena técnica
1727,2025-08-21,Curl de bíceps,2,2,110.5,Buena técnica
1728,2025-10-18,Fondos lastrados,1,9,60.0,Normal
1729,2025-10-20,Press militar,2,7,19.5,Fácil
1730,2026-03-08,Sentadilla búlgara,2,15,11.5,Fallo cerca
1731,2026-05-09,Fondos lastrados,4,13,124.5,Buena técnica
1732,2025-08-31,Sentadilla búlgara,5,7,67.5,Buena técnica
1733,2026-03-11,Fondos lastrados,5,10,12.0,Pesado
1734,2025-08-27,Peso muerto,1,11,85.0,Fácil
1735,2026-05-18,Elevaciones laterales,3,13,119.5,Fallo cerca
1736,2026-07-12,Curl de bíceps,5,9,78.5,RPE 8
1737,2025-10-15,Sentadilla búlgara,3,15,147.0,Fácil
1738,2026-03-30,Press francés,2,1,51.5,Normal
1739,2025-08-18,Remo con barra,4,12,83.5,Normal
1740,2026-01-08,Remo con barra,4,14,11.5,Buena técnica
1741,2025-10-18,Elevaciones laterales,5,15,58.5,Normal
1742,2025-11-13,Sentadilla búlgara,5,9,58.5,RPE 8
1743,2025-12-31,Fondos lastrados,4,13,92.0,RPE 9
1744,2026-07-12,Dominadas lastradas,3,6,127.0,Pesado
1745,2025-08-29,Press militar,2,9,48.0,Fácil
1746,2026-03-27,Dominadas lastradas,3,9,66.0,RPE 8
1747,2026-01-27,Press militar,2,9,29.0,RPE 8
1748,2026-07-13,Press francés,2,10,45.5,RPE 9
1749,2026-07-09,Elevaciones laterales,1,13,140.0,Pesado
1750,2025-09-18,Sentadilla búlgara,2,2,34.5,RPE 9
1751,2026-05-23,Curl de bíceps,2,15,136.0,Normal
1752,2026-06-27,Press francés,5,7,148.5,Fallo cerca
1753,2026-05-27,Press francés,2,15,85.0,Buena técnica
1754,2025-12-26,Dominadas lastradas,3,14,86.5,Fácil
1755,2026-05-15,Peso muerto,3,14,22.0,RPE 9
1756,2025-10-05,Dominadas lastradas,4,4,90.0,RPE 9
1757,2025-09-15,Sentadilla,3,12,65.5,Fácil
1758,2026-01-09,Sentadilla búlgara,2,5,66.5,Fácil
1759,2025-11-17,Elevaciones laterales,3,5,94.5,Buen estímulo
1760,2026-07-17,Peso muerto,3,4,29.5,Pesado
1761,2025-09-16,Dominadas lastradas,1,2,104.5,Normal
1762,2026-05-06,Sentadilla búlgara,1,4,46.0,RPE 8
1763,2026-01-19,Press francés,1,11,119.5,Buena técnica
1764,2025-11-30,Dominadas lastradas,4,3,19.5,RPE 8
1765,2026-03-25,Press de banca,2,2,34.5,Buena técnica
1766,2026-04-08,Hip thrust,4,7,69.0,Fácil
1767,2025-12-02,Sentadilla,3,10,127.5,RPE 8
1768,2026-03-24,Press de banca,3,11,24.0,Buena técnica
1769,2026-02-16,Press militar,3,5,20.0,RPE 8
1770,2025-08-22,Press francés,3,13,41.0,Fallo cerca
1771,2025-10-26,Curl de bíceps,1,2,145.5,Fácil
1772,2026-05-06,Fondos lastrados,3,3,44.5,Fallo cerca
1773,2026-07-18,Hip thrust,1,10,80.5,Buen estímulo
1774,2025-10-19,Sentadilla,4,6,95.5,Buen estímulo
1775,2026-04-06,Press de banca,1,4,36.0,Fácil
1776,2025-08-25,Fondos lastrados,1,8,125.5,Fácil
1777,2026-01-19,Press militar,3,12,131.0,Buena técnica
1778,2026-02-22,Sentadilla,3,3,126.0,RPE 8
1779,2026-04-19,Curl de bíceps,3,3,67.0,Pesado
1780,2026-02-03,Press de banca,1,2,77.5,Normal
1781,2025-08-17,Press de banca,4,6,70.5,Fallo cerca
1782,2025-07-18,Press francés,2,13,127.5,Buena técnica
1783,2025-12-03,Remo con barra,1,7,117.5,RPE 8
1784,2026-04-19,Hip thrust,1,5,107.5,Normal
1785,2025-12-16,Peso muerto,2,13,99.0,Buen estímulo
1786,2026-01-10,Press de banca,2,4,135.0,Fácil
1787,2025-09-18,Hip thrust,4,15,93.5,Fácil
1788,2025-09-26,Fondos lastrados,5,4,69.0,Normal
1789,2025-07-28,Peso muerto,3,13,22.0,Fácil
1790,2026-05-29,Fondos lastrados,4,6,12.0,RPE 8
1791,2026-02-17,Peso muerto,4,2,69.5,Pesado
1792,2026-06-07,Elevaciones laterales,2,15,112.0,RPE 9
1793,2025-09-14,Remo con barra,5,13,136.0,Fallo cerca
1794,2025-12-08,Elevaciones laterales,4,9,18.0,RPE 9
1795,2025-10-19,Hip thrust,5,13,100.5,Normal
1796,2025-12-02,Peso muerto,4,14,51.5,Buena técnica
1797,2026-01-20,Hip thrust,2,3,116.0,Fácil
1798,2026-02-24,Dominadas lastradas,4,10,125.0,Fácil
1799,2025-08-22,Fondos lastrados,2,3,150.0,Fallo cerca
1800,2026-07-01,Dominadas lastradas,1,13,145.0,RPE 8
1801,2026-03-19,Press de banca,4,9,50.5,Fácil
1802,2025-11-04,Sentadilla,2,15,143.0,Pesado
1803,2025-09-22,Sentadilla búlgara,4,15,37.5,Pesado
1804,2025-10-16,Hip thrust,2,2,71.0,Fácil
1805,2026-01-23,Hip thrust,1,3,150.0,Fallo cerca
1806,2026-01-31,Hip thrust,1,14,46.5,Pesado
1807,2025-12-19,Fondos lastrados,3,15,105.5,RPE 9
1808,2026-03-07,Elevaciones laterales,1,8,22.5,Normal
1809,2025-08-10,Sentadilla,4,1,110.5,Normal
1810,2025-09-28,Press de banca,3,11,27.5,Buena técnica
1811,2026-03-14,Elevaciones laterales,3,3,72.0,Buen estímulo
1812,2026-06-11,Peso muerto,4,15,93.0,Buen estímulo
1813,2026-03-29,Dominadas lastradas,3,13,106.5,RPE 8
1814,2025-12-29,Press de banca,5,7,94.0,RPE 9
1815,2025-08-29,Sentadilla búlgara,5,10,90.0,Buen estímulo
1816,2025-10-17,Elevaciones laterales,1,6,44.0,RPE 8
1817,2026-03-07,Curl de bíceps,5,14,21.5,RPE 9
1818,2025-11-08,Remo con barra,4,2,25.5,RPE 8
1819,2025-08-22,Sentadilla búlgara,2,5,92.5,Pesado
1820,2026-05-23,Dominadas lastradas,5,14,36.5,Normal
1821,2025-11-16,Curl de bíceps,5,2,92.0,Fácil
1822,2026-05-20,Hip thrust,1,12,27.0,Fácil
1823,2025-09-27,Peso muerto,5,5,34.5,RPE 8
1824,2025-12-12,Sentadilla búlgara,1,10,128.0,Buen estímulo
1825,2025-10-11,Fondos lastrados,5,2,61.5,Buena técnica
1826,2026-03-08,Sentadilla búlgara,4,4,72.5,RPE 8
1827,2025-08-30,Sentadilla,3,8,54.5,Fallo cerca
1828,2025-10-30,Hip thrust,5,12,34.0,Pesado
1829,2025-11-27,Press de banca,2,14,29.0,RPE 9
1830,2026-04-12,Press militar,5,15,35.5,Buena técnica
1831,2025-08-13,Curl de bíceps,1,11,142.5,Pesado
1832,2025-11-23,Dominadas lastradas,2,7,86.5,Normal
1833,2026-05-04,Remo con barra,2,2,93.0,Normal
1834,2026-04-01,Elevaciones laterales,5,11,134.5,Fallo cerca
1835,2025-09-14,Fondos lastrados,4,12,74.0,Buen estímulo
1836,2025-12-27,Curl de bíceps,1,9,80.0,Buen estímulo
1837,2026-01-25,Remo con barra,1,6,109.0,Normal
1838,2026-04-17,Sentadilla,2,14,45.0,RPE 8
1839,2026-04-25,Hip thrust,5,5,146.0,Fallo cerca
1840,2026-03-08,Sentadilla,2,12,109.0,RPE 8
1841,2025-12-23,Sentadilla,4,8,128.0,Pesado
1842,2026-04-27,Remo con barra,3,13,95.0,Normal
1843,2025-09-19,Dominadas lastradas,2,4,78.0,Buen estímulo
1844,2026-05-20,Press francés,5,15,109.5,Buena técnica
1845,2026-02-26,Fondos lastrados,2,4,59.5,RPE 9
1846,2026-05-14,Press francés,1,15,93.0,Normal
1847,2025-08-30,Peso muerto,3,12,100.0,RPE 8
1848,2026-04-09,Press francés,1,13,39.5,Normal
1849,2025-10-07,Sentadilla,2,15,29.0,RPE 9
1850,2026-02-04,Press militar,2,2,126.0,RPE 8
1851,2026-06-10,Sentadilla,3,8,69.5,Buen estímulo
1852,2026-01-02,Press de banca,4,2,47.5,Normal
1853,2026-03-16,Fondos lastrados,5,8,126.0,RPE 9
1854,2025-10-24,Dominadas lastradas,4,15,91.5,Normal
1855,2025-09-27,Peso muerto,1,3,74.5,RPE 9
1856,2025-12-29,Fondos lastrados,4,5,13.0,Buena técnica
1857,2025-08-11,Sentadilla,3,11,15.0,RPE 9
1858,2025-12-21,Sentadilla búlgara,1,9,84.0,Pesado
1859,2025-09-09,Hip thrust,2,1,77.5,Buena técnica
1860,2025-12-15,Press francés,2,12,52.0,Fallo cerca
1861,2025-09-09,Curl de bíceps,3,5,53.5,Normal
1862,2025-09-01,Remo con barra,5,14,89.5,RPE 9
1863,2025-08-13,Peso muerto,4,13,60.5,RPE 8
1864,2025-08-27,Press militar,3,6,139.0,RPE 9
1865,2025-12-20,Press militar,1,5,59.0,Pesado
1866,2025-10-09,Curl de bíceps,1,11,53.0,Buen estímulo
1867,2026-07-12,Remo con barra,1,2,15.0,Fácil
1868,2025-07-20,Dominadas lastradas,3,12,86.5,Fácil
1869,2026-06-03,Press francés,2,5,120.5,Normal
1870,2026-06-15,Press de banca,1,11,78.5,Fácil
1871,2025-07-23,Press francés,3,10,112.5,Buena técnica
1872,2026-07-06,Press francés,4,6,56.0,Normal
1873,2026-05-13,Sentadilla,3,12,103.0,Buen estímulo
1874,2026-03-18,Press francés,3,3,94.0,Buena técnica
1875,2025-09-22,Elevaciones laterales,1,15,76.0,Normal
1876,2025-11-18,Peso muerto,5,9,83.0,Normal
1877,2026-01-19,Curl de bíceps,3,6,59.5,Fácil
1878,2025-10-24,Sentadilla búlgara,1,11,12.0,Pesado
1879,2025-11-26,Elevaciones laterales,4,13,85.0,Fácil
1880,2025-09-18,Press de banca,5,3,64.5,Pesado
1881,2025-09-26,Hip thrust,5,14,46.5,Normal
1882,2025-08-26,Remo con barra,2,8,100.5,Fácil
1883,2026-04-03,Hip thrust,1,7,140.5,RPE 9
1884,2026-07-18,Remo con barra,3,11,133.5,Normal
1885,2025-07-30,Elevaciones laterales,2,5,141.5,RPE 9
1886,2026-06-01,Remo con barra,4,15,47.5,RPE 8
1887,2025-11-11,Press de banca,1,7,108.5,Buen estímulo
1888,2025-07-18,Press de banca,4,3,110.0,Fácil
1889,2025-12-24,Elevaciones laterales,4,4,72.0,Buen estímulo
1890,2026-05-03,Fondos lastrados,2,13,90.5,Normal
1891,2026-05-25,Sentadilla,1,4,10.5,Buena técnica
1892,2026-05-19,Sentadilla búlgara,3,8,71.0,Normal
1893,2025-12-19,Dominadas lastradas,2,12,129.0,RPE 9
1894,2026-06-10,Sentadilla,1,7,132.5,RPE 9
1895,2025-07-30,Hip thrust,4,7,25.5,Normal
1896,2026-01-25,Press de banca,4,8,53.5,Buena técnica
1897,2025-11-12,Press de banca,4,6,47.5,Fallo cerca
1898,2026-01-10,Press de banca,1,9,54.0,Pesado
1899,2025-12-29,Sentadilla búlgara,1,10,138.5,Fácil
1900,2025-12-31,Press de banca,1,3,21.5,Pesado
1901,2025-08-28,Press militar,3,14,103.0,Pesado
1902,2025-08-27,Curl de bíceps,1,6,143.5,Fallo cerca
1903,2026-01-16,Press de banca,1,5,133.0,Normal
1904,2026-07-02,Elevaciones laterales,5,12,78.5,Fallo cerca
1905,2025-09-23,Press francés,4,9,77.5,Fácil
1906,2025-10-08,Press francés,1,9,68.5,RPE 9
1907,2025-11-22,Remo con barra,2,14,61.5,Buen estímulo
1908,2026-02-07,Elevaciones laterales,5,2,64.0,Fácil
1909,2026-01-16,Dominadas lastradas,2,8,77.0,RPE 9
1910,2026-07-09,Fondos lastrados,4,11,81.0,RPE 8
1911,2025-12-27,Sentadilla,1,10,80.0,Pesado
1912,2026-02-01,Peso muerto,5,15,71.0,RPE 9
1913,2026-05-11,Sentadilla,3,1,78.0,Fácil
1914,2025-12-21,Press militar,3,3,87.5,Pesado
1915,2025-08-08,Remo con barra,5,10,87.0,RPE 9
1916,2026-06-26,Press militar,2,9,150.0,RPE 8
1917,2026-06-17,Remo con barra,5,3,84.0,Buena técnica
1918,2025-12-03,Elevaciones laterales,2,4,63.0,Fácil
1919,2025-08-26,Hip thrust,5,15,94.0,RPE 8
1920,2025-07-21,Press de banca,3,8,45.0,Normal
1921,2025-10-11,Hip thrust,4,2,136.5,Pesado
1922,2025-11-08,Remo con barra,5,2,39.0,Pesado
1923,2026-05-25,Press militar,4,11,112.5,RPE 9
1924,2026-03-06,Hip thrust,3,11,24.5,Pesado
1925,2025-12-26,Curl de bíceps,2,6,80.5,Normal
1926,2025-11-01,Press francés,4,1,53.5,Fallo cerca
1927,2025-08-23,Remo con barra,3,5,55.0,RPE 8
1928,2026-02-18,Press francés,5,13,31.0,RPE 8
1929,2025-10-31,Press francés,4,3,80.0,RPE 8
1930,2025-08-02,Elevaciones laterales,2,7,75.0,RPE 8
1931,2026-03-07,Press francés,2,3,122.5,Buen estímulo
1932,2026-03-18,Press de banca,5,9,79.0,Pesado
1933,2025-11-09,Sentadilla búlgara,4,13,75.0,RPE 9
1934,2025-12-25,Curl de bíceps,4,1,53.5,Fallo cerca
1935,2026-01-15,Press militar,1,7,50.5,RPE 9
1936,2026-04-15,Hip thrust,3,3,78.5,Normal
1937,2026-05-03,Curl de bíceps,3,10,131.0,Fácil
1938,2026-01-07,Hip thrust,1,5,27.5,Buen estímulo
1939,2025-08-03,Elevaciones laterales,4,11,96.5,Fácil
1940,2025-12-14,Elevaciones laterales,4,12,55.5,Fallo cerca
1941,2026-07-14,Press militar,4,12,147.0,RPE 8
1942,2026-01-03,Sentadilla búlgara,3,10,76.0,Normal
1943,2025-09-09,Press de banca,5,4,63.0,Fácil
1944,2026-06-09,Curl de bíceps,5,2,36.0,Normal
1945,2026-01-08,Elevaciones laterales,2,5,70.5,RPE 8
1946,2025-12-09,Hip thrust,3,6,73.0,Buena técnica
1947,2025-11-10,Peso muerto,5,15,62.0,Buena técnica
1948,2026-03-07,Press francés,4,11,126.0,Normal
1949,2026-03-22,Curl de bíceps,3,5,81.0,Fallo cerca
1950,2025-09-02,Sentadilla,4,6,63.0,Fácil
1951,2025-12-26,Press militar,1,14,73.5,Normal
1952,2026-05-12,Press francés,2,3,21.0,RPE 8
1953,2025-12-02,Press militar,5,5,119.0,Buen estímulo
1954,2026-05-21,Curl de bíceps,5,12,34.5,Pesado
1955,2026-01-14,Peso muerto,1,2,123.0,Normal
1956,2026-03-13,Hip thrust,2,6,103.0,Pesado
1957,2025-08-25,Sentadilla,4,14,84.0,RPE 9
1958,2025-12-17,Fondos lastrados,5,2,29.5,Fallo cerca
1959,2025-10-28,Press francés,5,14,143.0,Buen estímulo
1960,2025-09-30,Fondos lastrados,3,1,91.5,RPE 9
1961,2025-08-10,Peso muerto,5,6,147.5,Normal
1962,2026-05-17,Fondos lastrados,4,1,54.0,Fácil
1963,2026-03-12,Sentadilla búlgara,2,2,140.0,RPE 8
1964,2025-10-04,Remo con barra,5,6,117.0,Buena técnica
1965,2026-05-16,Sentadilla,5,13,78.5,RPE 9
1966,2025-08-07,Remo con barra,1,14,102.5,Buena técnica
1967,2025-11-27,Sentadilla búlgara,3,12,76.0,Normal
1968,2026-06-22,Remo con barra,4,7,110.0,Fácil
1969,2025-12-24,Fondos lastrados,3,11,66.5,Buena técnica
1970,2026-05-24,Elevaciones laterales,4,10,139.5,Buen estímulo
1971,2025-10-19,Sentadilla,4,13,56.5,Fácil
1972,2026-04-30,Fondos lastrados,3,1,63.5,RPE 9
1973,2026-01-18,Press de banca,4,7,61.5,RPE 9
1974,2025-10-10,Remo con barra,5,7,58.5,Buen estímulo
1975,2026-01-29,Press militar,4,5,28.0,Normal
1976,2026-04-29,Dominadas lastradas,2,3,137.5,Fácil
1977,2025-09-13,Elevaciones laterales,4,11,67.5,Buena técnica
1978,2026-06-06,Curl de bíceps,1,11,68.5,RPE 8
1979,2026-04-26,Curl de bíceps,5,6,93.0,Normal
1980,2026-05-07,Remo con barra,1,6,12.0,Buen estímulo
1981,2025-08-09,Press de banca,4,15,58.0,RPE 8
1982,2026-02-11,Sentadilla,2,14,104.5,Buena técnica
1983,2026-01-24,Remo con barra,5,9,39.5,Buena técnica
1984,2025-07-19,Sentadilla,5,4,89.5,RPE 8
1985,2025-11-12,Remo con barra,4,4,97.0,Fácil
1986,2025-07-27,Curl de bíceps,2,1,102.5,Buena técnica
1987,2026-06-23,Press militar,3,4,123.5,RPE 9
1988,2026-01-25,Peso muerto,3,11,45.0,RPE 9
1989,2026-07-16,Sentadilla,2,10,29.5,Normal
1990,2026-05-30,Press de banca,3,14,61.0,Buen estímulo
1991,2025-08-12,Sentadilla,2,11,60.5,RPE 8
1992,2025-08-21,Dominadas lastradas,1,7,97.0,RPE 8
1993,2026-06-26,Remo con barra,5,10,74.5,Normal
1994,2025-12-07,Sentadilla búlgara,5,4,95.0,RPE 8
1995,2025-12-07,Fondos lastrados,5,11,37.5,Buen estímulo
1996,2025-08-02,Hip thrust,5,6,75.5,Fallo cerca
1997,2025-08-30,Fondos lastrados,2,11,44.5,Fácil
1998,2026-04-17,Hip thrust,2,8,88.5,Pesado
1999,2025-12-17,Dominadas lastradas,1,4,144.0,Normal
2000,2026-01-20,Press de banca,2,5,17.5,Buen estímulo
2001,2026-04-07,Peso muerto,3,13,35.5,RPE 8
2002,2026-02-27,Fondos lastrados,2,2,60.5,Fácil
2003,2026-03-18,Sentadilla búlgara,1,12,16.5,RPE 8
2004,2026-02-23,Curl de bíceps,4,8,117.0,Buena técnica
2005,2026-05-11,Remo con barra,3,3,41.0,Buena técnica
2006,2025-11-10,Elevaciones laterales,2,4,35.5,Fallo cerca
2007,2026-04-03,Dominadas lastradas,5,1,121.0,Buena técnica
2008,2026-04-23,Fondos lastrados,4,12,115.5,Pesado
2009,2026-05-25,Sentadilla,3,3,12.5,RPE 8
2010,2026-04-17,Elevaciones laterales,2,1,50.0,Fácil
2011,2025-12-07,Remo con barra,2,6,136.5,Pesado
2012,2025-09-13,Elevaciones laterales,3,6,12.5,RPE 9
2013,2026-03-28,Dominadas lastradas,1,6,57.0,RPE 8
2014,2026-05-07,Sentadilla,3,15,94.5,Normal
2015,2025-07-22,Fondos lastrados,1,15,17.5,RPE 8
2016,2026-01-10,Fondos lastrados,4,11,112.5,Buena técnica
2017,2026-04-07,Peso muerto,1,5,66.0,Pesado
2018,2026-06-29,Press de banca,4,1,86.0,RPE 9
2019,2026-02-22,Remo con barra,1,4,45.5,RPE 8
2020,2026-04-14,Elevaciones laterales,2,3,95.5,Fácil
2021,2026-04-22,Dominadas lastradas,1,5,113.0,RPE 9
2022,2026-01-18,Peso muerto,4,8,70.5,RPE 9
2023,2025-11-04,Press francés,2,3,60.5,RPE 9
2024,2025-11-13,Press francés,1,2,73.5,Pesado
2025,2026-02-26,Dominadas lastradas,3,9,95.5,Buena técnica
2026,2025-07-22,Dominadas lastradas,2,6,89.5,Normal
2027,2025-10-11,Curl de bíceps,3,8,71.0,Fallo cerca
2028,2026-06-15,Press militar,5,15,77.0,Fallo cerca
2029,2025-11-21,Hip thrust,3,13,130.0,RPE 9
2030,2025-11-04,Dominadas lastradas,2,14,93.0,RPE 9
2031,2026-01-05,Sentadilla,5,10,39.0,Fácil
2032,2025-11-24,Sentadilla búlgara,4,2,32.5,RPE 9
2033,2025-07-21,Curl de bíceps,4,14,114.0,RPE 8
2034,2026-03-19,Sentadilla búlgara,1,7,103.0,RPE 8
2035,2026-06-08,Curl de bíceps,2,6,82.5,Normal
2036,2026-04-15,Press de banca,3,12,105.0,RPE 9
2037,2026-03-23,Sentadilla búlgara,3,1,53.0,RPE 8
2038,2025-12-15,Dominadas lastradas,5,10,105.0,Buen estímulo
2039,2025-10-26,Fondos lastrados,2,15,94.0,Buen estímulo
2040,2025-12-03,Sentadilla,4,12,47.0,Fácil
2041,2025-10-01,Fondos lastrados,1,9,55.5,RPE 8
2042,2025-08-04,Sentadilla búlgara,1,10,131.5,Fácil
2043,2026-03-20,Press militar,4,11,132.5,Normal
2044,2026-04-26,Press francés,2,2,39.5,Fácil
2045,2025-12-22,Hip thrust,3,14,107.5,Pesado
2046,2026-06-22,Sentadilla,5,14,40.0,Fácil
2047,2025-12-15,Elevaciones laterales,2,13,118.5,Pesado
2048,2026-04-19,Press francés,3,3,62.0,Fácil
2049,2025-12-17,Peso muerto,1,12,82.0,Buena técnica
2050,2026-04-17,Peso muerto,5,1,67.5,Fallo cerca
2051,2025-09-05,Sentadilla búlgara,2,8,66.5,Buena técnica
2052,2025-12-24,Elevaciones laterales,2,2,114.0,Buena técnica
2053,2026-01-24,Dominadas lastradas,5,14,99.0,Fallo cerca
2054,2026-04-28,Remo con barra,4,11,100.5,RPE 8
2055,2026-04-30,Press de banca,5,12,22.5,Buen estímulo
2056,2026-04-26,Curl de bíceps,1,6,104.5,Fácil
2057,2026-03-24,Press francés,2,4,62.5,Fallo cerca
2058,2026-03-14,Hip thrust,4,4,44.5,Fácil
2059,2025-12-07,Sentadilla búlgara,4,4,127.0,Fallo cerca
2060,2026-01-24,Remo con barra,2,1,136.5,RPE 9
2061,2025-08-02,Peso muerto,1,3,43.0,Fácil
2062,2025-09-18,Sentadilla,5,13,82.5,Fácil
2063,2026-03-22,Press militar,4,4,89.0,Fácil
2064,2026-07-02,Press militar,3,7,136.5,Fallo cerca
2065,2026-06-28,Curl de bíceps,5,3,126.0,RPE 9
2066,2025-09-15,Hip thrust,1,10,126.5,RPE 9
2067,2026-05-17,Press militar,4,4,40.5,Fallo cerca
2068,2026-04-21,Hip thrust,5,11,13.0,Fácil
2069,2025-12-02,Press francés,2,4,79.0,Buen estímulo
2070,2026-06-18,Press militar,1,11,100.0,Pesado
2071,2025-10-23,Sentadilla búlgara,1,7,131.5,Normal
2072,2026-01-16,Sentadilla búlgara,2,6,92.5,Fácil
2073,2025-12-14,Dominadas lastradas,5,10,93.0,Pesado
2074,2025-12-19,Fondos lastrados,2,12,78.5,Pesado
2075,2026-01-30,Press militar,1,5,83.5,Buen estímulo
2076,2026-04-10,Curl de bíceps,2,15,40.5,RPE 8
2077,2025-12-10,Dominadas lastradas,1,12,37.0,RPE 8
2078,2025-08-29,Press francés,1,10,16.5,Pesado
2079,2026-05-22,Peso muerto,5,5,107.5,RPE 8
2080,2026-07-14,Curl de bíceps,4,7,108.5,Fallo cerca
2081,2025-09-11,Fondos lastrados,4,2,25.5,RPE 9
2082,2026-05-30,Remo con barra,1,3,75.5,Buena técnica
2083,2026-02-28,Sentadilla,1,7,100.5,RPE 9
2084,2025-11-16,Remo con barra,3,3,116.0,Buen estímulo
2085,2026-04-26,Dominadas lastradas,4,15,141.0,RPE 9
2086,2025-11-03,Press de banca,3,10,140.0,Buena técnica
2087,2025-07-26,Hip thrust,3,1,57.0,Pesado
2088,2026-07-18,Remo con barra,4,1,128.5,RPE 8
2089,2026-07-02,Elevaciones laterales,2,14,135.5,Normal
2090,2025-07-25,Elevaciones laterales,4,2,134.5,Buena técnica
2091,2025-11-29,Peso muerto,1,14,92.5,Normal
2092,2025-11-12,Sentadilla,1,2,132.0,Fácil
2093,2026-06-06,Fondos lastrados,2,13,135.0,Normal
2094,2026-05-04,Curl de bíceps,1,4,78.5,Normal
2095,2026-07-11,Sentadilla búlgara,4,15,63.5,RPE 8
2096,2026-01-08,Fondos lastrados,2,10,35.5,Buen estímulo
2097,2025-11-05,Sentadilla,1,1,149.0,Pesado
2098,2026-07-03,Elevaciones laterales,2,5,100.0,RPE 9
2099,2026-04-08,Dominadas lastradas,3,11,79.0,RPE 9
2100,2025-09-01,Remo con barra,4,2,102.5,Pesado
2101,2026-07-06,Peso muerto,1,14,118.5,Fácil
2102,2026-05-02,Fondos lastrados,4,5,66.0,RPE 8
2103,2025-12-07,Dominadas lastradas,1,3,127.5,RPE 9
2104,2025-08-06,Press militar,1,14,31.5,RPE 9
2105,2025-09-13,Hip thrust,3,6,46.5,Buena técnica
2106,2026-06-02,Curl de bíceps,1,15,61.5,RPE 8
2107,2026-02-05,Hip thrust,3,6,104.5,RPE 8
2108,2025-09-30,Elevaciones laterales,5,14,120.0,RPE 9
2109,2026-02-03,Press militar,2,15,101.5,Buena técnica
2110,2026-06-15,Sentadilla,3,1,89.5,RPE 8
2111,2026-04-15,Press francés,5,5,30.5,Fácil
2112,2026-07-13,Hip thrust,3,3,133.5,Pesado
2113,2026-03-03,Press militar,4,13,109.5,RPE 9
2114,2026-03-05,Sentadilla búlgara,1,11,27.5,Normal
2115,2026-05-24,Press de banca,2,4,97.0,RPE 9
2116,2026-04-13,Fondos lastrados,5,12,17.0,Fácil
2117,2026-03-01,Sentadilla búlgara,3,6,14.0,RPE 9
2118,2025-12-18,Remo con barra,2,6,67.5,Pesado
2119,2025-08-01,Sentadilla,1,3,61.5,RPE 9
2120,2026-03-19,Fondos lastrados,3,4,114.5,Normal
2121,2025-10-23,Fondos lastrados,2,8,44.5,Fácil
2122,2025-11-21,Press militar,5,12,39.0,Buen estímulo
2123,2026-07-08,Sentadilla búlgara,4,14,138.0,Fácil
2124,2026-01-04,Hip thrust,4,10,101.5,Fallo cerca
2125,2026-03-05,Remo con barra,3,14,128.0,Pesado
2126,2025-09-27,Dominadas lastradas,1,15,15.5,Fácil
2127,2026-04-02,Curl de bíceps,2,2,137.5,Buen estímulo
2128,2026-05-22,Press francés,4,12,92.0,Fallo cerca
2129,2025-07-23,Curl de bíceps,1,9,103.0,Fácil
2130,2025-08-21,Remo con barra,5,8,116.0,Fallo cerca
2131,2025-08-26,Fondos lastrados,5,1,121.5,Buen estímulo
2132,2026-05-02,Sentadilla,3,15,107.0,Normal
2133,2026-05-09,Sentadilla búlgara,4,4,146.5,Fácil
2134,2025-08-27,Fondos lastrados,2,7,57.0,Pesado
2135,2025-11-11,Dominadas lastradas,4,7,86.5,Pesado
2136,2026-05-27,Sentadilla,5,15,148.0,RPE 8
2137,2025-12-16,Press de banca,5,7,46.5,Fallo cerca
2138,2026-04-30,Press francés,4,1,74.0,Pesado
2139,2025-11-19,Hip thrust,3,10,99.0,Fácil
2140,2026-04-29,Elevaciones laterales,2,15,98.0,Fácil
2141,2025-11-29,Press francés,2,9,18.0,Fácil
2142,2026-06-13,Peso muerto,3,9,125.0,RPE 8
2143,2025-09-12,Elevaciones laterales,3,13,12.5,Fácil
2144,2025-10-03,Peso muerto,5,1,42.0,RPE 8
2145,2026-03-07,Fondos lastrados,3,15,86.0,Fácil
2146,2026-02-12,Sentadilla,5,2,59.0,Normal
2147,2025-12-30,Press francés,4,15,95.5,Buena técnica
2148,2025-09-07,Press de banca,1,13,116.5,Fácil
2149,2025-10-12,Press de banca,2,15,131.5,Buen estímulo
2150,2026-01-28,Sentadilla,4,8,125.5,Fallo cerca
2151,2026-02-09,Sentadilla búlgara,2,3,83.5,Buen estímulo
2152,2026-04-14,Press francés,4,2,97.5,Normal
2153,2025-12-04,Sentadilla,2,1,91.5,RPE 8
2154,2025-09-17,Curl de bíceps,1,14,123.0,RPE 9
2155,2025-07-27,Peso muerto,2,7,106.0,Normal
2156,2025-11-24,Peso muerto,3,15,67.0,Fácil
2157,2025-08-20,Dominadas lastradas,4,11,45.0,Buen estímulo
2158,2026-03-26,Dominadas lastradas,2,15,30.0,Buen estímulo
2159,2025-12-22,Peso muerto,1,5,47.5,Pesado
2160,2025-08-06,Press de banca,3,8,23.5,Fallo cerca
2161,2026-02-17,Fondos lastrados,1,2,51.5,Buen estímulo
2162,2026-05-07,Press de banca,1,8,137.0,RPE 8
2163,2026-02-05,Dominadas lastradas,5,14,40.0,Normal
2164,2026-04-11,Remo con barra,5,6,27.0,Pesado
2165,2025-09-28,Dominadas lastradas,3,8,144.5,Fallo cerca
2166,2025-08-24,Press francés,3,1,144.5,Buena técnica
2167,2026-01-04,Sentadilla búlgara,3,7,45.5,RPE 8
2168,2026-06-30,Hip thrust,2,12,146.5,Pesado
2169,2026-07-12,Elevaciones laterales,3,7,98.0,Buena técnica
2170,2025-08-23,Sentadilla búlgara,4,3,102.5,RPE 8
2171,2025-11-22,Curl de bíceps,4,6,43.5,Pesado
2172,2026-02-07,Remo con barra,3,1,101.0,Fallo cerca
2173,2026-05-06,Fondos lastrados,2,1,60.5,Pesado
2174,2026-06-19,Hip thrust,1,6,146.0,RPE 9
2175,2026-06-05,Curl de bíceps,3,9,17.0,RPE 8
2176,2025-08-17,Press de banca,3,1,72.5,Buen estímulo
2177,2026-04-01,Fondos lastrados,2,14,31.5,Pesado
2178,2025-12-24,Press francés,2,11,88.0,RPE 8
2179,2026-04-30,Dominadas lastradas,1,11,42.5,Pesado
2180,2025-07-30,Press francés,4,5,28.5,Fácil
2181,2025-09-30,Hip thrust,1,1,60.5,RPE 9
2182,2026-05-19,Remo con barra,4,9,17.5,Normal
2183,2026-05-17,Peso muerto,3,14,86.5,Normal
2184,2026-06-12,Sentadilla,2,6,108.5,Buen estímulo
2185,2025-10-05,Curl de bíceps,4,12,116.0,Buen estímulo
2186,2026-05-03,Press militar,3,12,30.5,Buena técnica
2187,2025-12-18,Press francés,1,10,123.0,Pesado
2188,2025-09-30,Press militar,4,8,21.0,Fallo cerca
2189,2026-03-20,Curl de bíceps,4,5,143.0,Fácil
2190,2025-12-11,Curl de bíceps,5,3,13.5,Pesado
2191,2025-11-13,Elevaciones laterales,5,12,82.5,Buen estímulo
2192,2025-07-24,Elevaciones laterales,5,14,79.0,RPE 8
2193,2026-06-15,Press de banca,5,9,75.5,Pesado
2194,2025-08-29,Press francés,3,14,84.0,RPE 9
2195,2025-12-25,Hip thrust,1,13,129.0,RPE 8
2196,2026-02-22,Press de banca,4,6,128.5,Buen estímulo
2197,2025-10-27,Curl de bíceps,1,2,39.5,Normal
2198,2026-05-17,Hip thrust,1,4,44.5,Normal
2199,2026-05-26,Dominadas lastradas,4,2,42.5,Fallo cerca
2200,2025-08-18,Hip thrust,1,2,85.5,Fallo cerca
2201,2026-03-10,Elevaciones laterales,1,15,55.0,Buen estímulo
2202,2025-08-02,Sentadilla,1,8,64.5,Buen estímulo
2203,2026-02-21,Fondos lastrados,4,14,144.5,Fácil
2204,2025-08-01,Elevaciones laterales,4,14,54.0,Fallo cerca
2205,2025-09-07,Press militar,1,3,26.0,Fácil
2206,2025-10-12,Fondos lastrados,2,15,63.0,Buen estímulo
2207,2026-07-03,Sentadilla,1,9,129.5,Fallo cerca
2208,2025-07-19,Press de banca,3,5,132.5,Fallo cerca
2209,2025-11-27,Sentadilla búlgara,1,4,86.5,Normal
2210,2026-03-17,Fondos lastrados,1,10,73.0,Buen estímulo
2211,2026-02-18,Remo con barra,4,14,116.0,Buena técnica
2212,2025-08-08,Elevaciones laterales,4,3,70.0,RPE 8
2213,2026-06-01,Peso muerto,1,4,115.0,Pesado
2214,2025-12-23,Dominadas lastradas,3,5,128.0,Normal
2215,2026-04-30,Press francés,3,5,90.5,Buen estímulo
2216,2026-01-11,Dominadas lastradas,1,6,52.5,RPE 9
2217,2025-09-24,Fondos lastrados,5,12,54.5,Pesado
2218,2025-12-06,Curl de bíceps,1,2,106.0,Pesado
2219,2026-01-13,Press de banca,1,4,133.5,Fácil
2220,2026-02-22,Hip thrust,1,15,107.0,RPE 9
2221,2026-02-08,Sentadilla búlgara,3,6,99.5,Buena técnica
2222,2025-10-16,Sentadilla búlgara,2,8,43.0,Fácil
2223,2026-05-30,Elevaciones laterales,2,12,22.0,Fácil
2224,2026-01-01,Elevaciones laterales,5,14,148.5,Fácil
2225,2025-10-24,Press francés,4,9,148.0,Buen estímulo
2226,2025-10-30,Sentadilla,4,2,128.5,Fácil
2227,2026-06-26,Remo con barra,4,1,89.0,Fácil
2228,2025-11-22,Press de banca,3,13,126.5,RPE 8
2229,2025-12-20,Curl de bíceps,2,6,99.0,RPE 8
2230,2026-06-13,Curl de bíceps,1,11,32.0,Buen estímulo
2231,2026-02-01,Peso muerto,5,11,102.0,RPE 9
2232,2026-04-17,Press francés,1,4,57.5,RPE 9
2233,2025-12-12,Peso muerto,3,3,116.5,Buen estímulo
2234,2026-02-05,Elevaciones laterales,1,10,116.0,Buena técnica
2235,2026-05-28,Peso muerto,5,9,143.0,Fácil
2236,2025-10-14,Sentadilla búlgara,5,12,23.5,Pesado
2237,2025-10-08,Press militar,4,12,120.5,RPE 9
2238,2025-12-11,Press francés,3,3,83.0,Normal
2239,2026-05-24,Sentadilla búlgara,5,9,69.5,Buen estímulo
2240,2025-07-28,Press militar,3,15,20.5,Pesado
2241,2025-08-20,Hip thrust,5,9,31.5,Buena técnica
2242,2025-07-27,Elevaciones laterales,4,8,40.5,RPE 9
2243,2025-09-25,Sentadilla búlgara,4,3,34.5,Fallo cerca
2244,2026-03-02,Hip thrust,2,7,144.5,Pesado
2245,2026-03-27,Press de banca,4,10,129.5,Fallo cerca
2246,2025-10-08,Sentadilla,5,9,144.5,Fácil
2247,2025-08-17,Sentadilla búlgara,5,14,42.5,RPE 9
2248,2026-01-12,Remo con barra,2,12,147.0,Pesado
2249,2026-05-09,Curl de bíceps,1,1,145.0,Normal
2250,2026-02-11,Remo con barra,5,5,18.0,RPE 9
2251,2026-07-09,Fondos lastrados,1,6,20.0,Pesado
2252,2026-07-13,Dominadas lastradas,1,11,146.0,Buena técnica
2253,2026-05-10,Peso muerto,4,10,118.5,RPE 9
2254,2025-10-27,Press militar,3,6,81.5,Fallo cerca
2255,2025-11-15,Peso muerto,5,7,140.0,Fallo cerca
2256,2026-02-24,Fondos lastrados,2,9,35.0,Fallo cerca
2257,2025-12-16,Press militar,4,11,56.5,Fácil
2258,2026-07-03,Sentadilla,4,8,130.0,RPE 9
2259,2025-11-05,Fondos lastrados,2,1,107.5,RPE 9
2260,2025-12-18,Sentadilla búlgara,5,10,95.0,RPE 9
2261,2026-02-22,Hip thrust,3,7,29.0,Buena técnica
2262,2025-11-24,Sentadilla búlgara,4,8,126.5,Buena técnica
2263,2026-04-19,Sentadilla búlgara,1,1,143.0,RPE 8
2264,2025-08-12,Press de banca,3,12,15.5,RPE 9
2265,2026-07-10,Press francés,1,14,136.0,Fallo cerca
2266,2026-04-14,Sentadilla,2,5,96.5,Fácil
2267,2026-05-08,Sentadilla búlgara,3,7,75.5,Fácil
2268,2026-01-12,Hip thrust,3,6,31.5,Buena técnica
2269,2026-07-10,Dominadas lastradas,3,9,37.5,Fácil
2270,2026-04-06,Dominadas lastradas,1,7,79.5,RPE 9
2271,2025-08-14,Press francés,5,1,101.0,Fácil
2272,2025-09-29,Press francés,2,10,77.5,Fallo cerca
2273,2026-03-22,Sentadilla,3,11,27.5,Normal
2274,2025-12-27,Remo con barra,3,8,47.5,RPE 8
2275,2026-01-24,Sentadilla búlgara,1,4,88.0,Normal
2276,2025-09-01,Dominadas lastradas,2,9,91.5,RPE 9
2277,2025-11-24,Peso muerto,3,7,44.0,Fácil
2278,2025-12-21,Press de banca,2,11,102.5,RPE 9
2279,2026-01-04,Press militar,1,15,44.0,Pesado
2280,2026-06-29,Press francés,3,5,143.0,RPE 9
2281,2025-12-12,Sentadilla búlgara,3,10,92.5,Normal
2282,2025-12-25,Fondos lastrados,1,3,52.5,Pesado
2283,2026-04-28,Sentadilla búlgara,4,7,122.0,Pesado
2284,2025-10-16,Curl de bíceps,3,2,109.0,RPE 9
2285,2026-07-01,Elevaciones laterales,1,1,103.5,Buen estímulo
2286,2026-04-09,Dominadas lastradas,3,15,12.0,RPE 9
2287,2026-02-23,Elevaciones laterales,2,8,107.5,Normal
2288,2025-09-02,Sentadilla,2,10,74.0,Pesado
2289,2026-01-18,Sentadilla,4,6,74.5,Buena técnica
2290,2026-03-30,Fondos lastrados,3,3,67.5,Fácil
2291,2025-10-14,Dominadas lastradas,3,4,93.5,Fácil
2292,2026-02-24,Press de banca,5,6,116.0,RPE 8
2293,2025-11-24,Press militar,4,11,44.5,Fallo cerca
2294,2025-10-28,Curl de bíceps,1,1,104.0,Normal
2295,2025-12-15,Press francés,5,13,84.5,Fallo cerca
2296,2025-08-01,Press militar,5,11,54.0,Buena técnica
2297,2026-07-08,Elevaciones laterales,3,14,22.0,Fallo cerca
2298,2025-11-24,Dominadas lastradas,3,3,48.0,Buen estímulo
2299,2025-11-01,Sentadilla búlgara,1,13,55.5,RPE 9
2300,2025-09-02,Elevaciones laterales,5,11,84.5,RPE 8
2301,2025-09-20,Hip thrust,3,8,87.5,Fallo cerca
2302,2025-09-04,Press francés,3,2,143.0,RPE 9
2303,2026-03-30,Hip thrust,3,13,68.5,Buen estímulo
2304,2025-08-27,Press militar,1,4,143.0,Buen estímulo
2305,2025-11-18,Sentadilla,2,2,39.5,Buena técnica
2306,2025-12-30,Sentadilla,4,7,147.5,Normal
2307,2025-12-27,Sentadilla búlgara,3,12,24.0,RPE 9
2308,2026-04-18,Peso muerto,5,8,144.0,Pesado
2309,2025-09-24,Sentadilla búlgara,4,9,77.5,RPE 8
2310,2026-04-25,Peso muerto,2,1,140.5,Fallo cerca
2311,2025-07-18,Sentadilla,1,14,138.0,Fallo cerca
2312,2026-06-25,Dominadas lastradas,1,4,135.5,RPE 9
2313,2026-05-20,Elevaciones laterales,5,10,89.5,Buena técnica
2314,2025-12-12,Press militar,1,7,135.0,RPE 8
2315,2026-04-22,Elevaciones laterales,3,7,43.0,RPE 9
2316,2026-07-06,Press francés,5,3,53.5,RPE 8
2317,2026-06-29,Fondos lastrados,2,11,69.5,Fácil
2318,2026-06-05,Fondos lastrados,2,9,97.0,Fácil
2319,2026-03-20,Fondos lastrados,1,14,27.0,Buena técnica
2320,2026-01-20,Fondos lastrados,5,10,91.0,Pesado
2321,2026-04-30,Elevaciones laterales,4,8,29.5,RPE 8
2322,2026-04-06,Fondos lastrados,4,14,133.5,Fallo cerca
2323,2025-10-27,Dominadas lastradas,4,1,39.5,Pesado
2324,2026-05-29,Remo con barra,3,10,56.5,RPE 8
2325,2025-12-25,Hip thrust,2,5,52.5,Fácil
2326,2026-05-14,Press militar,1,10,84.5,RPE 9
2327,2026-07-02,Sentadilla búlgara,5,12,115.0,RPE 8
2328,2026-07-09,Sentadilla búlgara,3,1,84.0,Fácil
2329,2025-07-24,Remo con barra,1,13,89.0,RPE 8
2330,2026-04-30,Press de banca,3,10,33.5,Pesado
2331,2026-01-05,Press militar,5,7,121.0,Fallo cerca
2332,2026-01-27,Press de banca,5,5,142.0,Fácil
2333,2025-08-29,Sentadilla,1,9,68.0,Fácil
2334,2026-04-10,Hip thrust,3,3,112.5,Buen estímulo
2335,2026-02-26,Sentadilla,2,14,121.5,Normal
2336,2025-12-09,Press francés,1,10,28.0,Buen estímulo
2337,2026-06-30,Press militar,5,11,58.5,Pesado
2338,2026-06-16,Press militar,5,15,15.5,RPE 9
2339,2026-07-11,Elevaciones laterales,1,9,104.0,Fácil
2340,2025-08-19,Press de banca,4,13,44.0,Buena técnica
2341,2026-06-01,Sentadilla búlgara,4,2,116.5,Normal
2342,2025-07-31,Fondos lastrados,3,3,131.0,RPE 8
2343,2025-10-20,Dominadas lastradas,5,7,18.0,Normal
2344,2025-09-23,Peso muerto,4,9,142.5,Normal
2345,2025-08-30,Curl de bíceps,1,13,118.5,Normal
2346,2025-09-10,Remo con barra,1,1,14.5,Buen estímulo
2347,2025-09-07,Curl de bíceps,1,13,55.0,RPE 8
2348,2026-04-27,Peso muerto,4,9,50.5,RPE 9
2349,2026-07-04,Peso muerto,3,5,131.0,Pesado
2350,2025-11-26,Peso muerto,1,8,29.5,Buena técnica
2351,2026-07-08,Peso muerto,4,15,35.0,RPE 9
2352,2025-07-21,Hip thrust,5,13,72.0,RPE 8
2353,2026-05-21,Peso muerto,5,7,88.0,Fácil
2354,2025-09-03,Elevaciones laterales,3,8,110.0,Normal
2355,2026-04-10,Fondos lastrados,2,7,124.0,RPE 9
2356,2025-09-04,Remo con barra,1,12,44.0,RPE 8
2357,2025-07-26,Curl de bíceps,1,15,96.0,Pesado
2358,2025-07-25,Press francés,4,13,48.5,Fácil
2359,2025-09-28,Sentadilla,1,6,59.0,Fallo cerca
2360,2026-04-02,Press de banca,3,3,35.5,Fácil
2361,2026-02-16,Press francés,2,9,98.5,RPE 9
2362,2025-12-22,Press militar,2,8,96.0,Fallo cerca
2363,2025-07-31,Hip thrust,2,9,35.5,Buen estímulo
2364,2026-03-10,Hip thrust,2,13,45.5,Buen estímulo
2365,2026-06-01,Curl de bíceps,4,7,85.5,Fallo cerca
2366,2026-05-07,Dominadas lastradas,3,6,112.5,Buen estímulo
2367,2025-09-26,Dominadas lastradas,4,14,131.5,Pesado
2368,2026-01-14,Remo con barra,3,13,91.5,Pesado
2369,2025-09-11,Curl de bíceps,3,8,71.5,Buena técnica
2370,2026-06-14,Press de banca,2,7,28.5,Normal
2371,2025-09-26,Press francés,4,11,75.5,RPE 8
2372,2026-06-07,Hip thrust,5,9,81.5,Pesado
2373,2025-12-21,Fondos lastrados,5,14,113.0,Fallo cerca
2374,2026-04-15,Sentadilla búlgara,5,1,27.5,Buen estímulo
2375,2025-07-22,Dominadas lastradas,5,11,139.0,Buena técnica
2376,2025-07-28,Fondos lastrados,5,12,82.5,Fácil
2377,2026-02-24,Peso muerto,1,14,125.0,Fallo cerca
2378,2026-03-20,Press de banca,2,1,24.5,Pesado
2379,2026-06-15,Fondos lastrados,1,3,69.5,Buena técnica
2380,2025-11-02,Fondos lastrados,3,6,29.0,Normal
2381,2025-12-30,Elevaciones laterales,2,4,116.5,Buen estímulo
2382,2026-02-04,Press de banca,2,13,13.0,Normal
2383,2025-11-02,Hip thrust,1,5,14.5,Pesado
2384,2026-01-08,Fondos lastrados,4,4,39.5,RPE 8
2385,2025-11-27,Elevaciones laterales,4,11,123.0,Pesado
2386,2026-03-16,Press militar,2,2,15.0,RPE 9
2387,2025-11-01,Curl de bíceps,3,11,30.0,Fácil
2388,2025-08-03,Press de banca,5,8,52.5,Buen estímulo
2389,2025-12-26,Dominadas lastradas,2,6,57.5,Normal
2390,2026-01-16,Press militar,5,5,27.0,Buen estímulo
2391,2025-08-14,Elevaciones laterales,5,3,60.0,Fácil
2392,2026-03-30,Curl de bíceps,2,6,24.0,Pesado
2393,2026-02-14,Peso muerto,2,13,121.0,RPE 9
2394,2026-01-01,Sentadilla búlgara,4,7,75.0,RPE 8
2395,2025-12-07,Sentadilla búlgara,2,7,106.0,Pesado
2396,2026-05-10,Sentadilla,4,9,74.0,RPE 8
2397,2026-02-06,Curl de bíceps,1,9,31.0,Fallo cerca
2398,2026-02-01,Remo con barra,4,14,31.5,RPE 8
2399,2026-07-01,Press de banca,1,10,33.5,Fallo cerca
2400,2026-01-18,Curl de bíceps,1,2,91.5,RPE 9
2401,2026-03-06,Curl de bíceps,4,6,15.0,Pesado
2402,2025-12-03,Press militar,5,7,55.0,Pesado
2403,2025-09-18,Hip thrust,4,15,75.5,RPE 9
2404,2026-02-04,Remo con barra,2,7,135.0,RPE 9
2405,2026-02-04,Press de banca,5,4,39.5,Fallo cerca
2406,2026-06-13,Peso muerto,2,15,128.0,Fallo cerca
2407,2026-05-19,Hip thrust,3,2,149.0,RPE 8
2408,2025-10-01,Elevaciones laterales,5,7,64.0,RPE 8
2409,2026-04-19,Hip thrust,1,15,129.0,Pesado
2410,2025-08-02,Press militar,1,10,123.0,Normal
2411,2026-04-04,Press de banca,3,8,103.5,Buena técnica
2412,2025-10-13,Sentadilla,2,15,73.5,Buen estímulo
2413,2026-04-18,Press francés,5,9,60.5,Normal
2414,2025-09-28,Sentadilla búlgara,2,13,49.0,RPE 9
2415,2025-08-31,Dominadas lastradas,1,13,107.5,RPE 9
2416,2025-10-11,Elevaciones laterales,2,6,96.0,RPE 8
2417,2026-03-20,Sentadilla,4,3,112.0,Fallo cerca
2418,2025-08-26,Elevaciones laterales,1,3,102.5,RPE 8
2419,2026-03-03,Remo con barra,2,6,36.5,Pesado
2420,2026-04-23,Sentadilla,5,2,113.5,RPE 8
2421,2026-05-13,Hip thrust,3,1,79.0,Buen estímulo
2422,2025-12-24,Peso muerto,1,7,32.5,RPE 8
2423,2025-10-10,Peso muerto,3,10,148.5,Pesado
2424,2026-06-06,Remo con barra,2,6,37.5,Pesado
2425,2026-05-15,Elevaciones laterales,3,6,17.0,Buena técnica
2426,2026-06-12,Dominadas lastradas,4,15,29.5,RPE 9
2427,2025-08-16,Hip thrust,2,12,87.0,Pesado
2428,2026-07-12,Press de banca,3,12,90.0,Buen estímulo
2429,2025-12-24,Hip thrust,1,15,85.5,Pesado
2430,2025-11-05,Remo con barra,2,8,147.5,Normal
2431,2025-08-20,Sentadilla,1,2,100.0,Buena técnica
2432,2026-01-17,Peso muerto,3,6,10.5,Fácil
2433,2025-09-03,Hip thrust,2,6,29.5,Pesado
2434,2025-07-29,Press francés,5,15,17.5,RPE 9
2435,2025-10-03,Press militar,1,14,14.0,RPE 8
2436,2026-06-29,Fondos lastrados,3,6,69.5,RPE 9
2437,2025-08-23,Press francés,5,12,109.5,Normal
2438,2025-08-11,Fondos lastrados,1,7,13.5,Fallo cerca
2439,2025-08-24,Press de banca,2,10,61.5,Buen estímulo
2440,2025-11-13,Elevaciones laterales,3,11,49.5,RPE 8
2441,2026-01-08,Sentadilla,3,3,83.0,RPE 8
2442,2026-01-15,Elevaciones laterales,2,1,46.0,Buen estímulo
2443,2025-12-11,Dominadas lastradas,3,13,78.5,Pesado
2444,2026-05-08,Dominadas lastradas,2,11,19.0,RPE 9
2445,2026-03-29,Peso muerto,5,7,46.0,Fácil
2446,2025-11-28,Sentadilla búlgara,1,10,37.0,Buen estímulo
2447,2026-06-24,Fondos lastrados,1,6,78.0,Fácil
2448,2026-04-24,Press francés,3,15,96.5,Normal
2449,2025-09-04,Press militar,5,9,131.5,Fácil
2450,2025-07-29,Press de banca,1,13,55.0,Buen estímulo
2451,2026-03-19,Elevaciones laterales,5,1,42.0,Fallo cerca
2452,2025-08-28,Press militar,4,5,45.5,Buena técnica
2453,2026-01-04,Press francés,1,11,33.5,Normal
2454,2026-04-16,Remo con barra,5,5,86.0,Pesado
2455,2025-08-14,Elevaciones laterales,1,3,57.0,Fácil
2456,2026-02-18,Peso muerto,5,13,122.5,Fácil
2457,2026-04-23,Curl de bíceps,2,8,104.5,Normal
2458,2026-02-07,Hip thrust,1,8,89.5,RPE 9
2459,2025-12-08,Peso muerto,3,3,40.0,Pesado
2460,2026-01-02,Elevaciones laterales,5,12,55.0,Fácil
2461,2025-10-09,Press francés,4,3,120.5,Normal
2462,2025-11-09,Curl de bíceps,1,13,138.5,Pesado
2463,2025-08-31,Remo con barra,5,11,72.0,RPE 9
2464,2026-04-13,Dominadas lastradas,5,7,96.5,Fácil
2465,2026-01-27,Press de banca,4,7,52.5,Buen estímulo
2466,2025-09-23,Sentadilla,4,10,115.5,Normal
2467,2026-01-20,Fondos lastrados,3,3,14.0,RPE 9
2468,2026-05-30,Press militar,4,2,70.5,Normal
2469,2026-06-17,Peso muerto,1,9,94.0,Normal
2470,2025-07-20,Press militar,2,15,77.5,Buena técnica
2471,2025-08-05,Press de banca,4,9,32.5,Buen estímulo
2472,2025-10-28,Dominadas lastradas,4,8,30.5,Buena técnica
2473,2025-10-30,Fondos lastrados,5,12,127.5,Fallo cerca
2474,2025-09-19,Press francés,2,11,70.5,RPE 8
2475,2026-07-06,Sentadilla búlgara,4,12,74.0,RPE 8
2476,2025-10-12,Remo con barra,5,1,75.0,Pesado
2477,2026-03-17,Sentadilla búlgara,5,9,103.0,Buena técnica
2478,2026-03-04,Sentadilla,3,10,93.0,Pesado
2479,2026-02-10,Remo con barra,1,6,86.0,Normal
2480,2026-06-11,Sentadilla búlgara,3,4,23.5,RPE 8
2481,2026-01-12,Sentadilla búlgara,2,10,24.0,RPE 9
2482,2025-08-15,Press de banca,2,15,65.5,Fallo cerca
2483,2025-08-30,Hip thrust,2,2,54.0,Fácil
2484,2026-04-14,Press militar,3,14,17.5,Pesado
2485,2025-09-17,Fondos lastrados,3,7,92.0,Fácil
2486,2026-01-31,Press de banca,4,15,50.0,RPE 8
2487,2026-01-17,Fondos lastrados,5,15,12.5,RPE 8
2488,2025-09-06,Remo con barra,3,5,134.0,RPE 8
2489,2026-02-02,Press de banca,1,12,52.0,RPE 8
2490,2026-03-04,Hip thrust,5,4,58.0,Fallo cerca
2491,2026-04-21,Press militar,1,5,10.0,Pesado
2492,2025-11-07,Hip thrust,4,9,44.0,Buen estímulo
2493,2025-09-24,Hip thrust,2,1,110.0,Buena técnica
2494,2026-03-01,Fondos lastrados,3,9,126.0,Pesado
2495,2025-12-28,Elevaciones laterales,4,11,99.0,Fallo cerca
2496,2025-12-10,Press militar,3,2,46.5,RPE 9
2497,2026-07-18,Remo con barra,3,8,40.5,Normal
2498,2026-02-22,Press militar,4,8,144.0,Buena técnica
2499,2026-06-18,Remo con barra,4,11,23.0,Buena técnica
2500,2025-10-03,Sentadilla,2,12,64.0,Normal
2501,2026-06-27,Remo con barra,4,5,106.5,RPE 8
2502,2025-10-15,Hip thrust,1,8,95.0,Buena técnica
2503,2026-03-28,Dominadas lastradas,3,8,141.0,Fallo cerca
2504,2025-12-22,Fondos lastrados,5,4,81.5,Buen estímulo
2505,2025-11-12,Remo con barra,3,5,135.0,Buena técnica
2506,2025-10-30,Elevaciones laterales,2,7,135.0,Normal
2507,2025-09-28,Dominadas lastradas,3,12,113.5,Pesado
2508,2026-02-17,Sentadilla,3,2,118.0,RPE 9
2509,2026-01-12,Sentadilla búlgara,2,3,18.0,RPE 9
2510,2026-03-09,Hip thrust,2,6,98.5,RPE 9
2511,2026-07-09,Dominadas lastradas,2,10,97.0,Fallo cerca
2512,2025-09-16,Press francés,1,9,106.0,RPE 9
2513,2026-05-20,Sentadilla búlgara,2,12,135.0,Pesado
2514,2026-04-06,Sentadilla,5,13,146.5,Fallo cerca
2515,2026-03-24,Sentadilla búlgara,4,8,34.0,Fallo cerca
2516,2025-12-31,Hip thrust,1,2,35.5,Buena técnica
2517,2025-09-03,Fondos lastrados,5,3,128.0,Fácil
2518,2026-05-12,Elevaciones laterales,1,15,103.5,Normal
2519,2025-12-07,Press francés,2,15,65.0,Fácil
2520,2026-04-06,Fondos lastrados,5,6,41.0,Buen estímulo
2521,2026-06-29,Remo con barra,3,13,33.0,Normal
2522,2026-01-23,Curl de bíceps,4,1,112.0,RPE 8
2523,2026-05-05,Hip thrust,1,1,24.5,Pesado
2524,2025-10-03,Curl de bíceps,3,6,31.5,RPE 8
2525,2025-10-07,Press de banca,5,4,62.0,Normal
2526,2025-10-01,Elevaciones laterales,5,4,84.0,Normal
2527,2026-07-04,Fondos lastrados,5,1,17.0,Normal
2528,2025-10-21,Hip thrust,4,7,70.5,RPE 8
2529,2025-09-27,Hip thrust,5,4,142.5,RPE 9
2530,2026-06-21,Press francés,5,13,136.5,Normal
2531,2025-12-14,Sentadilla,4,12,105.0,Pesado
2532,2026-02-07,Dominadas lastradas,2,2,76.0,Buena técnica
2533,2025-11-19,Press de banca,5,1,140.0,Fácil
2534,2026-04-12,Elevaciones laterales,2,13,129.5,Normal
2535,2026-02-23,Curl de bíceps,1,6,18.5,Buena técnica
2536,2025-11-21,Press militar,4,11,31.5,Fácil
2537,2026-06-08,Dominadas lastradas,3,2,41.5,Fácil
2538,2026-04-15,Sentadilla búlgara,4,7,49.0,Normal
2539,2026-01-04,Remo con barra,4,10,136.0,Fácil
2540,2026-04-19,Dominadas lastradas,4,9,148.5,Fácil
2541,2025-12-14,Curl de bíceps,4,6,63.5,RPE 9
2542,2025-07-26,Peso muerto,1,1,126.5,Fácil
2543,2026-06-15,Elevaciones laterales,2,7,120.0,Fallo cerca
2544,2025-09-16,Remo con barra,3,6,93.5,Fallo cerca
2545,2025-08-26,Elevaciones laterales,4,14,80.5,Buen estímulo
2546,2026-02-28,Peso muerto,2,3,86.0,Fallo cerca
2547,2025-10-09,Fondos lastrados,3,1,20.0,Pesado
2548,2026-02-23,Sentadilla búlgara,1,6,79.5,Fácil
2549,2026-01-05,Curl de bíceps,5,3,16.0,Fácil
2550,2026-05-03,Peso muerto,2,1,13.0,Fallo cerca
2551,2026-03-31,Press francés,5,14,127.5,Fallo cerca
2552,2026-07-01,Sentadilla,1,12,37.5,Fallo cerca
2553,2025-09-25,Remo con barra,3,15,110.5,RPE 8
2554,2025-08-20,Press de banca,5,10,105.5,Buen estímulo
2555,2026-06-07,Fondos lastrados,1,6,135.5,Fallo cerca
2556,2025-12-28,Dominadas lastradas,2,14,67.5,RPE 8
2557,2025-08-24,Fondos lastrados,5,6,12.0,Buen estímulo
2558,2026-07-11,Remo con barra,3,11,94.0,Pesado
2559,2025-07-29,Remo con barra,5,9,16.5,Fácil
2560,2026-02-18,Press de banca,5,13,62.5,Fácil
2561,2025-10-29,Dominadas lastradas,4,12,28.0,Buen estímulo
2562,2025-10-29,Press francés,1,2,116.5,Normal
2563,2025-11-16,Curl de bíceps,1,9,34.0,Fácil
2564,2026-07-05,Remo con barra,1,2,52.0,RPE 9
2565,2025-09-29,Press francés,1,15,19.5,Fallo cerca
2566,2025-12-09,Sentadilla,5,11,103.0,Normal
2567,2026-02-22,Press francés,4,9,16.0,Fallo cerca
2568,2025-09-20,Curl de bíceps,3,7,112.0,RPE 8
2569,2025-07-20,Press francés,4,5,71.5,Fallo cerca
2570,2026-05-10,Elevaciones laterales,5,12,141.0,Pesado
2571,2026-07-04,Press militar,2,8,144.0,RPE 9
2572,2026-05-17,Hip thrust,2,6,48.5,Buena técnica
2573,2026-01-14,Hip thrust,5,14,24.0,RPE 9
2574,2026-01-05,Press militar,4,12,45.5,RPE 9
2575,2026-04-04,Press de banca,2,6,31.5,Fácil
2576,2026-05-06,Fondos lastrados,2,1,82.0,RPE 9
2577,2025-08-24,Elevaciones laterales,1,8,38.5,RPE 8
2578,2026-01-10,Dominadas lastradas,1,7,40.0,Pesado
2579,2025-09-26,Sentadilla búlgara,3,1,20.0,Buen estímulo
2580,2026-05-24,Dominadas lastradas,1,6,21.5,Pesado
2581,2025-11-01,Peso muerto,5,3,103.0,RPE 9
2582,2025-08-22,Remo con barra,2,14,112.0,RPE 8
2583,2026-04-15,Curl de bíceps,2,3,23.0,Fallo cerca
2584,2026-01-23,Press de banca,1,10,104.5,Normal
2585,2025-10-07,Press de banca,2,7,107.5,RPE 8
2586,2026-01-08,Peso muerto,4,9,83.0,Buena técnica
2587,2026-06-18,Curl de bíceps,4,9,33.5,RPE 8
2588,2025-08-29,Hip thrust,3,12,13.5,Fallo cerca
2589,2025-09-16,Curl de bíceps,1,2,77.5,Buena técnica
2590,2025-09-10,Peso muerto,5,4,144.5,Pesado
2591,2025-12-19,Sentadilla,1,9,122.0,Fácil
2592,2025-12-13,Press militar,2,15,97.5,Normal
2593,2025-12-08,Remo con barra,2,15,125.0,Fallo cerca
2594,2025-09-28,Sentadilla búlgara,4,7,116.0,Buena técnica
2595,2026-03-28,Peso muerto,5,14,129.5,Fallo cerca
2596,2025-10-01,Press militar,1,10,86.0,Pesado
2597,2026-05-27,Remo con barra,3,5,65.5,Buen estímulo
2598,2025-09-03,Elevaciones laterales,4,10,83.0,Fallo cerca
2599,2025-07-31,Sentadilla búlgara,5,10,11.5,Normal
2600,2026-03-11,Curl de bíceps,5,9,76.0,Buena técnica
2601,2026-03-19,Press francés,4,13,25.0,Fácil
2602,2025-12-05,Press francés,2,11,12.5,Fácil
2603,2025-09-04,Sentadilla búlgara,1,7,84.5,RPE 8
2604,2026-01-22,Remo con barra,3,13,42.0,Normal
2605,2025-10-22,Peso muerto,2,15,13.5,Buena técnica
2606,2026-04-23,Elevaciones laterales,5,11,60.0,Pesado
2607,2025-10-20,Hip thrust,3,12,118.0,Fallo cerca
2608,2026-03-01,Sentadilla,1,13,120.5,Pesado
2609,2025-11-17,Press francés,2,12,118.5,RPE 8
2610,2025-11-30,Sentadilla,3,8,39.5,Fácil
2611,2026-02-11,Curl de bíceps,3,10,113.0,Buena técnica
2612,2025-10-15,Dominadas lastradas,5,11,66.0,Fácil
2613,2025-12-24,Dominadas lastradas,2,4,129.0,Fallo cerca
2614,2026-01-10,Press de banca,5,1,103.5,RPE 8
2615,2025-11-04,Remo con barra,2,12,148.5,Fácil
2616,2025-09-08,Dominadas lastradas,1,11,48.0,RPE 8
2617,2026-05-10,Press militar,5,3,111.5,Buena técnica
2618,2026-04-12,Peso muerto,5,14,87.5,RPE 9
2619,2026-07-06,Press de banca,3,12,112.5,Fallo cerca
2620,2026-07-09,Sentadilla,2,3,67.0,Fallo cerca
2621,2026-02-28,Sentadilla búlgara,1,8,49.5,Buena técnica
2622,2026-02-07,Sentadilla,3,5,119.5,Fallo cerca
2623,2025-09-24,Remo con barra,3,2,142.0,Buena técnica
2624,2026-01-14,Elevaciones laterales,5,10,53.0,RPE 8
2625,2026-05-17,Sentadilla,2,3,90.5,RPE 9
2626,2025-11-15,Press militar,2,7,49.0,Buena técnica
2627,2026-02-23,Sentadilla,2,8,79.0,Fallo cerca
2628,2025-08-18,Press francés,2,15,117.5,Buena técnica
2629,2026-05-06,Sentadilla búlgara,5,1,84.0,Fácil
2630,2025-12-17,Curl de bíceps,2,2,106.5,RPE 9
2631,2026-03-19,Sentadilla búlgara,2,7,143.0,Pesado
2632,2026-06-29,Sentadilla,3,11,55.5,RPE 9
2633,2026-02-10,Sentadilla,1,15,97.0,Pesado
2634,2026-01-20,Elevaciones laterales,3,3,36.0,Buena técnica
2635,2025-10-08,Press de banca,3,2,36.0,Pesado
2636,2026-02-28,Peso muerto,5,15,131.5,RPE 9
2637,2025-10-04,Press militar,3,13,35.5,Buena técnica
2638,2026-03-31,Curl de bíceps,2,11,50.0,Fácil
2639,2025-11-29,Press de banca,3,7,49.0,Fallo cerca
2640,2026-02-08,Curl de bíceps,4,12,51.0,RPE 8
2641,2026-05-12,Press de banca,3,8,72.0,Fallo cerca
2642,2025-08-30,Press francés,2,8,13.0,RPE 8
2643,2025-08-24,Dominadas lastradas,5,6,90.0,Fácil
2644,2025-09-27,Elevaciones laterales,4,9,49.5,Fallo cerca
2645,2026-05-07,Sentadilla,4,6,122.5,Pesado
2646,2026-01-25,Hip thrust,4,6,29.5,Fallo cerca
2647,2026-03-28,Press militar,4,15,37.5,Buena técnica
2648,2025-11-22,Press de banca,3,2,39.0,Buen estímulo
2649,2025-12-02,Press francés,5,6,120.0,Fallo cerca
2650,2026-06-21,Sentadilla,5,8,100.0,Fallo cerca
2651,2026-01-22,Elevaciones laterales,4,6,26.0,Fallo cerca
2652,2026-01-18,Sentadilla búlgara,4,15,54.5,Fácil
2653,2025-09-05,Remo con barra,1,11,51.5,Fácil
2654,2025-12-31,Press francés,4,7,14.5,Fallo cerca
2655,2025-08-18,Sentadilla búlgara,5,13,31.0,Normal
2656,2025-09-06,Sentadilla,4,15,35.0,Buena técnica
2657,2026-05-26,Hip thrust,5,12,119.5,Fallo cerca
2658,2025-11-20,Fondos lastrados,5,13,63.5,Buena técnica
2659,2026-03-02,Press de banca,4,8,108.5,RPE 8
2660,2026-06-04,Dominadas lastradas,1,4,99.0,RPE 8
2661,2025-08-29,Peso muerto,2,12,91.0,Fácil
2662,2026-07-12,Peso muerto,4,3,146.5,Normal
2663,2026-05-01,Remo con barra,4,1,19.0,Pesado
2664,2025-12-19,Peso muerto,1,6,19.5,Normal
2665,2026-06-08,Curl de bíceps,4,2,111.5,Normal
2666,2026-05-21,Press militar,4,1,61.0,Pesado
2667,2025-08-31,Remo con barra,5,15,19.5,Fallo cerca
2668,2025-10-18,Press militar,2,6,47.0,Normal
2669,2026-04-18,Sentadilla,3,8,103.5,Fácil
2670,2025-12-24,Press de banca,1,7,110.0,Pesado
2671,2025-12-22,Press de banca,1,13,92.0,Buena técnica
2672,2025-12-31,Fondos lastrados,2,10,41.0,Pesado
2673,2025-09-16,Dominadas lastradas,3,4,10.5,Fácil
2674,2026-02-08,Press francés,4,11,132.5,Buena técnica
2675,2025-12-13,Press francés,1,2,106.0,Fallo cerca
2676,2025-08-03,Hip thrust,5,12,19.0,Buen estímulo
2677,2025-10-16,Peso muerto,3,4,95.0,RPE 8
2678,2025-08-31,Elevaciones laterales,4,1,138.5,Pesado
2679,2026-05-29,Press militar,4,9,138.0,Pesado
2680,2026-01-06,Dominadas lastradas,2,13,68.5,Fallo cerca
2681,2026-05-07,Press francés,4,6,16.0,Buena técnica
2682,2026-01-05,Elevaciones laterales,4,6,84.5,RPE 9
2683,2026-01-31,Dominadas lastradas,5,15,134.0,RPE 8
2684,2025-12-05,Press francés,5,3,21.0,Buen estímulo
2685,2026-03-26,Hip thrust,5,2,84.0,RPE 9
2686,2026-06-13,Sentadilla búlgara,5,7,129.0,Pesado
2687,2025-11-20,Fondos lastrados,5,2,14.0,RPE 8
2688,2026-05-05,Hip thrust,4,13,116.5,RPE 8
2689,2026-06-28,Press francés,1,14,46.5,Fácil
2690,2025-11-05,Elevaciones laterales,4,5,123.0,Buena técnica
2691,2025-10-27,Fondos lastrados,3,3,76.0,Buen estímulo
2692,2025-08-18,Fondos lastrados,1,13,30.5,Buena técnica
2693,2026-05-21,Sentadilla,3,15,37.5,RPE 9
2694,2025-11-21,Press francés,2,10,15.0,Buena técnica
2695,2025-07-29,Press militar,3,3,53.5,Buen estímulo
2696,2026-03-13,Press de banca,5,12,21.0,Fallo cerca
2697,2026-06-02,Sentadilla,2,10,92.5,Buena técnica
2698,2025-08-31,Peso muerto,1,3,139.0,Pesado
2699,2025-08-07,Fondos lastrados,5,12,94.5,Buen estímulo
2700,2026-07-05,Press de banca,5,8,138.0,RPE 8
2701,2025-07-25,Sentadilla,4,9,67.0,RPE 9
2702,2026-02-06,Sentadilla búlgara,3,7,100.0,RPE 8
2703,2025-11-04,Remo con barra,4,12,104.0,Buena técnica
2704,2025-12-15,Dominadas lastradas,3,9,140.0,RPE 8
2705,2026-01-30,Peso muerto,1,9,129.0,Buena técnica
2706,2026-03-12,Peso muerto,2,6,137.0,RPE 9
2707,2026-04-19,Remo con barra,4,4,100.0,Buen estímulo
2708,2026-04-27,Sentadilla,5,6,66.5,Pesado
2709,2026-05-14,Remo con barra,5,14,67.5,Buen estímulo
2710,2026-04-11,Sentadilla búlgara,4,9,16.5,RPE 8
2711,2026-02-03,Press de banca,5,4,139.0,Normal
2712,2025-12-23,Dominadas lastradas,2,13,71.5,RPE 8
2713,2025-11-08,Press francés,3,15,100.5,RPE 9
2714,2026-01-22,Dominadas lastradas,3,14,117.0,Buena técnica
2715,2025-09-23,Sentadilla búlgara,3,15,74.5,Normal
2716,2026-01-16,Sentadilla,2,1,117.5,Pesado
2717,2026-01-26,Press francés,3,3,135.0,Fácil
2718,2026-07-17,Hip thrust,3,13,69.5,Fácil
2719,2026-05-11,Remo con barra,3,3,100.5,Fallo cerca
2720,2026-01-12,Fondos lastrados,2,7,77.5,Normal
2721,2026-02-10,Sentadilla,3,11,129.5,Normal
2722,2025-09-10,Dominadas lastradas,2,9,11.5,Normal
2723,2026-02-26,Press militar,2,15,31.0,RPE 9
2724,2026-03-26,Sentadilla,2,2,32.5,Buen estímulo
2725,2025-12-24,Elevaciones laterales,1,15,35.0,Fácil
2726,2025-08-11,Remo con barra,5,11,144.0,RPE 9
2727,2025-10-11,Remo con barra,1,2,33.0,Fallo cerca
2728,2026-04-25,Elevaciones laterales,4,9,51.5,Fallo cerca
2729,2026-03-22,Hip thrust,3,2,20.5,RPE 8
2730,2026-03-18,Press de banca,4,15,138.5,Pesado
2731,2026-03-30,Elevaciones laterales,2,11,12.0,RPE 9
2732,2026-07-06,Elevaciones laterales,5,12,72.5,RPE 8
2733,2025-09-23,Sentadilla búlgara,4,9,76.5,RPE 8
2734,2025-11-08,Elevaciones laterales,5,1,98.5,RPE 9
2735,2026-04-01,Elevaciones laterales,4,8,130.5,Buen estímulo
2736,2025-12-17,Elevaciones laterales,5,1,111.0,Fácil
2737,2025-11-08,Peso muerto,5,9,71.0,Normal
2738,2026-04-30,Press francés,3,1,148.0,Pesado
2739,2026-07-08,Elevaciones laterales,4,9,41.0,Pesado
2740,2025-09-14,Hip thrust,1,12,90.0,Buen estímulo
2741,2026-03-29,Peso muerto,5,10,58.0,Fallo cerca
2742,2026-04-22,Elevaciones laterales,5,3,16.5,Buen estímulo
2743,2025-11-24,Fondos lastrados,5,4,106.0,RPE 8
2744,2025-10-24,Remo con barra,5,15,76.5,Buen estímulo
2745,2026-03-31,Press de banca,5,1,104.5,Buen estímulo
2746,2026-05-30,Sentadilla búlgara,5,10,67.0,Buena técnica
2747,2025-10-24,Peso muerto,2,13,12.0,RPE 8
2748,2026-06-26,Press militar,2,3,117.5,Buena técnica
2749,2025-12-19,Press francés,5,5,27.5,Fácil
2750,2025-09-16,Remo con barra,2,14,38.0,RPE 8
2751,2025-08-21,Remo con barra,3,5,79.5,RPE 9
2752,2026-04-12,Remo con barra,1,15,66.0,RPE 8
2753,2026-05-31,Press de banca,1,4,51.5,Pesado
2754,2026-01-02,Hip thrust,4,10,94.5,Fallo cerca
2755,2026-01-30,Curl de bíceps,4,3,51.0,RPE 9
2756,2026-06-16,Remo con barra,1,3,74.5,RPE 9
2757,2026-03-06,Dominadas lastradas,1,15,48.5,RPE 9
2758,2025-07-19,Hip thrust,2,6,82.0,RPE 9
2759,2026-02-16,Fondos lastrados,4,7,56.0,Buena técnica
2760,2026-01-30,Remo con barra,2,15,68.5,RPE 9
2761,2025-08-14,Fondos lastrados,5,7,69.5,Buen estímulo
2762,2025-07-27,Fondos lastrados,3,1,13.5,Fácil
2763,2025-12-12,Curl de bíceps,1,5,19.5,Normal
2764,2026-02-12,Press francés,5,13,38.0,Buen estímulo
2765,2026-04-09,Sentadilla búlgara,2,1,111.0,RPE 9
2766,2026-04-25,Fondos lastrados,3,7,115.0,Buena técnica
2767,2025-11-04,Press militar,5,2,37.0,RPE 9
2768,2026-03-22,Press de banca,1,15,78.0,Fallo cerca
2769,2026-02-05,Curl de bíceps,3,6,142.0,RPE 9
2770,2025-10-03,Remo con barra,3,12,135.5,Fácil
2771,2025-11-06,Press de banca,5,10,44.5,Normal
2772,2025-12-11,Fondos lastrados,2,5,147.5,RPE 9
2773,2026-07-18,Hip thrust,1,9,149.0,Buena técnica
2774,2025-10-04,Curl de bíceps,3,15,64.5,Pesado
2775,2026-04-01,Peso muerto,1,11,65.0,Buen estímulo
2776,2026-06-02,Press militar,2,1,41.0,Fallo cerca
2777,2026-03-14,Fondos lastrados,4,7,38.0,RPE 8
2778,2026-05-23,Dominadas lastradas,4,15,68.0,Buen estímulo
2779,2026-02-04,Peso muerto,3,12,16.5,Pesado
2780,2025-10-29,Hip thrust,4,11,142.0,Pesado
2781,2026-01-26,Fondos lastrados,4,5,124.0,Normal
2782,2026-04-21,Press de banca,4,15,123.0,Buena técnica
2783,2025-10-28,Press de banca,5,3,78.0,Buen estímulo
2784,2025-12-14,Sentadilla,3,12,15.0,RPE 9
2785,2026-06-12,Press militar,3,15,96.0,RPE 8
2786,2026-04-15,Sentadilla búlgara,5,11,80.0,Pesado
2787,2026-04-19,Sentadilla,3,7,28.5,Normal
2788,2026-07-03,Remo con barra,2,5,61.0,Buen estímulo
2789,2026-02-18,Press francés,2,15,23.5,Fácil
2790,2025-11-22,Press francés,1,15,52.5,Fallo cerca
2791,2026-03-17,Fondos lastrados,5,1,147.5,Fallo cerca
2792,2025-08-08,Press militar,2,6,84.5,Normal
2793,2026-04-10,Sentadilla búlgara,5,11,100.0,Fácil
2794,2025-10-11,Press francés,2,14,114.0,Normal
2795,2026-05-03,Press francés,5,10,82.5,Buena técnica
2796,2026-04-23,Fondos lastrados,5,14,24.5,Fallo cerca
2797,2026-07-07,Press de banca,5,4,83.0,RPE 8
2798,2026-02-11,Elevaciones laterales,1,11,107.5,Fácil
2799,2025-09-23,Sentadilla,5,3,139.5,Fallo cerca
2800,2025-10-10,Hip thrust,4,3,84.0,RPE 8
2801,2026-07-07,Press de banca,5,3,140.0,RPE 9
2802,2026-02-10,Hip thrust,5,5,128.0,RPE 9
2803,2025-07-18,Peso muerto,3,9,54.0,RPE 9
2804,2026-01-28,Dominadas lastradas,5,4,56.5,Normal
2805,2026-06-05,Peso muerto,3,6,98.5,RPE 9
2806,2025-12-26,Dominadas lastradas,1,1,80.5,Fallo cerca
2807,2026-04-27,Hip thrust,1,7,71.5,Buena técnica
2808,2026-06-25,Remo con barra,1,4,138.5,Buena técnica
2809,2026-06-13,Dominadas lastradas,5,5,97.0,Buen estímulo
2810,2025-09-28,Press francés,3,6,142.0,Pesado
2811,2026-07-17,Dominadas lastradas,5,5,70.0,RPE 9
2812,2025-11-22,Elevaciones laterales,2,6,92.5,Pesado
2813,2026-03-02,Peso muerto,5,10,105.0,Fácil
2814,2026-07-07,Elevaciones laterales,4,3,53.5,Normal
2815,2026-05-24,Sentadilla,4,6,59.0,Fácil
2816,2025-09-26,Press francés,3,12,51.0,Normal
2817,2025-07-31,Peso muerto,5,7,106.5,Buena técnica
2818,2025-09-20,Curl de bíceps,4,13,68.0,Normal
2819,2026-03-10,Dominadas lastradas,1,9,83.5,RPE 8
2820,2026-01-11,Press de banca,2,12,138.5,Buena técnica
2821,2025-10-31,Fondos lastrados,3,6,56.5,Pesado
2822,2026-05-21,Dominadas lastradas,1,3,109.5,Fallo cerca
2823,2026-06-18,Dominadas lastradas,4,4,120.0,Fallo cerca
2824,2026-05-29,Peso muerto,2,11,24.0,Normal
2825,2025-12-03,Press militar,5,13,73.0,Buena técnica
2826,2025-08-28,Remo con barra,2,8,28.0,RPE 9
2827,2026-01-15,Dominadas lastradas,1,9,49.5,Fallo cerca
2828,2025-10-04,Curl de bíceps,2,6,137.0,Buen estímulo
2829,2026-03-18,Press francés,4,1,73.0,Fácil
2830,2026-05-28,Press francés,5,12,14.0,Pesado
2831,2025-12-22,Sentadilla,1,12,65.5,RPE 8
2832,2026-02-18,Sentadilla búlgara,5,3,128.0,Pesado
2833,2026-01-02,Dominadas lastradas,4,9,11.5,Fallo cerca
2834,2026-01-31,Hip thrust,2,5,145.5,Buen estímulo
2835,2026-01-25,Press de banca,4,2,146.5,Buen estímulo
2836,2026-06-01,Press militar,1,10,85.0,Normal
2837,2026-01-28,Hip thrust,3,5,61.5,Fácil
2838,2025-10-17,Sentadilla búlgara,1,7,128.5,Pesado
2839,2025-10-30,Elevaciones laterales,5,7,47.0,Pesado
2840,2025-10-02,Fondos lastrados,4,8,103.0,Fácil
2841,2026-01-21,Sentadilla búlgara,3,9,47.5,RPE 9
2842,2026-07-11,Press de banca,3,9,29.0,Fallo cerca
2843,2025-10-21,Curl de bíceps,1,8,131.0,Fácil
2844,2025-11-22,Elevaciones laterales,4,2,149.0,RPE 8
2845,2026-06-05,Dominadas lastradas,1,1,13.5,Buen estímulo
2846,2025-12-08,Dominadas lastradas,4,14,43.5,Fallo cerca
2847,2025-11-13,Press de banca,2,5,36.5,RPE 8
2848,2026-04-21,Peso muerto,3,14,24.0,RPE 8
2849,2025-12-26,Dominadas lastradas,2,7,88.5,Buen estímulo
2850,2026-03-30,Sentadilla búlgara,1,8,72.0,Fácil
2851,2026-05-30,Peso muerto,4,15,11.0,RPE 8
2852,2026-01-27,Curl de bíceps,2,1,91.5,RPE 8
2853,2025-07-21,Fondos lastrados,1,5,74.0,RPE 9
2854,2026-05-01,Curl de bíceps,1,2,114.5,Buena técnica
2855,2026-03-04,Fondos lastrados,1,7,49.0,Buen estímulo
2856,2025-12-10,Sentadilla,1,12,13.5,Normal
2857,2025-10-30,Curl de bíceps,2,11,43.0,Buen estímulo
2858,2026-04-27,Sentadilla búlgara,1,7,126.0,Fácil
2859,2025-09-27,Sentadilla búlgara,4,8,32.5,Buen estímulo
2860,2025-10-05,Remo con barra,1,7,48.0,Fácil
2861,2026-05-02,Fondos lastrados,2,3,75.5,Fallo cerca
2862,2025-09-05,Dominadas lastradas,3,14,60.5,Fallo cerca
2863,2026-06-15,Remo con barra,2,13,35.0,Fácil
2864,2026-04-05,Hip thrust,2,12,102.0,Fallo cerca
2865,2026-07-05,Press militar,1,14,72.0,Fallo cerca
2866,2025-10-23,Curl de bíceps,1,13,24.5,Normal
2867,2026-01-31,Dominadas lastradas,5,11,138.0,RPE 9
2868,2025-10-15,Curl de bíceps,3,12,49.5,RPE 8
2869,2026-07-18,Elevaciones laterales,3,13,11.5,Fallo cerca
2870,2026-06-30,Sentadilla búlgara,5,15,70.0,RPE 8
2871,2026-06-20,Sentadilla,1,8,110.0,RPE 8
2872,2026-01-30,Press de banca,1,14,71.0,Normal
2873,2026-02-12,Dominadas lastradas,4,15,84.0,Buena técnica
2874,2026-05-08,Hip thrust,5,12,67.0,Pesado
2875,2026-07-11,Sentadilla,1,4,111.0,Normal
2876,2026-01-16,Peso muerto,2,14,27.5,RPE 9
2877,2025-08-25,Fondos lastrados,2,9,133.0,RPE 9
2878,2026-01-16,Curl de bíceps,1,7,104.5,RPE 9
2879,2026-07-01,Sentadilla búlgara,2,12,73.0,RPE 8
2880,2026-02-23,Curl de bíceps,5,9,108.0,Normal
2881,2026-06-07,Press militar,5,3,147.0,Fácil
2882,2025-11-04,Fondos lastrados,1,12,81.0,Buen estímulo
2883,2025-12-08,Sentadilla búlgara,5,14,72.0,Fácil
2884,2025-08-19,Press francés,4,11,44.0,Buen estímulo
2885,2025-10-17,Sentadilla,3,1,64.5,Buen estímulo
2886,2025-07-24,Sentadilla búlgara,4,3,21.5,Buena técnica
2887,2025-08-18,Press de banca,3,5,66.0,Buena técnica
2888,2025-12-11,Dominadas lastradas,5,10,102.5,Fallo cerca
2889,2026-02-04,Sentadilla,4,12,96.5,Pesado
2890,2026-06-27,Press militar,5,14,49.0,Pesado
2891,2026-05-02,Sentadilla,1,14,32.5,Buena técnica
2892,2025-08-06,Fondos lastrados,2,10,74.0,Normal
2893,2025-09-04,Remo con barra,4,2,42.5,RPE 8
2894,2026-01-09,Press militar,5,15,89.5,Buena técnica
2895,2026-02-16,Remo con barra,3,4,14.0,Fácil
2896,2025-10-17,Fondos lastrados,4,9,84.0,Normal
2897,2026-04-23,Sentadilla,3,5,50.0,Fallo cerca
2898,2026-01-21,Dominadas lastradas,2,10,86.5,Buen estímulo
2899,2025-11-13,Press francés,5,12,117.5,RPE 8
2900,2025-10-02,Elevaciones laterales,3,3,143.5,Pesado
2901,2025-12-28,Fondos lastrados,2,12,63.0,RPE 8
2902,2025-11-05,Curl de bíceps,5,10,130.5,Fácil
2903,2026-04-01,Dominadas lastradas,5,11,76.0,Normal
2904,2026-07-15,Press francés,5,14,48.0,RPE 9
2905,2026-04-08,Sentadilla búlgara,5,14,71.5,Normal
2906,2025-12-16,Hip thrust,4,12,67.0,RPE 8
2907,2026-04-17,Elevaciones laterales,5,13,14.5,Pesado
2908,2025-11-09,Elevaciones laterales,3,12,40.5,Pesado
2909,2025-09-14,Curl de bíceps,5,14,62.5,Pesado
2910,2026-02-09,Fondos lastrados,3,6,32.5,Fácil
2911,2026-06-30,Fondos lastrados,4,5,119.0,Buen estímulo
2912,2026-07-03,Sentadilla,3,9,18.0,Buen estímulo
2913,2026-04-26,Sentadilla,3,4,82.5,RPE 8
2914,2025-10-14,Sentadilla,1,11,106.0,RPE 8
2915,2025-12-19,Curl de bíceps,2,13,87.5,Buena técnica
2916,2026-04-28,Peso muerto,2,14,98.0,Normal
2917,2026-05-19,Elevaciones laterales,3,15,136.5,Buen estímulo
2918,2026-03-14,Dominadas lastradas,5,3,72.0,Buen estímulo
2919,2025-08-20,Press de banca,4,13,99.5,Buen estímulo
2920,2025-12-31,Sentadilla búlgara,1,15,29.0,Fácil
2921,2025-09-14,Press de banca,3,3,51.0,Buen estímulo
2922,2025-08-18,Press francés,2,14,23.5,RPE 9
2923,2026-05-01,Peso muerto,1,8,29.0,Fallo cerca
2924,2025-12-31,Curl de bíceps,4,13,106.0,Fácil
2925,2026-05-07,Fondos lastrados,1,3,131.0,Fácil
2926,2025-08-16,Elevaciones laterales,3,11,35.5,Normal
2927,2026-01-17,Peso muerto,1,4,139.0,Buen estímulo
2928,2025-10-24,Press militar,4,9,15.0,Buen estímulo
2929,2025-10-09,Press de banca,4,1,49.5,Pesado
2930,2025-10-18,Curl de bíceps,2,9,114.5,Buena técnica
2931,2026-07-11,Sentadilla,3,7,15.5,Fácil
2932,2026-03-05,Press militar,1,7,116.5,Fallo cerca
2933,2026-01-22,Peso muerto,5,1,149.0,Buen estímulo
2934,2025-12-10,Fondos lastrados,4,11,148.5,RPE 9
2935,2026-06-05,Hip thrust,5,15,69.5,RPE 9
2936,2025-09-12,Dominadas lastradas,3,7,57.5,Buena técnica
2937,2025-11-03,Curl de bíceps,3,11,25.0,Normal
2938,2026-01-29,Elevaciones laterales,1,11,119.5,Pesado
2939,2026-06-16,Press francés,3,6,144.0,Fallo cerca
2940,2025-08-09,Press militar,1,6,13.5,RPE 9
2941,2026-03-02,Press militar,3,9,119.0,Buen estímulo
2942,2026-01-17,Fondos lastrados,2,13,55.0,Pesado
2943,2026-05-10,Remo con barra,4,1,85.0,Pesado
2944,2026-04-05,Elevaciones laterales,4,1,29.0,Normal
2945,2026-01-03,Curl de bíceps,2,4,150.0,Fácil
2946,2026-06-17,Curl de bíceps,1,5,137.5,Pesado
2947,2026-05-30,Sentadilla búlgara,1,12,54.0,RPE 9
2948,2026-06-19,Sentadilla búlgara,2,10,85.0,Fácil
2949,2025-07-28,Curl de bíceps,4,9,128.0,RPE 8
2950,2026-06-29,Curl de bíceps,2,12,117.5,Buen estímulo
2951,2026-06-06,Peso muerto,4,8,38.5,Normal
2952,2026-02-22,Press de banca,1,8,41.0,Buena técnica
2953,2025-12-16,Dominadas lastradas,5,5,28.5,Pesado
2954,2025-08-16,Curl de bíceps,3,13,96.0,Normal
2955,2026-03-30,Curl de bíceps,4,3,61.5,RPE 8
2956,2026-01-29,Curl de bíceps,3,2,74.0,Normal
2957,2026-05-31,Peso muerto,3,1,122.5,Buena técnica
2958,2025-09-11,Remo con barra,5,9,148.0,RPE 8
2959,2026-04-30,Peso muerto,3,8,67.5,Buena técnica
2960,2025-10-18,Remo con barra,2,5,112.0,Buen estímulo
2961,2026-06-08,Press de banca,1,15,68.0,Fácil
2962,2025-09-11,Press militar,1,9,45.5,Buena técnica
2963,2026-05-17,Hip thrust,3,11,58.5,Fácil
2964,2026-07-02,Curl de bíceps,2,8,122.0,Pesado
2965,2026-05-28,Press de banca,3,10,55.5,Buen estímulo
2966,2026-03-17,Remo con barra,4,5,132.5,Buena técnica
2967,2025-12-30,Peso muerto,5,2,107.0,Fácil
2968,2025-08-11,Hip thrust,2,9,150.0,RPE 9
2969,2025-08-11,Press militar,4,5,57.0,Fallo cerca
2970,2026-06-18,Press militar,5,9,61.5,RPE 9
2971,2025-08-03,Hip thrust,1,2,148.0,RPE 8
2972,2026-01-27,Press de banca,2,7,147.5,Fácil
2973,2025-10-04,Press francés,2,8,143.0,Buen estímulo
2974,2026-02-02,Peso muerto,5,6,135.0,RPE 8
2975,2026-07-09,Peso muerto,5,9,128.0,Buena técnica
2976,2026-06-02,Press francés,3,7,113.5,Buena técnica
2977,2025-08-25,Press de banca,1,10,71.0,Fácil
2978,2026-01-19,Dominadas lastradas,3,10,104.5,RPE 8
2979,2025-08-20,Sentadilla búlgara,4,12,71.5,Pesado
2980,2025-11-25,Remo con barra,2,3,16.5,Buena técnica
2981,2026-01-11,Elevaciones laterales,3,13,31.5,RPE 8
2982,2025-07-28,Press francés,2,2,79.0,RPE 9
2983,2026-07-13,Press francés,3,3,20.0,Normal
2984,2025-09-08,Hip thrust,5,4,129.5,Buena técnica
2985,2026-01-31,Press francés,1,6,75.5,Buena técnica
2986,2025-12-06,Hip thrust,4,15,85.0,Pesado
2987,2025-12-05,Press francés,5,1,21.5,RPE 8
2988,2026-06-28,Remo con barra,4,10,11.0,Fallo cerca
2989,2025-08-23,Press militar,3,15,83.0,Fácil
2990,2025-12-23,Sentadilla búlgara,1,5,72.5,Fácil
2991,2026-02-17,Elevaciones laterales,5,13,121.5,Fácil
2992,2026-02-26,Press de banca,1,15,46.0,Buen estímulo
2993,2025-08-28,Press militar,4,1,86.0,RPE 9
2994,2025-10-23,Press francés,1,13,30.0,Pesado
2995,2025-11-17,Press militar,2,15,52.0,Fácil
2996,2025-12-27,Curl de bíceps,3,2,60.0,RPE 9
2997,2026-02-11,Press de banca,5,5,50.0,Buena técnica
2998,2026-05-07,Press militar,1,1,120.5,Pesado
2999,2025-09-20,Sentadilla,5,13,91.5,Buen estímulo
3000,2025-09-06,Fondos lastrados,1,11,122.0,Buena técnica
3001,2026-02-09,Remo con barra,3,6,120.5,Normal
3002,2025-11-02,Curl de bíceps,2,12,107.5,RPE 9
3003,2026-01-21,Peso muerto,2,1,149.5,Fallo cerca
3004,2025-09-22,Sentadilla,3,6,146.0,Pesado
3005,2025-08-13,Elevaciones laterales,4,14,125.0,Pesado
3006,2026-02-09,Sentadilla,4,3,121.0,Pesado
3007,2026-04-12,Peso muerto,5,7,148.5,Fallo cerca
3008,2026-02-14,Sentadilla búlgara,5,3,77.0,Pesado
3009,2026-02-25,Press francés,2,3,57.0,Normal
3010,2025-08-27,Press militar,3,11,40.0,Normal
3011,2025-08-14,Dominadas lastradas,2,1,111.5,Fácil
3012,2026-05-04,Hip thrust,1,15,84.5,Fácil
3013,2025-10-09,Press de banca,5,1,22.5,Normal
3014,2025-12-23,Hip thrust,3,15,49.0,RPE 8
3015,2026-01-24,Remo con barra,1,10,76.0,Fácil
3016,2026-06-10,Press francés,5,9,146.0,Fácil
3017,2026-04-05,Sentadilla búlgara,5,9,115.5,Buena técnica
3018,2025-08-02,Hip thrust,4,4,112.5,Pesado
3019,2025-09-08,Sentadilla,1,1,54.0,RPE 8
3020,2026-03-31,Remo con barra,2,13,44.0,RPE 9
3021,2025-08-06,Peso muerto,1,6,130.0,Fácil
3022,2025-11-17,Curl de bíceps,3,4,79.5,Normal
3023,2025-08-09,Remo con barra,2,4,16.5,Fallo cerca
3024,2026-01-31,Peso muerto,4,1,140.0,Fácil
3025,2026-02-03,Remo con barra,1,14,105.0,Fallo cerca
3026,2026-04-17,Press militar,3,1,106.5,Buen estímulo
3027,2025-11-17,Hip thrust,3,7,127.0,RPE 9
3028,2026-03-01,Hip thrust,1,2,69.0,RPE 9
3029,2026-05-02,Press francés,4,14,144.5,RPE 8
3030,2026-04-03,Fondos lastrados,2,8,80.0,Fácil
3031,2025-07-30,Sentadilla,5,1,38.5,Normal
3032,2025-10-12,Peso muerto,3,7,58.5,RPE 9
3033,2026-05-18,Press de banca,5,7,59.5,Fácil
3034,2026-03-24,Curl de bíceps,4,14,36.5,Buen estímulo
3035,2026-03-10,Fondos lastrados,3,9,12.5,Fallo cerca
3036,2025-07-27,Hip thrust,4,10,29.5,RPE 8
3037,2026-03-24,Elevaciones laterales,2,10,76.5,Normal
3038,2026-02-01,Remo con barra,5,9,11.5,Normal
3039,2026-01-01,Peso muerto,1,3,75.0,RPE 8
3040,2026-07-12,Sentadilla búlgara,3,13,96.0,Pesado
3041,2025-09-29,Press militar,1,5,40.0,RPE 8
3042,2026-03-11,Press de banca,5,14,111.5,Fallo cerca
3043,2026-06-18,Peso muerto,3,2,46.0,Fácil
3044,2026-05-20,Fondos lastrados,4,12,27.0,Normal
3045,2026-01-01,Fondos lastrados,1,3,141.0,Normal
3046,2026-05-18,Remo con barra,2,1,49.0,Buena técnica
3047,2026-01-12,Press de banca,3,6,59.5,Pesado
3048,2026-01-18,Press de banca,5,10,143.0,RPE 9
3049,2025-09-14,Press militar,4,6,85.0,Fallo cerca
3050,2026-01-23,Curl de bíceps,2,2,32.5,RPE 8
3051,2026-01-21,Remo con barra,1,3,38.0,Fallo cerca
3052,2025-11-15,Sentadilla,3,1,11.0,Pesado
3053,2026-01-18,Press militar,3,6,59.0,Normal
3054,2026-02-15,Remo con barra,2,2,57.5,Normal
3055,2026-03-06,Elevaciones laterales,2,6,129.0,RPE 9
3056,2026-03-23,Elevaciones laterales,4,8,79.5,Normal
3057,2026-02-26,Sentadilla búlgara,5,14,35.5,Buen estímulo
3058,2026-03-31,Fondos lastrados,2,13,14.0,Buen estímulo
3059,2026-02-02,Peso muerto,3,8,26.0,Fácil
3060,2025-08-01,Remo con barra,2,2,98.0,Buen estímulo
3061,2025-12-15,Press militar,4,2,38.5,Pesado
3062,2025-12-19,Press de banca,4,9,114.5,Fácil
3063,2026-01-23,Remo con barra,3,10,58.0,Normal
3064,2025-10-28,Fondos lastrados,2,8,50.0,Fallo cerca
3065,2026-06-18,Press de banca,4,4,47.5,Fallo cerca
3066,2026-02-22,Fondos lastrados,1,13,122.5,RPE 9
3067,2026-03-09,Elevaciones laterales,4,8,146.5,Fallo cerca
3068,2025-09-05,Press de banca,2,3,17.0,Fallo cerca
3069,2026-01-01,Press de banca,2,10,138.0,Fácil
3070,2026-06-13,Fondos lastrados,3,12,56.5,Fácil
3071,2026-04-14,Fondos lastrados,1,13,41.5,RPE 8
3072,2026-03-09,Peso muerto,4,1,52.5,Buen estímulo
3073,2025-08-14,Press francés,5,2,61.5,Pesado
3074,2026-06-28,Press francés,3,6,106.5,Normal
3075,2025-07-26,Sentadilla búlgara,4,6,103.5,Fácil
3076,2025-08-05,Remo con barra,2,1,97.0,Fácil
3077,2025-08-11,Dominadas lastradas,5,12,87.0,Fácil
3078,2025-08-18,Sentadilla,5,7,132.0,Buena técnica
3079,2026-04-04,Hip thrust,3,3,105.0,Buena técnica
3080,2026-03-22,Sentadilla búlgara,4,11,12.0,Buen estímulo
3081,2026-06-19,Peso muerto,4,1,137.0,RPE 8
3082,2026-01-10,Peso muerto,1,7,138.0,RPE 9
3083,2025-10-30,Press militar,4,6,146.5,Normal
3084,2026-04-10,Elevaciones laterales,1,3,104.0,Pesado
3085,2026-07-18,Peso muerto,3,6,73.0,Pesado
3086,2026-02-02,Press militar,2,15,127.0,RPE 9
3087,2025-11-28,Dominadas lastradas,5,14,39.5,RPE 8
3088,2026-05-03,Elevaciones laterales,5,14,137.0,Pesado
3089,2025-08-26,Fondos lastrados,4,6,44.5,Normal
3090,2026-02-16,Sentadilla búlgara,2,5,70.5,RPE 9
3091,2026-03-27,Press francés,1,3,77.5,Fácil
3092,2026-05-06,Fondos lastrados,4,1,111.0,Fácil
3093,2026-01-14,Sentadilla búlgara,1,15,18.0,Pesado
3094,2026-03-01,Sentadilla búlgara,5,6,49.0,Fallo cerca
3095,2026-01-30,Hip thrust,5,9,87.5,Fácil
3096,2025-11-12,Press de banca,3,13,66.5,Fallo cerca
3097,2025-08-15,Remo con barra,2,1,100.5,Buen estímulo
3098,2026-02-01,Fondos lastrados,2,7,102.0,RPE 8
3099,2026-04-26,Fondos lastrados,3,8,67.0,Pesado
3100,2025-08-30,Press militar,2,2,72.0,Pesado
3101,2025-11-04,Sentadilla búlgara,4,3,143.5,Buena técnica
3102,2026-01-28,Press francés,4,8,80.0,Buena técnica
3103,2026-05-17,Dominadas lastradas,5,5,84.0,Buen estímulo
3104,2025-08-18,Peso muerto,5,14,89.0,Normal
3105,2026-07-07,Sentadilla búlgara,2,14,129.0,Normal
3106,2026-06-28,Press francés,4,10,37.5,Normal
3107,2026-03-12,Press militar,2,3,105.0,RPE 9
3108,2026-03-01,Press de banca,5,8,17.5,RPE 9
3109,2026-05-13,Fondos lastrados,3,3,130.5,Buen estímulo
3110,2025-12-14,Sentadilla,2,4,38.0,Buen estímulo
3111,2025-09-18,Fondos lastrados,5,1,12.0,RPE 9
3112,2025-12-22,Peso muerto,2,5,31.0,Normal
3113,2025-07-21,Sentadilla,2,7,122.5,Buen estímulo
3114,2026-05-11,Press francés,2,2,64.0,Buen estímulo
3115,2026-07-18,Dominadas lastradas,1,10,146.0,Buena técnica
3116,2026-03-31,Dominadas lastradas,3,12,134.5,Fallo cerca
3117,2025-12-12,Hip thrust,3,13,132.0,Buen estímulo
3118,2026-01-07,Sentadilla búlgara,5,1,86.0,Fácil
3119,2026-01-23,Remo con barra,4,8,108.5,Buena técnica
3120,2026-04-15,Sentadilla búlgara,5,12,123.0,Buen estímulo
3121,2026-04-28,Elevaciones laterales,4,5,60.5,Fácil
3122,2026-04-20,Curl de bíceps,5,4,99.0,Fallo cerca
3123,2025-12-20,Peso muerto,2,4,89.5,Buen estímulo
3124,2026-03-08,Press francés,4,4,138.5,RPE 8
3125,2025-11-04,Hip thrust,3,10,44.0,RPE 9
3126,2026-01-30,Dominadas lastradas,3,5,138.0,RPE 9
3127,2026-03-30,Dominadas lastradas,5,6,25.5,RPE 9
3128,2025-08-19,Peso muerto,5,3,42.5,Buena técnica
3129,2026-07-06,Dominadas lastradas,4,2,135.0,Pesado
3130,2026-06-25,Sentadilla búlgara,2,14,96.0,Fallo cerca
3131,2026-06-18,Curl de bíceps,1,9,68.5,RPE 8
3132,2026-02-14,Elevaciones laterales,1,13,26.0,Pesado
3133,2026-06-27,Sentadilla búlgara,1,13,118.0,Pesado
3134,2026-05-07,Press de banca,4,11,82.0,Normal
3135,2026-05-19,Fondos lastrados,2,11,30.0,Pesado
3136,2025-12-29,Remo con barra,3,14,89.5,Normal
3137,2025-08-23,Press militar,2,12,146.5,Fallo cerca
3138,2026-05-18,Elevaciones laterales,2,9,102.0,Buen estímulo
3139,2025-09-18,Sentadilla,2,6,144.0,Pesado
3140,2026-04-06,Press militar,4,2,19.5,Buen estímulo
3141,2026-01-31,Hip thrust,2,9,114.5,Buen estímulo
3142,2025-12-22,Press francés,4,14,23.0,Buen estímulo
3143,2025-08-25,Curl de bíceps,1,9,49.5,Normal
3144,2025-12-05,Elevaciones laterales,3,14,49.5,Normal
3145,2026-01-24,Press militar,1,11,145.0,RPE 9
3146,2025-07-26,Press militar,1,6,44.5,Normal
3147,2026-01-29,Press de banca,1,12,35.0,Buen estímulo
3148,2025-11-23,Remo con barra,2,3,43.5,RPE 8
3149,2026-02-23,Peso muerto,1,1,63.0,Pesado
3150,2026-03-02,Curl de bíceps,5,3,127.5,RPE 9
3151,2025-08-20,Curl de bíceps,5,3,141.5,Pesado
3152,2026-04-26,Dominadas lastradas,3,15,83.0,RPE 8
3153,2026-05-16,Fondos lastrados,4,15,11.5,RPE 8
3154,2026-05-03,Sentadilla,5,15,95.0,Normal
3155,2026-02-28,Dominadas lastradas,4,9,108.0,Pesado
3156,2026-06-25,Press de banca,3,2,62.0,Pesado
3157,2026-06-01,Sentadilla búlgara,5,7,119.5,Buena técnica
3158,2025-11-30,Remo con barra,1,14,41.0,Fallo cerca
3159,2025-08-30,Elevaciones laterales,5,3,46.5,Normal
3160,2025-08-26,Fondos lastrados,2,9,81.0,Normal
3161,2025-09-11,Hip thrust,4,12,147.5,Normal
3162,2026-01-08,Hip thrust,3,4,144.5,RPE 8
3163,2025-07-27,Sentadilla búlgara,2,4,49.0,RPE 9
3164,2026-04-13,Press de banca,4,7,98.5,Buen estímulo
3165,2026-06-30,Press francés,1,14,48.0,Buena técnica
3166,2025-07-22,Peso muerto,3,14,122.0,Fácil
3167,2025-11-13,Sentadilla,1,11,18.5,Buena técnica
3168,2025-11-10,Curl de bíceps,2,14,121.0,Buen estímulo
3169,2025-12-09,Sentadilla,4,6,51.0,Normal
3170,2026-03-22,Hip thrust,2,11,149.0,RPE 9
3171,2025-12-01,Sentadilla,2,9,90.5,RPE 9
3172,2026-05-09,Press francés,1,2,107.5,Buen estímulo
3173,2025-12-27,Elevaciones laterales,3,14,95.5,RPE 8
3174,2025-11-30,Press de banca,3,6,23.0,Fallo cerca
3175,2025-10-23,Press francés,2,9,28.0,Pesado
3176,2026-05-30,Sentadilla búlgara,3,8,10.5,Pesado
3177,2026-01-18,Dominadas lastradas,1,13,112.5,Normal
3178,2025-09-01,Fondos lastrados,5,9,92.0,Pesado
3179,2026-03-30,Dominadas lastradas,4,11,94.5,Fallo cerca
3180,2026-03-08,Press francés,4,9,43.0,Fallo cerca
3181,2025-10-24,Sentadilla búlgara,3,4,76.5,Normal
3182,2025-11-08,Remo con barra,3,15,77.0,Buena técnica
3183,2026-06-13,Press de banca,4,8,127.0,Fácil
3184,2026-04-10,Elevaciones laterales,5,2,54.5,Fácil
3185,2026-02-02,Remo con barra,5,14,139.0,Buena técnica
3186,2025-11-24,Sentadilla búlgara,1,8,127.0,Pesado
3187,2025-10-03,Peso muerto,1,12,113.0,Buena técnica
3188,2025-10-19,Curl de bíceps,4,5,19.0,Normal
3189,2026-05-24,Fondos lastrados,4,15,40.0,Buena técnica
3190,2026-02-04,Press de banca,5,11,143.0,Pesado
3191,2026-05-19,Press francés,1,12,80.5,RPE 9
3192,2026-05-05,Press militar,3,13,146.5,Normal
3193,2025-10-13,Press de banca,5,8,80.0,RPE 9
3194,2026-04-26,Elevaciones laterales,4,4,128.5,RPE 8
3195,2025-11-07,Remo con barra,1,2,66.0,Buena técnica
3196,2025-09-11,Press militar,4,8,102.0,Fácil
3197,2026-03-05,Curl de bíceps,2,8,20.5,Normal
3198,2026-05-05,Sentadilla,2,6,144.0,Buena técnica
3199,2026-01-25,Dominadas lastradas,5,13,11.0,Buen estímulo
3200,2026-02-04,Press de banca,1,5,99.5,Fallo cerca
3201,2026-03-23,Dominadas lastradas,4,2,48.5,Fácil
3202,2026-04-16,Dominadas lastradas,5,2,54.0,RPE 8
3203,2026-07-02,Curl de bíceps,3,1,61.0,Normal
3204,2026-06-19,Sentadilla búlgara,2,1,113.0,Buena técnica
3205,2025-10-27,Peso muerto,3,10,139.0,RPE 9
3206,2026-05-13,Fondos lastrados,1,4,65.5,Fallo cerca
3207,2026-04-07,Fondos lastrados,4,5,109.5,RPE 9
3208,2026-01-28,Remo con barra,1,9,51.0,Buena técnica
3209,2026-07-06,Sentadilla búlgara,2,7,63.5,Normal
3210,2026-01-07,Sentadilla búlgara,5,8,117.0,Buen estímulo
3211,2026-03-07,Elevaciones laterales,3,6,33.0,Buena técnica
3212,2025-07-26,Press militar,1,13,97.0,RPE 9
3213,2025-10-07,Sentadilla búlgara,4,12,129.5,Fallo cerca
3214,2025-12-29,Hip thrust,5,12,69.0,Buena técnica
3215,2026-06-28,Peso muerto,2,15,14.0,Buen estímulo
3216,2026-02-07,Dominadas lastradas,5,3,98.5,Normal
3217,2026-05-22,Sentadilla,3,7,29.5,Buena técnica
3218,2025-12-26,Fondos lastrados,3,2,91.0,Fallo cerca
3219,2026-01-18,Sentadilla búlgara,2,12,144.5,Buena técnica
3220,2026-06-19,Elevaciones laterales,2,6,39.5,RPE 9
3221,2026-01-28,Press militar,2,6,63.5,Buen estímulo
3222,2026-03-30,Press militar,3,15,52.0,RPE 8
3223,2025-08-14,Press militar,3,2,93.5,RPE 9
3224,2026-03-21,Peso muerto,1,9,64.5,Buen estímulo
3225,2026-05-15,Dominadas lastradas,5,5,31.5,Pesado
3226,2026-05-14,Press francés,5,8,139.5,Buen estímulo
3227,2026-07-14,Remo con barra,4,9,133.5,Fallo cerca
3228,2026-05-27,Hip thrust,3,15,97.0,RPE 8
3229,2026-02-07,Sentadilla búlgara,2,15,87.0,Normal
3230,2026-06-12,Elevaciones laterales,3,8,84.5,RPE 9
3231,2026-04-29,Curl de bíceps,3,12,13.0,Buen estímulo
3232,2026-01-19,Press de banca,3,14,79.0,RPE 8
3233,2025-08-14,Sentadilla,1,14,69.5,Fácil
3234,2026-07-16,Sentadilla búlgara,5,9,83.5,RPE 8
3235,2025-08-19,Dominadas lastradas,2,11,119.0,Fallo cerca
3236,2026-07-06,Sentadilla,1,12,147.5,RPE 9
3237,2025-12-03,Sentadilla,5,6,56.5,Fácil
3238,2025-10-31,Press francés,3,6,110.0,Pesado
3239,2025-10-25,Sentadilla,5,5,102.5,Buena técnica
3240,2025-12-23,Sentadilla búlgara,2,3,133.0,RPE 8
3241,2025-11-18,Fondos lastrados,2,12,105.5,Fallo cerca
3242,2025-09-15,Hip thrust,4,4,138.0,Fallo cerca
3243,2026-06-22,Peso muerto,1,9,114.5,RPE 9
3244,2026-02-01,Curl de bíceps,4,3,39.0,Pesado
3245,2026-06-04,Remo con barra,1,2,46.5,Pesado
3246,2025-10-09,Hip thrust,2,8,103.0,Fácil
3247,2025-09-03,Sentadilla,4,9,144.5,Pesado
3248,2026-07-08,Press de banca,2,6,126.5,RPE 8
3249,2025-08-15,Sentadilla búlgara,2,5,28.5,Fácil
3250,2025-09-19,Hip thrust,2,11,106.5,Fallo cerca
3251,2025-09-02,Press francés,2,5,21.5,Normal
3252,2025-12-18,Hip thrust,1,6,146.5,RPE 8
3253,2025-12-29,Peso muerto,5,6,67.0,Fácil
3254,2026-05-22,Fondos lastrados,4,14,103.5,Buen estímulo
3255,2025-09-04,Remo con barra,1,13,68.5,Fácil
3256,2025-07-20,Dominadas lastradas,3,5,119.0,RPE 9
3257,2025-08-02,Fondos lastrados,3,5,132.5,RPE 8
3258,2025-10-31,Peso muerto,3,8,87.0,RPE 8
3259,2025-12-17,Dominadas lastradas,3,11,46.0,RPE 9
3260,2025-09-23,Dominadas lastradas,5,9,119.5,RPE 9
3261,2026-01-19,Press militar,1,1,28.0,Buen estímulo
3262,2025-09-09,Fondos lastrados,5,15,37.5,Pesado
3263,2025-11-25,Sentadilla búlgara,4,14,114.5,Normal
3264,2026-03-25,Press de banca,2,15,82.5,Fácil
3265,2026-04-07,Press francés,2,4,127.0,Fácil
3266,2025-09-03,Press de banca,4,15,125.0,RPE 9
3267,2026-02-04,Press militar,1,14,69.5,Fácil
3268,2026-03-07,Curl de bíceps,4,4,59.0,RPE 8
3269,2026-03-13,Sentadilla búlgara,1,6,20.5,Normal
3270,2025-12-13,Curl de bíceps,3,2,37.5,RPE 9
3271,2026-06-16,Press militar,1,14,34.5,RPE 9
3272,2026-03-21,Sentadilla búlgara,3,4,130.5,Pesado
3273,2026-01-21,Press de banca,4,1,127.5,Fácil
3274,2025-10-27,Hip thrust,2,9,121.0,Normal
3275,2025-08-02,Peso muerto,4,9,114.0,RPE 8
3276,2025-12-27,Curl de bíceps,1,9,99.0,RPE 8
3277,2026-07-06,Fondos lastrados,2,1,52.0,RPE 9
3278,2026-06-03,Remo con barra,4,5,84.0,Pesado
3279,2026-03-13,Fondos lastrados,4,11,144.0,Pesado
3280,2025-07-29,Press militar,2,3,132.5,Pesado
3281,2025-10-26,Remo con barra,1,12,134.5,RPE 9
3282,2026-05-14,Dominadas lastradas,4,9,46.5,Fácil
3283,2026-07-16,Remo con barra,4,4,119.5,RPE 8
3284,2026-01-29,Dominadas lastradas,5,10,32.0,Buen estímulo
3285,2026-04-09,Peso muerto,1,6,138.0,Buena técnica
3286,2026-07-12,Sentadilla búlgara,5,5,15.0,RPE 9
3287,2025-09-20,Press militar,2,13,134.0,RPE 8
3288,2025-08-31,Hip thrust,2,9,11.0,RPE 9
3289,2026-07-04,Curl de bíceps,3,7,85.5,Pesado
3290,2025-09-24,Press militar,5,5,122.5,Fácil
3291,2025-08-19,Curl de bíceps,3,3,27.5,Buena técnica
3292,2026-04-29,Curl de bíceps,4,12,115.0,Normal
3293,2025-08-13,Press de banca,5,11,112.0,RPE 8
3294,2026-05-10,Fondos lastrados,5,14,94.0,RPE 8
3295,2026-02-03,Elevaciones laterales,5,1,96.5,RPE 8
3296,2026-06-05,Sentadilla,5,15,26.5,RPE 9
3297,2026-03-10,Curl de bíceps,1,7,130.0,RPE 9
3298,2025-12-29,Press de banca,5,4,73.0,Fallo cerca
3299,2025-12-10,Hip thrust,1,10,38.5,Fácil
3300,2026-07-14,Fondos lastrados,2,10,49.0,Buen estímulo
3301,2025-08-08,Elevaciones laterales,2,10,108.5,RPE 9
3302,2025-08-25,Elevaciones laterales,1,2,38.0,Fallo cerca
3303,2025-11-11,Press francés,3,11,47.0,Pesado
3304,2026-06-29,Curl de bíceps,4,1,49.5,Pesado
3305,2026-03-10,Curl de bíceps,2,2,97.5,Fallo cerca
3306,2026-04-26,Fondos lastrados,4,3,59.0,Pesado
3307,2025-12-26,Press militar,5,9,111.5,Buena técnica
3308,2026-06-08,Dominadas lastradas,3,5,43.5,RPE 9
3309,2025-10-30,Press francés,1,5,140.5,Normal
3310,2025-11-29,Remo con barra,2,2,10.5,Pesado
3311,2025-08-10,Fondos lastrados,2,7,101.0,Pesado
3312,2026-04-04,Sentadilla,1,9,85.5,Pesado
3313,2025-12-15,Hip thrust,1,6,109.5,RPE 8
3314,2025-09-06,Hip thrust,3,7,111.5,Fácil
3315,2025-10-31,Sentadilla,4,15,12.5,RPE 9
3316,2025-11-07,Sentadilla,4,8,45.0,Fallo cerca
3317,2026-01-27,Sentadilla búlgara,3,9,109.0,Fallo cerca
3318,2025-09-08,Dominadas lastradas,4,11,134.0,RPE 9
3319,2025-10-13,Dominadas lastradas,1,15,85.0,Buena técnica
3320,2025-12-29,Remo con barra,4,9,37.0,RPE 9
3321,2025-07-21,Curl de bíceps,5,12,48.5,RPE 8
3322,2025-08-29,Sentadilla,1,13,11.0,Buen estímulo
3323,2026-05-02,Press de banca,5,11,17.0,RPE 8
3324,2026-04-09,Press militar,1,5,133.5,Fallo cerca
3325,2026-04-17,Press francés,1,5,78.0,Normal
3326,2026-02-13,Hip thrust,3,7,42.0,RPE 9
3327,2026-04-15,Press militar,5,10,10.0,Buena técnica
3328,2025-12-10,Dominadas lastradas,5,8,107.0,Fácil
3329,2026-04-14,Dominadas lastradas,5,11,91.5,RPE 8
3330,2026-02-12,Press francés,1,4,38.5,Fácil
3331,2025-12-10,Hip thrust,1,13,135.0,Fallo cerca
3332,2025-12-07,Hip thrust,1,7,21.0,Fácil
3333,2026-03-08,Elevaciones laterales,2,8,91.0,RPE 8
3334,2026-03-15,Sentadilla,4,12,85.0,Fácil
3335,2025-10-07,Curl de bíceps,4,9,127.0,Normal
3336,2026-05-16,Sentadilla,2,7,12.0,Fallo cerca
3337,2026-07-12,Curl de bíceps,5,12,24.5,Fallo cerca
3338,2026-06-28,Hip thrust,5,13,99.5,RPE 8
3339,2026-01-10,Press de banca,3,10,62.0,Fácil
3340,2026-07-04,Hip thrust,5,3,65.0,Fácil
3341,2025-10-12,Press militar,3,1,92.0,Normal
3342,2025-09-03,Press de banca,4,8,136.5,Fallo cerca
3343,2026-03-15,Curl de bíceps,1,6,43.0,Normal
3344,2026-03-26,Sentadilla búlgara,5,2,35.0,RPE 8
3345,2026-07-03,Hip thrust,5,1,87.5,Buen estímulo
3346,2026-03-19,Sentadilla,1,8,113.0,Pesado
3347,2025-11-30,Dominadas lastradas,4,1,84.0,Fácil
3348,2025-12-02,Elevaciones laterales,5,3,15.0,Buen estímulo
3349,2025-12-26,Press militar,1,7,72.0,RPE 8
3350,2025-07-22,Hip thrust,1,15,12.0,Buen estímulo
3351,2025-08-01,Press francés,5,10,22.0,Fallo cerca
3352,2026-06-09,Hip thrust,4,10,84.0,Buen estímulo
3353,2026-04-30,Remo con barra,4,15,16.0,Pesado
3354,2025-08-01,Remo con barra,4,1,15.5,Fallo cerca
3355,2026-05-29,Curl de bíceps,5,5,28.0,Fácil
3356,2025-12-25,Dominadas lastradas,4,12,70.5,Normal
3357,2026-04-09,Elevaciones laterales,5,14,15.0,RPE 9
3358,2025-10-07,Peso muerto,1,2,31.0,Normal
3359,2026-03-31,Dominadas lastradas,5,10,146.5,Normal
3360,2025-12-28,Press militar,2,8,67.0,RPE 8
3361,2026-04-29,Peso muerto,5,15,58.5,Buena técnica
3362,2025-11-25,Remo con barra,1,9,45.0,Fallo cerca
3363,2025-07-29,Press de banca,4,9,70.5,RPE 8
3364,2025-12-30,Curl de bíceps,2,1,91.5,RPE 8
3365,2025-09-22,Elevaciones laterales,2,14,147.0,Buena técnica
3366,2026-04-01,Press francés,1,7,20.5,Buen estímulo
3367,2025-09-05,Dominadas lastradas,4,6,132.0,Pesado
3368,2025-07-27,Sentadilla búlgara,2,8,115.0,RPE 9
3369,2025-09-28,Elevaciones laterales,3,7,43.0,RPE 9
3370,2026-05-04,Press militar,5,3,23.5,Buen estímulo
3371,2026-07-05,Sentadilla búlgara,1,14,36.0,RPE 8
3372,2025-09-07,Peso muerto,5,13,93.5,Buena técnica
3373,2026-01-23,Curl de bíceps,1,7,61.0,Normal
3374,2026-06-15,Sentadilla búlgara,5,14,32.5,Buena técnica
3375,2026-02-20,Dominadas lastradas,5,15,21.0,Pesado
3376,2026-07-04,Hip thrust,3,15,96.5,Buen estímulo
3377,2026-02-06,Sentadilla,2,10,96.5,Normal
3378,2025-12-04,Remo con barra,2,6,22.5,Pesado
3379,2025-11-13,Press militar,2,13,76.0,Fácil
3380,2026-01-29,Press francés,4,3,31.5,Normal
3381,2025-07-28,Peso muerto,2,12,55.0,Fallo cerca
3382,2025-08-16,Fondos lastrados,4,3,121.5,RPE 9
3383,2025-09-27,Press de banca,5,15,120.0,Buen estímulo
3384,2026-06-16,Press de banca,5,8,28.5,Pesado
3385,2026-03-29,Sentadilla búlgara,5,7,104.0,Buen estímulo
3386,2026-03-26,Press de banca,4,15,138.5,Pesado
3387,2026-04-17,Press militar,5,10,148.5,Buena técnica
3388,2025-10-18,Remo con barra,4,4,92.5,Buen estímulo
3389,2026-03-24,Fondos lastrados,3,12,83.5,RPE 8
3390,2025-12-19,Press de banca,4,11,103.0,Pesado
3391,2026-01-21,Press de banca,4,8,83.0,Pesado
3392,2026-06-05,Sentadilla,1,10,113.5,RPE 9
3393,2026-04-09,Hip thrust,5,2,80.5,Normal
3394,2026-04-01,Press militar,3,12,24.5,RPE 8
3395,2026-03-30,Press militar,4,1,134.5,Buen estímulo
3396,2026-04-24,Elevaciones laterales,2,14,99.0,Pesado
3397,2026-02-02,Curl de bíceps,3,3,15.0,Pesado
3398,2025-08-05,Sentadilla,2,1,119.5,Buen estímulo
3399,2026-06-10,Remo con barra,2,1,148.0,Fácil
3400,2025-11-23,Sentadilla búlgara,4,6,85.0,Buen estímulo
3401,2026-01-17,Elevaciones laterales,2,13,52.0,RPE 8
3402,2025-07-23,Press francés,1,4,61.5,Fácil
3403,2026-02-01,Hip thrust,4,13,49.0,Pesado
3404,2025-08-13,Sentadilla,3,3,93.5,Fallo cerca
3405,2026-06-22,Press de banca,2,12,115.5,Buen estímulo
3406,2025-09-10,Elevaciones laterales,5,14,131.5,Buen estímulo
3407,2026-02-13,Press francés,1,14,142.5,Pesado
3408,2026-03-01,Elevaciones laterales,4,8,24.5,Buen estímulo
3409,2025-08-24,Peso muerto,1,10,10.5,Buen estímulo
3410,2025-12-12,Curl de bíceps,4,8,109.5,RPE 8
3411,2026-03-10,Press militar,4,4,61.0,RPE 9
3412,2026-06-07,Press francés,1,10,106.0,RPE 9
3413,2025-09-08,Hip thrust,1,15,20.0,Buen estímulo
3414,2026-05-23,Dominadas lastradas,2,10,149.5,Buena técnica
3415,2026-03-30,Sentadilla,1,11,31.5,Fácil
3416,2025-08-23,Fondos lastrados,3,11,87.5,RPE 9
3417,2026-03-29,Sentadilla,1,7,46.5,RPE 9
3418,2026-06-02,Dominadas lastradas,3,10,128.5,RPE 9
3419,2025-10-18,Elevaciones laterales,3,13,35.5,Normal
3420,2026-01-26,Sentadilla,4,9,39.0,Fallo cerca
3421,2026-07-14,Hip thrust,3,7,81.5,Normal
3422,2025-08-15,Sentadilla búlgara,4,7,36.5,Pesado
3423,2026-05-09,Elevaciones laterales,5,10,117.5,Fácil
3424,2026-04-28,Remo con barra,3,15,102.5,Buen estímulo
3425,2026-04-25,Hip thrust,2,8,30.0,Pesado
3426,2026-02-07,Fondos lastrados,5,11,138.5,RPE 8
3427,2025-08-20,Remo con barra,3,1,103.0,Buen estímulo
3428,2026-01-25,Remo con barra,1,4,40.0,RPE 9
3429,2026-07-01,Sentadilla búlgara,2,15,130.5,Buen estímulo
3430,2025-09-03,Fondos lastrados,3,5,24.5,Normal
3431,2026-07-05,Fondos lastrados,3,1,31.5,RPE 8
3432,2026-03-16,Fondos lastrados,2,2,102.0,Fácil
3433,2026-01-20,Elevaciones laterales,4,12,122.5,Pesado
3434,2026-04-20,Fondos lastrados,3,10,49.5,Normal
3435,2026-06-29,Press francés,2,4,129.5,RPE 9
3436,2026-01-12,Press militar,4,6,58.5,Fácil
3437,2026-04-26,Peso muerto,4,10,17.0,Buena técnica
3438,2026-04-22,Elevaciones laterales,4,7,84.0,Buena técnica
3439,2026-03-06,Sentadilla,4,10,11.5,RPE 9
3440,2025-12-22,Curl de bíceps,5,15,117.0,Buena técnica
3441,2026-04-26,Press francés,5,10,139.0,Normal
3442,2026-05-02,Sentadilla,5,6,84.0,Pesado
3443,2026-03-17,Dominadas lastradas,3,5,10.5,Buen estímulo
3444,2025-12-08,Curl de bíceps,1,12,19.0,Normal
3445,2026-07-15,Press francés,5,8,37.5,Fallo cerca
3446,2026-06-29,Remo con barra,5,8,98.0,Buena técnica
3447,2026-04-02,Press francés,1,11,128.5,RPE 9
3448,2026-01-12,Peso muerto,1,4,108.5,RPE 8
3449,2026-04-08,Remo con barra,5,13,86.5,Fácil
3450,2026-04-15,Elevaciones laterales,4,13,39.5,Fácil
3451,2026-04-23,Peso muerto,1,9,136.0,Pesado
3452,2026-03-14,Dominadas lastradas,5,10,134.5,Pesado
3453,2025-10-12,Peso muerto,3,5,20.5,RPE 9
3454,2026-03-20,Hip thrust,2,11,99.0,Fallo cerca
3455,2026-06-09,Dominadas lastradas,1,13,107.0,Pesado
3456,2025-07-27,Press militar,1,7,131.5,Pesado
3457,2026-07-01,Dominadas lastradas,2,9,120.0,Fácil
3458,2026-03-13,Peso muerto,4,12,145.0,Fallo cerca
3459,2025-08-27,Sentadilla,3,1,35.5,Fácil
3460,2026-03-06,Remo con barra,1,7,111.5,Buen estímulo
3461,2026-04-25,Press francés,5,11,75.0,Pesado
3462,2025-09-14,Fondos lastrados,2,13,136.5,Pesado
3463,2025-11-05,Sentadilla,3,2,147.5,RPE 8
3464,2026-04-12,Elevaciones laterales,1,15,144.0,Fallo cerca
3465,2026-01-06,Sentadilla,5,1,106.0,Buen estímulo
3466,2026-06-15,Elevaciones laterales,3,15,83.0,Fácil
3467,2025-10-23,Remo con barra,5,3,47.0,RPE 8
3468,2026-04-05,Elevaciones laterales,5,6,143.0,Normal
3469,2026-04-24,Press militar,1,14,137.5,Normal
3470,2025-11-09,Hip thrust,1,7,50.0,Fallo cerca
3471,2025-08-26,Curl de bíceps,5,15,120.5,Buen estímulo
3472,2026-05-28,Sentadilla,2,11,111.0,RPE 9
3473,2026-04-01,Press francés,5,10,141.0,Buen estímulo
3474,2026-05-24,Remo con barra,3,4,95.5,Fácil
3475,2026-02-25,Fondos lastrados,5,12,14.0,Fácil
3476,2025-10-25,Curl de bíceps,1,7,22.0,Normal
3477,2026-02-16,Peso muerto,1,15,80.0,Pesado
3478,2026-02-17,Fondos lastrados,4,14,145.5,Fácil
3479,2025-08-09,Elevaciones laterales,3,10,68.5,Buena técnica
3480,2025-10-01,Elevaciones laterales,2,11,48.0,RPE 9
3481,2025-09-27,Fondos lastrados,1,14,122.0,RPE 8
3482,2026-04-17,Sentadilla búlgara,4,2,112.0,RPE 8
3483,2026-03-27,Press de banca,1,1,111.5,Normal
3484,2025-10-12,Elevaciones laterales,3,14,112.5,Fácil
3485,2025-12-18,Sentadilla búlgara,2,2,49.0,Fácil
3486,2025-10-02,Press francés,5,3,104.0,Buen estímulo
3487,2026-01-23,Press francés,1,7,83.0,RPE 8
3488,2025-10-31,Elevaciones laterales,2,10,48.5,RPE 8
3489,2025-08-02,Curl de bíceps,2,14,141.5,RPE 8
3490,2026-06-10,Sentadilla,1,5,148.0,Buen estímulo
3491,2026-04-27,Elevaciones laterales,4,3,90.0,RPE 9
3492,2026-01-12,Sentadilla búlgara,5,1,64.5,Normal
3493,2025-11-09,Hip thrust,4,10,135.0,Fallo cerca
3494,2026-03-20,Dominadas lastradas,2,12,147.0,Normal
3495,2026-06-05,Sentadilla búlgara,1,3,40.5,Fácil
3496,2026-07-02,Curl de bíceps,4,10,71.5,Fallo cerca
3497,2025-10-20,Elevaciones laterales,3,15,31.5,Buena técnica
3498,2026-04-24,Press militar,5,3,150.0,RPE 8
3499,2026-02-05,Fondos lastrados,3,1,101.0,Fácil
3500,2026-04-07,Curl de bíceps,3,10,71.0,Pesado
3501,2025-10-11,Sentadilla,1,15,58.5,Buena técnica
3502,2026-06-01,Remo con barra,1,15,69.5,RPE 9
3503,2025-11-03,Hip thrust,2,15,117.0,RPE 9
3504,2026-05-06,Press francés,3,14,42.5,RPE 9
3505,2026-06-20,Sentadilla,4,5,129.5,Fallo cerca
3506,2025-08-25,Peso muerto,3,9,43.0,RPE 8
3507,2026-02-25,Sentadilla búlgara,2,15,133.5,RPE 8
3508,2026-06-18,Hip thrust,5,1,84.0,Fácil
3509,2026-06-01,Hip thrust,4,8,105.0,Buen estímulo
3510,2026-01-21,Sentadilla búlgara,2,7,107.0,Fácil
3511,2026-05-03,Sentadilla,4,4,52.5,RPE 9
3512,2026-06-01,Hip thrust,2,6,79.5,Buena técnica
3513,2025-12-16,Sentadilla búlgara,1,12,106.0,RPE 8
3514,2025-07-26,Sentadilla búlgara,3,11,55.5,Fácil
3515,2026-02-24,Press de banca,3,5,55.5,Buena técnica
3516,2025-11-16,Fondos lastrados,5,7,140.5,RPE 8
3517,2026-05-15,Sentadilla búlgara,2,4,126.5,Buena técnica
3518,2026-04-24,Elevaciones laterales,1,7,129.5,Fácil
3519,2025-08-12,Press francés,3,10,67.5,Normal
3520,2026-03-19,Elevaciones laterales,3,4,44.5,RPE 9
3521,2025-10-07,Press militar,4,3,144.0,Buen estímulo
3522,2025-08-15,Press francés,5,3,74.5,Fallo cerca
3523,2025-08-19,Sentadilla,2,8,103.0,Fallo cerca
3524,2026-04-15,Peso muerto,5,14,69.5,Pesado
3525,2026-02-14,Elevaciones laterales,2,4,26.0,Fácil
3526,2026-04-04,Peso muerto,2,11,32.0,Pesado
3527,2026-05-30,Elevaciones laterales,4,2,63.5,RPE 9
3528,2026-06-14,Hip thrust,3,9,139.5,Pesado
3529,2025-12-27,Press francés,1,11,93.0,Buena técnica
3530,2025-10-04,Hip thrust,1,9,21.5,Buen estímulo
3531,2025-10-06,Curl de bíceps,5,5,148.5,Pesado
3532,2025-09-25,Fondos lastrados,2,5,56.5,RPE 9
3533,2026-03-22,Press de banca,1,13,70.5,Buena técnica
3534,2025-12-02,Hip thrust,1,10,93.5,Normal
3535,2026-05-06,Remo con barra,4,9,120.5,Fallo cerca
3536,2025-08-09,Peso muerto,5,12,33.5,RPE 8
3537,2026-07-04,Press militar,5,11,117.5,Fallo cerca
3538,2026-02-07,Peso muerto,1,4,43.5,Buen estímulo
3539,2025-10-25,Remo con barra,5,8,52.0,Buena técnica
3540,2026-06-21,Press militar,5,4,39.0,RPE 9
3541,2025-10-22,Press militar,3,2,56.5,Pesado
3542,2025-09-27,Peso muerto,3,2,132.0,Normal
3543,2026-06-14,Hip thrust,4,7,26.5,RPE 9
3544,2025-12-05,Remo con barra,5,9,18.0,Pesado
3545,2025-08-16,Sentadilla,5,7,115.0,Fallo cerca
3546,2026-05-29,Sentadilla búlgara,2,2,103.5,Pesado
3547,2025-10-22,Press de banca,2,4,101.0,Normal
3548,2026-02-14,Press militar,5,13,62.5,RPE 8
3549,2026-06-22,Elevaciones laterales,5,4,115.5,Fallo cerca
3550,2025-09-03,Curl de bíceps,4,13,143.0,Normal
3551,2026-02-21,Curl de bíceps,2,12,49.0,Buen estímulo
3552,2025-08-08,Curl de bíceps,1,8,90.5,Normal
3553,2025-10-22,Press militar,4,5,109.0,Normal
3554,2026-06-15,Curl de bíceps,1,8,26.5,Fácil
3555,2026-05-03,Remo con barra,1,14,120.5,Fallo cerca
3556,2025-08-19,Remo con barra,4,8,142.0,RPE 9
3557,2026-03-24,Remo con barra,3,2,129.5,Fácil
3558,2025-08-09,Sentadilla búlgara,1,9,46.5,Fácil
3559,2026-07-01,Curl de bíceps,3,4,42.5,RPE 9
3560,2026-04-04,Curl de bíceps,1,11,68.0,Buena técnica
3561,2025-11-13,Press de banca,3,6,126.5,Pesado
3562,2026-04-03,Sentadilla,1,7,102.5,RPE 8
3563,2026-05-22,Curl de bíceps,5,9,52.0,Fácil
3564,2025-12-30,Press de banca,5,11,43.0,RPE 9
3565,2025-09-24,Sentadilla,5,7,21.5,RPE 9
3566,2026-02-27,Sentadilla búlgara,5,9,137.0,Fallo cerca
3567,2026-01-24,Hip thrust,2,3,142.0,Fallo cerca
3568,2025-11-06,Sentadilla,3,12,135.0,Buen estímulo
3569,2026-05-29,Peso muerto,3,3,105.5,RPE 8
3570,2026-07-11,Hip thrust,4,10,125.0,Fácil
3571,2026-07-17,Hip thrust,5,3,46.5,RPE 9
3572,2026-01-01,Sentadilla búlgara,5,4,33.5,Normal
3573,2025-12-03,Peso muerto,1,2,73.5,Buena técnica
3574,2026-06-23,Press militar,2,1,52.0,Normal
3575,2025-09-23,Sentadilla,3,10,139.0,Buena técnica
3576,2026-03-10,Dominadas lastradas,2,11,15.5,Normal
3577,2026-04-24,Fondos lastrados,1,1,109.5,Fallo cerca
3578,2025-11-11,Press francés,4,1,71.5,Fácil
3579,2025-09-12,Press de banca,5,5,116.0,Buena técnica
3580,2025-09-22,Remo con barra,4,2,30.5,Normal
3581,2025-11-18,Remo con barra,2,6,52.5,Normal
3582,2025-10-05,Press de banca,2,13,11.0,Fallo cerca
3583,2026-06-01,Elevaciones laterales,5,9,124.5,RPE 9
3584,2025-11-05,Press francés,1,6,135.5,Pesado
3585,2025-09-11,Press de banca,2,8,115.0,Pesado
3586,2026-03-03,Press de banca,5,2,16.5,RPE 8
3587,2025-11-06,Elevaciones laterales,5,4,93.0,Fallo cerca
3588,2025-12-22,Sentadilla búlgara,5,4,97.0,RPE 9
3589,2026-06-28,Press francés,2,11,148.5,Fácil
3590,2026-06-29,Sentadilla búlgara,2,8,42.5,Fácil
3591,2026-06-04,Elevaciones laterales,2,5,139.0,Buena técnica
3592,2026-07-04,Sentadilla búlgara,2,12,57.0,RPE 9
3593,2025-12-19,Press de banca,2,4,57.5,Normal
3594,2025-08-29,Sentadilla,1,7,98.5,Buena técnica
3595,2025-11-10,Peso muerto,2,11,135.0,Pesado
3596,2025-11-20,Press de banca,2,15,71.5,Fallo cerca
3597,2025-12-12,Peso muerto,4,3,119.0,RPE 9
3598,2025-08-13,Elevaciones laterales,5,15,145.0,Buen estímulo
3599,2026-06-25,Dominadas lastradas,3,15,144.0,Fallo cerca
3600,2025-09-01,Hip thrust,5,5,74.5,Normal
3601,2025-11-20,Press francés,4,10,17.5,Normal
3602,2025-11-14,Fondos lastrados,4,15,82.0,Pesado
3603,2026-06-25,Dominadas lastradas,4,4,16.0,RPE 8
3604,2025-10-06,Remo con barra,1,9,74.0,Normal
3605,2026-02-07,Curl de bíceps,5,9,148.0,Normal
3606,2026-06-18,Dominadas lastradas,2,3,117.0,Buen estímulo
3607,2025-09-03,Peso muerto,4,4,130.0,Pesado
3608,2026-07-08,Sentadilla,3,9,80.5,Normal
3609,2026-01-10,Sentadilla,5,2,30.5,RPE 8
3610,2025-11-12,Remo con barra,2,15,29.5,Normal
3611,2026-05-08,Peso muerto,3,1,129.0,Buen estímulo
3612,2026-04-09,Press de banca,5,5,126.0,Fácil
3613,2026-04-19,Sentadilla búlgara,1,14,72.5,Buena técnica
3614,2025-10-09,Press militar,3,3,115.5,RPE 8
3615,2025-09-30,Dominadas lastradas,1,10,121.5,Fácil
3616,2025-11-30,Curl de bíceps,4,2,99.5,Normal
3617,2025-11-10,Elevaciones laterales,2,8,135.0,RPE 8
3618,2025-11-16,Remo con barra,1,1,117.0,Buen estímulo
3619,2025-10-15,Hip thrust,5,2,93.0,RPE 8
3620,2025-11-03,Press militar,4,2,100.0,RPE 8
3621,2025-11-23,Press militar,5,4,134.0,Fallo cerca
3622,2026-02-09,Fondos lastrados,5,13,32.5,Buen estímulo
3623,2025-12-30,Dominadas lastradas,4,7,70.5,Fácil
3624,2025-12-17,Elevaciones laterales,4,7,106.5,Buen estímulo
3625,2026-03-06,Press militar,3,8,21.5,Normal
3626,2025-11-17,Peso muerto,5,11,126.5,Pesado
3627,2026-01-11,Peso muerto,2,8,86.0,Buen estímulo
3628,2026-05-08,Dominadas lastradas,5,14,68.5,Pesado
3629,2026-04-12,Fondos lastrados,5,10,87.5,Buen estímulo
3630,2026-04-11,Press francés,5,15,100.5,Buen estímulo
3631,2025-08-21,Hip thrust,2,14,13.5,Fácil
3632,2025-08-28,Elevaciones laterales,5,11,62.5,Fácil
3633,2026-01-24,Press francés,3,8,141.0,Fácil
3634,2026-07-17,Fondos lastrados,4,15,109.0,Fallo cerca
3635,2025-08-09,Press francés,5,2,65.0,Pesado
3636,2025-08-06,Sentadilla,5,11,66.5,RPE 9
3637,2026-02-17,Press de banca,3,14,141.5,Fallo cerca
3638,2026-04-28,Dominadas lastradas,5,15,77.0,Normal
3639,2025-08-29,Press de banca,3,3,88.5,Pesado
3640,2026-03-21,Peso muerto,4,14,55.5,Fácil
3641,2026-01-15,Press francés,1,6,26.0,RPE 8
3642,2026-05-01,Sentadilla búlgara,1,15,87.0,RPE 9
3643,2025-07-23,Fondos lastrados,1,2,40.5,RPE 8
3644,2026-03-22,Sentadilla,1,6,46.0,Fácil
3645,2025-08-22,Press de banca,2,8,88.0,Normal
3646,2025-12-09,Peso muerto,1,8,43.5,Buen estímulo
3647,2026-02-15,Peso muerto,5,14,149.5,RPE 9
3648,2025-08-16,Sentadilla búlgara,1,12,121.5,Pesado
3649,2026-02-22,Remo con barra,3,7,45.0,Fallo cerca
3650,2025-09-24,Dominadas lastradas,4,10,46.0,RPE 9
3651,2026-07-13,Sentadilla búlgara,2,3,143.0,RPE 8
3652,2025-09-11,Dominadas lastradas,1,5,58.5,Fallo cerca
3653,2025-10-31,Press de banca,4,7,38.5,Fácil
3654,2025-11-05,Elevaciones laterales,2,5,84.5,Buena técnica
3655,2026-01-16,Remo con barra,4,12,94.0,Normal
3656,2026-05-05,Dominadas lastradas,2,5,116.0,Fallo cerca
3657,2026-05-31,Sentadilla búlgara,5,3,60.5,Buena técnica
3658,2026-03-24,Curl de bíceps,2,5,23.0,Buen estímulo
3659,2026-02-18,Sentadilla,3,2,51.0,RPE 8
3660,2026-06-27,Peso muerto,4,8,65.0,Buen estímulo
3661,2025-12-15,Elevaciones laterales,5,7,65.0,Buena técnica
3662,2026-01-03,Press francés,3,13,106.0,Buena técnica
3663,2025-11-23,Sentadilla búlgara,3,10,58.0,RPE 9
3664,2025-11-03,Sentadilla,3,3,114.0,Buen estímulo
3665,2026-04-03,Fondos lastrados,2,10,86.5,RPE 8
3666,2025-11-10,Peso muerto,2,15,85.5,Fácil
3667,2026-04-19,Hip thrust,1,12,71.5,Buen estímulo
3668,2026-02-21,Dominadas lastradas,2,7,97.5,Normal
3669,2025-09-19,Dominadas lastradas,4,10,52.5,RPE 9
3670,2026-05-31,Press militar,3,7,116.5,Pesado
3671,2025-09-03,Press de banca,1,14,62.5,Buen estímulo
3672,2026-01-15,Remo con barra,1,9,119.5,RPE 9
3673,2026-02-28,Hip thrust,1,11,56.5,RPE 8
3674,2026-04-15,Dominadas lastradas,3,4,32.5,Fácil
3675,2026-06-16,Elevaciones laterales,3,6,18.5,Fallo cerca
3676,2026-02-15,Fondos lastrados,4,3,93.5,RPE 9
3677,2025-09-14,Hip thrust,5,15,16.0,RPE 9
3678,2026-01-26,Remo con barra,4,13,79.5,Fácil
3679,2025-09-14,Dominadas lastradas,5,2,49.5,RPE 8
3680,2026-03-06,Elevaciones laterales,2,14,103.5,Normal
3681,2025-10-12,Remo con barra,2,12,93.0,Pesado
3682,2026-07-12,Elevaciones laterales,1,7,117.0,Normal
3683,2026-03-14,Remo con barra,2,9,25.5,RPE 8
3684,2025-08-02,Peso muerto,3,5,34.0,Fácil
3685,2026-06-10,Dominadas lastradas,4,7,114.0,Buena técnica
3686,2025-10-25,Press de banca,4,11,126.0,Buen estímulo
3687,2026-06-10,Elevaciones laterales,1,10,43.5,Normal
3688,2025-10-08,Press de banca,1,10,112.5,RPE 9
3689,2026-05-03,Elevaciones laterales,2,4,30.0,Fácil
3690,2026-04-12,Sentadilla búlgara,5,11,75.0,Buen estímulo
3691,2026-05-26,Dominadas lastradas,1,13,144.0,Normal
3692,2026-03-02,Elevaciones laterales,1,2,64.0,Fallo cerca
3693,2026-01-29,Hip thrust,2,15,66.0,Pesado
3694,2025-08-12,Sentadilla,5,5,139.5,RPE 9
3695,2026-07-16,Remo con barra,4,15,122.5,Normal
3696,2026-06-12,Dominadas lastradas,5,12,75.0,Fallo cerca
3697,2025-11-11,Peso muerto,4,13,20.5,Buen estímulo
3698,2026-05-13,Press francés,2,4,99.5,Buen estímulo
3699,2025-09-08,Remo con barra,3,8,113.0,RPE 9
3700,2025-10-09,Fondos lastrados,1,2,34.5,Buen estímulo
3701,2026-04-09,Remo con barra,1,8,55.5,Normal
3702,2026-02-13,Fondos lastrados,1,1,124.0,Fallo cerca
3703,2025-10-30,Sentadilla,2,6,16.0,RPE 9
3704,2026-07-11,Peso muerto,5,14,45.0,Fallo cerca
3705,2026-02-11,Press francés,2,14,106.5,Buena técnica
3706,2026-04-26,Peso muerto,4,2,77.0,RPE 8
3707,2026-03-15,Curl de bíceps,3,5,96.5,Pesado
3708,2025-08-03,Dominadas lastradas,2,11,89.5,Fácil
3709,2026-03-18,Press militar,3,10,92.5,Buen estímulo
3710,2026-05-05,Hip thrust,4,14,109.0,Fácil
3711,2026-03-22,Press militar,5,8,93.0,RPE 9
3712,2026-02-15,Sentadilla,5,1,53.0,RPE 9
3713,2025-12-19,Curl de bíceps,4,10,119.5,Buena técnica
3714,2025-09-24,Press de banca,2,2,96.5,Buen estímulo
3715,2025-09-10,Dominadas lastradas,2,10,62.0,RPE 8
3716,2026-04-19,Peso muerto,3,8,75.0,RPE 9
3717,2025-10-07,Elevaciones laterales,5,15,122.0,RPE 9
3718,2026-05-03,Press de banca,1,8,108.5,Buena técnica
3719,2025-10-21,Sentadilla búlgara,5,9,46.0,RPE 9
3720,2026-01-14,Sentadilla,3,14,105.5,Normal
3721,2025-12-08,Curl de bíceps,1,1,86.0,Pesado
3722,2026-04-15,Sentadilla,1,8,123.0,Buen estímulo
3723,2026-07-01,Sentadilla,5,8,24.0,Buena técnica
3724,2025-08-12,Sentadilla búlgara,1,8,128.0,Pesado
3725,2026-06-11,Press de banca,1,13,51.5,Fácil
3726,2025-11-17,Press de banca,5,5,112.0,Buena técnica
3727,2025-10-27,Remo con barra,4,5,60.0,Buen estímulo
3728,2025-12-09,Remo con barra,4,14,131.5,Fácil
3729,2026-04-22,Press de banca,3,14,145.5,Buena técnica
3730,2026-03-31,Press de banca,1,10,127.5,Pesado
3731,2026-04-04,Fondos lastrados,2,3,95.0,RPE 8
3732,2025-10-25,Sentadilla,5,6,137.0,Normal
3733,2026-04-03,Press militar,4,10,101.5,Buena técnica
3734,2026-04-01,Remo con barra,4,14,20.0,RPE 8
3735,2026-05-01,Press francés,3,1,26.0,Buen estímulo
3736,2025-12-14,Press de banca,1,2,135.5,Fallo cerca
3737,2026-04-25,Elevaciones laterales,1,11,115.0,RPE 9
3738,2025-12-16,Curl de bíceps,3,2,135.5,Buen estímulo
3739,2025-09-04,Press francés,3,7,126.0,Buen estímulo
3740,2025-08-17,Hip thrust,1,9,29.0,Fácil
3741,2026-01-14,Fondos lastrados,2,8,139.0,Fácil
3742,2026-06-06,Sentadilla búlgara,3,1,90.0,Buen estímulo
3743,2026-05-17,Press de banca,5,3,83.5,Normal
3744,2025-09-04,Fondos lastrados,2,13,93.0,Buena técnica
3745,2026-05-20,Press francés,5,6,45.0,Buena técnica
3746,2025-12-29,Fondos lastrados,5,10,22.5,Buen estímulo
3747,2026-01-18,Sentadilla,1,6,80.0,RPE 8
3748,2025-10-14,Elevaciones laterales,2,2,89.5,RPE 9
3749,2026-01-02,Press de banca,2,5,63.0,Buen estímulo
3750,2025-12-27,Press militar,3,5,126.5,Buena técnica
3751,2026-07-03,Remo con barra,2,15,75.5,Fallo cerca
3752,2026-04-11,Hip thrust,3,4,12.5,Fácil
3753,2026-01-25,Curl de bíceps,2,6,71.0,Buen estímulo
3754,2026-01-05,Elevaciones laterales,3,3,105.0,Buena técnica
3755,2026-03-16,Dominadas lastradas,4,7,39.0,Fácil
3756,2026-07-01,Fondos lastrados,1,3,68.0,RPE 8
3757,2025-12-12,Fondos lastrados,4,4,125.0,Buena técnica
3758,2025-09-09,Curl de bíceps,5,3,77.0,RPE 8
3759,2025-09-17,Curl de bíceps,3,9,141.5,RPE 8
3760,2025-10-17,Sentadilla búlgara,4,7,12.0,RPE 8
3761,2026-07-05,Dominadas lastradas,4,7,35.5,RPE 9
3762,2026-04-03,Press de banca,2,10,100.0,Buena técnica
3763,2026-07-18,Remo con barra,4,3,78.5,RPE 8
3764,2026-02-01,Remo con barra,2,5,28.5,RPE 8
3765,2026-03-02,Peso muerto,1,2,12.0,RPE 8
3766,2025-09-29,Curl de bíceps,5,12,88.0,Buena técnica
3767,2026-05-23,Peso muerto,3,9,134.0,Pesado
3768,2025-12-25,Press militar,2,7,139.0,Fallo cerca
3769,2026-07-13,Elevaciones laterales,3,13,99.0,Buen estímulo
3770,2026-02-06,Elevaciones laterales,3,15,135.0,RPE 9
3771,2025-10-02,Dominadas lastradas,3,3,79.5,Fallo cerca
3772,2026-01-27,Press de banca,5,1,83.0,RPE 8
3773,2025-12-28,Sentadilla,4,5,112.5,RPE 8
3774,2026-02-21,Hip thrust,1,10,138.0,Fallo cerca
3775,2025-11-09,Sentadilla búlgara,4,5,106.0,Fallo cerca
3776,2025-09-04,Press de banca,5,11,102.0,Normal
3777,2026-06-16,Remo con barra,1,8,20.5,Pesado
3778,2026-07-08,Peso muerto,4,9,146.5,Buena técnica
3779,2026-04-06,Press militar,2,1,69.5,RPE 9
3780,2026-01-10,Press francés,2,6,61.5,Pesado
3781,2026-02-13,Sentadilla,1,10,138.0,Buen estímulo
3782,2026-05-24,Dominadas lastradas,5,13,74.5,RPE 9
3783,2026-06-06,Press de banca,2,1,49.5,RPE 9
3784,2026-01-18,Dominadas lastradas,2,7,51.0,RPE 8
3785,2025-12-31,Sentadilla búlgara,1,15,74.5,Normal
3786,2025-09-16,Remo con barra,4,3,37.5,Fallo cerca
3787,2025-10-16,Peso muerto,4,12,120.5,RPE 9
3788,2026-03-09,Hip thrust,3,1,99.5,Normal
3789,2025-12-13,Fondos lastrados,1,13,15.5,RPE 8
3790,2025-10-25,Elevaciones laterales,2,4,24.0,Normal
3791,2025-10-21,Fondos lastrados,5,11,94.5,Fallo cerca
3792,2025-08-10,Remo con barra,1,13,123.0,Pesado
3793,2026-02-14,Fondos lastrados,2,15,16.5,RPE 9
3794,2026-03-29,Hip thrust,2,8,136.0,Buena técnica
3795,2026-01-19,Fondos lastrados,2,11,73.0,Buen estímulo
3796,2026-02-01,Press militar,3,14,113.5,Fallo cerca
3797,2026-05-10,Fondos lastrados,2,2,42.5,Pesado
3798,2026-02-21,Press francés,3,2,139.5,Buena técnica
3799,2026-01-31,Sentadilla búlgara,4,3,129.0,RPE 9
3800,2025-11-26,Hip thrust,3,15,36.0,Fácil
3801,2025-11-15,Press militar,1,10,30.0,Buen estímulo
3802,2026-01-08,Press de banca,4,8,96.5,Normal
3803,2026-05-19,Sentadilla,3,6,67.5,Fallo cerca
3804,2026-06-26,Press militar,3,12,61.0,Buen estímulo
3805,2025-10-15,Fondos lastrados,1,2,39.0,Fallo cerca
3806,2026-06-14,Press francés,2,14,123.5,Normal
3807,2025-12-03,Fondos lastrados,2,12,139.5,Fallo cerca
3808,2026-02-03,Press de banca,2,12,15.0,Normal
3809,2026-02-26,Press francés,1,9,58.5,Normal
3810,2025-08-07,Fondos lastrados,1,1,66.5,Buena técnica
3811,2026-05-06,Sentadilla,5,1,33.5,Fallo cerca
3812,2025-11-30,Press militar,3,5,106.0,Fallo cerca
3813,2025-11-30,Elevaciones laterales,4,15,86.0,Normal
3814,2026-06-10,Press francés,5,12,31.0,Pesado
3815,2026-02-14,Press militar,1,14,145.0,Fallo cerca
3816,2026-03-25,Hip thrust,2,14,39.0,RPE 8
3817,2025-10-21,Remo con barra,5,15,25.0,RPE 9
3818,2026-05-21,Peso muerto,1,9,57.5,Fallo cerca
3819,2026-04-12,Elevaciones laterales,4,6,51.0,RPE 8
3820,2026-05-05,Dominadas lastradas,2,12,46.0,RPE 8
3821,2026-04-06,Peso muerto,2,7,143.5,Fallo cerca
3822,2026-02-24,Sentadilla,3,11,138.0,RPE 9
3823,2026-04-16,Sentadilla búlgara,3,9,45.0,Pesado
3824,2026-07-02,Remo con barra,4,10,141.0,Buena técnica
3825,2026-04-21,Press francés,3,15,121.0,Pesado
3826,2026-07-02,Fondos lastrados,5,7,136.0,RPE 9
3827,2026-05-26,Press de banca,4,1,18.5,Normal
3828,2025-11-13,Press francés,2,14,85.0,Pesado
3829,2025-11-01,Fondos lastrados,3,6,40.5,Fallo cerca
3830,2026-04-11,Hip thrust,3,11,68.5,Normal
3831,2025-11-19,Fondos lastrados,5,7,109.5,Fácil
3832,2026-02-14,Peso muerto,2,2,63.0,RPE 8
3833,2025-10-08,Curl de bíceps,4,9,36.0,Normal
3834,2026-05-19,Peso muerto,2,9,114.0,Fácil
3835,2026-05-24,Sentadilla búlgara,2,2,102.5,Fallo cerca
3836,2026-04-23,Press francés,2,14,113.0,RPE 8
3837,2025-10-14,Peso muerto,2,1,23.0,Fallo cerca
3838,2025-11-27,Press militar,3,3,72.0,RPE 9
3839,2025-08-06,Fondos lastrados,4,8,11.0,RPE 9
3840,2025-08-06,Press de banca,5,4,35.0,Fácil
3841,2025-12-10,Hip thrust,2,10,104.0,Fallo cerca
3842,2026-02-21,Press francés,2,1,35.5,Fácil
3843,2025-12-19,Peso muerto,2,10,148.0,Pesado
3844,2025-08-28,Press francés,3,6,104.5,RPE 8
3845,2025-08-13,Press militar,2,13,100.0,RPE 9
3846,2026-07-11,Curl de bíceps,3,5,37.5,RPE 9
3847,2026-02-25,Curl de bíceps,5,3,31.5,Buen estímulo
3848,2025-10-01,Fondos lastrados,4,5,12.0,Fallo cerca
3849,2026-03-25,Curl de bíceps,1,5,119.0,Buena técnica
3850,2025-10-01,Remo con barra,2,7,12.5,Pesado
3851,2025-08-06,Hip thrust,5,9,131.0,Buena técnica
3852,2026-04-03,Sentadilla búlgara,1,13,114.0,RPE 8
3853,2026-02-27,Elevaciones laterales,2,4,122.0,Buena técnica
3854,2025-10-01,Press francés,5,9,55.5,RPE 9
3855,2025-12-21,Sentadilla,1,8,78.5,Fallo cerca
3856,2025-07-23,Curl de bíceps,5,10,51.5,Normal
3857,2026-04-19,Hip thrust,3,11,41.0,Buena técnica
3858,2025-12-18,Sentadilla búlgara,3,3,134.5,Pesado
3859,2026-06-14,Sentadilla,3,7,135.5,Pesado
3860,2025-11-11,Press de banca,2,6,60.0,Fácil
3861,2025-08-29,Press militar,4,8,141.5,Fácil
3862,2026-07-10,Peso muerto,3,4,130.5,Normal
3863,2025-10-11,Sentadilla,2,10,79.5,Fácil
3864,2025-10-18,Curl de bíceps,1,10,112.0,RPE 9
3865,2026-06-21,Curl de bíceps,2,5,108.5,RPE 8
3866,2025-11-18,Press militar,4,11,145.0,Pesado
3867,2025-09-14,Sentadilla búlgara,4,7,65.0,Buena técnica
3868,2025-07-30,Press militar,3,9,103.0,RPE 9
3869,2025-09-06,Press de banca,3,13,43.5,RPE 9
3870,2025-12-26,Peso muerto,3,10,95.0,RPE 8
3871,2026-03-23,Remo con barra,4,13,46.0,Buen estímulo
3872,2026-07-17,Dominadas lastradas,5,12,78.5,RPE 8
3873,2026-04-30,Press francés,4,14,125.5,Fallo cerca
3874,2025-10-19,Curl de bíceps,5,15,111.5,RPE 9
3875,2026-02-22,Curl de bíceps,5,2,132.0,Fallo cerca
3876,2026-07-01,Elevaciones laterales,4,10,24.0,Fácil
3877,2026-05-09,Press militar,2,3,40.0,Pesado
3878,2026-01-10,Sentadilla búlgara,1,13,139.5,RPE 8
3879,2026-03-18,Hip thrust,5,8,70.5,Fácil
3880,2025-09-16,Sentadilla búlgara,5,5,93.5,Buena técnica
3881,2025-08-15,Sentadilla búlgara,3,1,122.5,Normal
3882,2026-03-28,Sentadilla,2,13,67.5,Normal
3883,2026-06-23,Press francés,3,7,108.0,Fallo cerca
3884,2026-02-18,Elevaciones laterales,3,6,77.5,Pesado
3885,2026-04-06,Press de banca,3,3,100.5,Pesado
3886,2025-12-23,Peso muerto,3,11,13.5,Fácil
3887,2026-02-10,Peso muerto,1,11,116.5,RPE 9
3888,2025-09-01,Press militar,5,11,126.0,Fácil
3889,2026-04-23,Hip thrust,5,5,22.0,RPE 8
3890,2025-07-31,Press francés,4,13,19.0,Pesado
3891,2025-07-19,Press francés,4,6,126.5,Normal
3892,2025-08-12,Peso muerto,2,13,21.0,Normal
3893,2025-08-02,Fondos lastrados,2,13,145.0,Fallo cerca
3894,2026-05-16,Press francés,5,3,54.5,RPE 9
3895,2026-01-06,Sentadilla búlgara,5,12,81.0,Pesado
3896,2025-09-06,Dominadas lastradas,2,10,79.0,RPE 9
3897,2026-05-06,Fondos lastrados,1,3,29.5,Fallo cerca
3898,2025-09-29,Dominadas lastradas,1,12,65.5,Fácil
3899,2026-01-23,Curl de bíceps,5,12,42.0,Fallo cerca
3900,2025-08-05,Elevaciones laterales,2,2,136.5,Buen estímulo
3901,2026-03-30,Remo con barra,3,1,10.0,RPE 8
3902,2025-10-26,Press militar,3,3,88.5,RPE 8
3903,2025-07-19,Remo con barra,5,11,92.0,Normal
3904,2025-09-23,Peso muerto,1,3,145.0,RPE 8
3905,2026-02-26,Elevaciones laterales,5,3,142.5,Fallo cerca
3906,2025-11-18,Dominadas lastradas,3,4,34.5,RPE 9
3907,2026-04-27,Peso muerto,4,5,59.5,Fácil
3908,2026-04-24,Press francés,2,3,50.0,RPE 9
3909,2026-06-07,Fondos lastrados,3,14,62.5,RPE 8
3910,2026-05-17,Press de banca,5,12,26.5,Buena técnica
3911,2025-11-21,Elevaciones laterales,5,14,70.0,Buena técnica
3912,2025-07-26,Remo con barra,2,10,18.5,Normal
3913,2026-02-12,Sentadilla búlgara,5,4,79.5,Pesado
3914,2026-06-11,Press militar,5,9,50.0,Normal
3915,2026-02-14,Hip thrust,2,5,128.0,Fácil
3916,2026-02-05,Dominadas lastradas,3,6,30.0,Normal
3917,2025-12-06,Dominadas lastradas,3,4,123.0,Buen estímulo
3918,2026-01-25,Elevaciones laterales,4,15,88.0,Buen estímulo
3919,2025-09-18,Peso muerto,2,15,79.0,RPE 9
3920,2026-02-01,Hip thrust,2,13,47.0,Normal
3921,2025-10-28,Peso muerto,3,6,77.0,Buena técnica
3922,2026-01-11,Elevaciones laterales,3,6,96.5,Fallo cerca
3923,2025-07-26,Fondos lastrados,1,1,56.0,Buen estímulo
3924,2025-09-09,Sentadilla,5,11,61.0,RPE 9
3925,2025-12-28,Press francés,4,12,11.5,RPE 9
3926,2025-09-24,Press de banca,4,2,97.5,Buena técnica
3927,2026-06-25,Remo con barra,3,9,40.0,Buen estímulo
3928,2025-09-23,Dominadas lastradas,4,4,72.5,Fácil
3929,2026-03-18,Peso muerto,5,10,78.5,RPE 8
3930,2026-06-02,Sentadilla búlgara,1,1,25.0,Normal
3931,2026-06-16,Press francés,5,11,46.5,Buena técnica
3932,2025-11-19,Elevaciones laterales,1,2,15.0,RPE 8
3933,2026-05-10,Curl de bíceps,5,12,50.0,Fallo cerca
3934,2026-04-18,Dominadas lastradas,4,14,100.5,Buen estímulo
3935,2025-11-14,Hip thrust,5,8,101.5,Fallo cerca
3936,2026-02-20,Elevaciones laterales,3,1,94.0,Buen estímulo
3937,2026-03-14,Press de banca,1,6,120.0,Normal
3938,2026-01-16,Dominadas lastradas,4,7,138.5,Fallo cerca
3939,2026-03-24,Dominadas lastradas,5,13,98.5,Buena técnica
3940,2026-05-01,Hip thrust,2,5,113.5,Pesado
3941,2026-07-07,Press de banca,1,8,71.5,Buena técnica
3942,2025-08-23,Curl de bíceps,4,15,114.5,Pesado
3943,2026-04-06,Sentadilla búlgara,1,14,123.5,Fácil
3944,2025-09-01,Peso muerto,5,14,122.0,Fácil
3945,2025-07-30,Fondos lastrados,2,5,130.0,Buena técnica
3946,2026-05-23,Peso muerto,3,13,137.0,Fallo cerca
3947,2025-10-01,Sentadilla búlgara,2,2,41.5,Fácil
3948,2026-01-28,Sentadilla,2,1,44.5,Fácil
3949,2025-08-28,Dominadas lastradas,4,11,26.5,Fallo cerca
3950,2026-03-21,Elevaciones laterales,1,10,58.5,Pesado
3951,2025-12-12,Press militar,3,11,132.0,Fácil
3952,2025-11-16,Fondos lastrados,5,4,13.5,RPE 9
3953,2026-05-14,Press de banca,1,10,48.5,RPE 8
3954,2026-06-24,Press francés,4,12,142.0,Buena técnica
3955,2025-08-16,Press militar,3,9,96.0,RPE 8
3956,2026-05-18,Press de banca,1,13,81.5,Normal
3957,2025-09-19,Sentadilla,2,2,21.5,Fallo cerca
3958,2026-02-23,Curl de bíceps,4,12,37.5,Fácil
3959,2026-01-31,Press militar,1,2,100.0,Pesado
3960,2025-12-01,Sentadilla,5,12,133.5,RPE 8
3961,2025-12-24,Press militar,3,4,21.5,Normal
3962,2026-02-16,Press militar,1,7,145.5,Pesado
3963,2026-05-14,Remo con barra,5,14,89.0,Buen estímulo
3964,2025-12-15,Remo con barra,2,3,35.0,Fácil
3965,2026-04-18,Fondos lastrados,1,13,136.0,Fallo cerca
3966,2026-03-22,Elevaciones laterales,2,13,41.5,Normal
3967,2025-08-30,Sentadilla búlgara,2,13,147.5,RPE 8
3968,2026-06-08,Remo con barra,2,12,141.5,Fallo cerca
3969,2026-01-14,Press de banca,2,13,59.0,Normal
3970,2026-02-19,Remo con barra,5,3,33.5,Normal
3971,2026-05-11,Press francés,2,9,145.0,Fallo cerca
3972,2025-10-04,Remo con barra,2,1,144.5,Pesado
3973,2025-08-06,Dominadas lastradas,4,3,27.0,Pesado
3974,2026-02-07,Press de banca,4,7,54.0,Buen estímulo
3975,2026-04-20,Fondos lastrados,4,10,116.0,Buena técnica
3976,2026-04-03,Press francés,4,15,38.0,Buena técnica
3977,2026-01-02,Press de banca,4,10,62.0,Normal
3978,2025-09-07,Press de banca,5,12,78.0,Fácil
3979,2026-02-15,Remo con barra,3,15,121.0,Normal
3980,2026-03-18,Press militar,2,12,24.0,Buena técnica
3981,2026-03-15,Dominadas lastradas,3,3,81.5,Normal
3982,2025-12-13,Dominadas lastradas,5,9,114.0,Pesado
3983,2025-09-19,Sentadilla búlgara,1,13,58.5,Fallo cerca
3984,2026-07-12,Elevaciones laterales,4,2,29.0,Buena técnica
3985,2025-10-17,Peso muerto,2,1,93.5,Pesado
3986,2026-03-30,Press militar,2,2,145.0,RPE 9
3987,2026-05-08,Sentadilla búlgara,3,1,66.5,RPE 8
3988,2026-03-21,Press de banca,2,5,93.0,Normal
3989,2026-05-19,Hip thrust,4,4,92.5,Normal
3990,2026-05-26,Hip thrust,3,7,65.5,Buena técnica
3991,2026-01-04,Press de banca,1,7,65.0,Normal
3992,2025-12-10,Remo con barra,5,8,11.0,RPE 9
3993,2025-12-28,Sentadilla,4,3,105.0,Buena técnica
3994,2025-09-19,Remo con barra,4,13,91.5,RPE 8
3995,2026-01-25,Curl de bíceps,3,12,123.5,RPE 9
3996,2026-01-06,Sentadilla búlgara,3,13,91.5,Fácil
3997,2025-11-09,Elevaciones laterales,2,11,84.5,Buen estímulo
3998,2025-11-08,Press francés,2,13,70.5,RPE 8
3999,2025-11-13,Sentadilla búlgara,5,7,114.5,Fácil
4000,2025-09-24,Curl de bíceps,3,8,55.5,Buen estímulo
4001,2025-07-24,Curl de bíceps,4,12,142.0,RPE 9
4002,2025-10-13,Remo con barra,1,5,144.0,Buena técnica
4003,2025-07-30,Sentadilla,4,14,78.5,RPE 8
4004,2026-04-11,Sentadilla,4,2,126.0,Pesado
4005,2025-09-18,Press militar,4,9,53.0,Pesado
4006,2025-11-29,Sentadilla,3,10,126.0,Buena técnica
4007,2025-09-21,Hip thrust,2,10,36.0,RPE 9
4008,2026-05-04,Peso muerto,2,8,119.0,Pesado
4009,2025-12-23,Peso muerto,5,9,18.0,Normal
4010,2025-09-01,Press militar,4,6,112.5,Normal
4011,2026-04-16,Curl de bíceps,3,14,23.5,Fácil
4012,2026-03-15,Fondos lastrados,2,7,97.0,Buen estímulo
4013,2026-07-15,Press francés,4,9,41.5,Buen estímulo
4014,2026-02-15,Fondos lastrados,4,7,33.0,Fácil
4015,2025-12-06,Fondos lastrados,2,2,20.0,Pesado
4016,2026-03-29,Sentadilla búlgara,1,9,109.0,Pesado
4017,2026-04-11,Sentadilla,5,10,34.5,Pesado
4018,2025-07-23,Dominadas lastradas,5,5,113.0,Normal
4019,2026-02-08,Press francés,5,3,35.0,Normal
4020,2026-03-04,Sentadilla búlgara,4,9,45.5,Normal
4021,2025-09-13,Dominadas lastradas,3,1,45.0,Normal
4022,2026-06-22,Press de banca,4,13,93.0,Fácil
4023,2025-12-29,Press francés,2,10,83.0,RPE 9
4024,2025-12-13,Press de banca,3,4,137.5,Buena técnica
4025,2025-09-24,Dominadas lastradas,2,1,78.0,Buena técnica
4026,2025-10-16,Sentadilla búlgara,1,7,22.0,Buen estímulo
4027,2026-01-08,Curl de bíceps,5,3,22.0,RPE 8
4028,2026-05-02,Press francés,1,3,137.0,Normal
4029,2026-06-03,Press militar,1,13,104.0,RPE 8
4030,2026-05-07,Sentadilla búlgara,4,13,34.0,Buen estímulo
4031,2026-05-11,Fondos lastrados,3,1,78.0,Buen estímulo
4032,2026-07-14,Peso muerto,3,5,11.0,Fácil
4033,2025-11-13,Hip thrust,4,4,148.5,Normal
4034,2025-08-18,Elevaciones laterales,5,5,111.5,RPE 8
4035,2025-12-23,Sentadilla,3,9,25.5,Buena técnica
4036,2025-12-25,Press militar,2,7,12.5,Fácil
4037,2025-09-12,Press militar,5,3,43.0,Normal
4038,2026-03-30,Peso muerto,3,12,97.5,Pesado
4039,2025-11-01,Press de banca,4,14,25.0,Buen estímulo
4040,2026-05-09,Press militar,1,6,123.5,Pesado
4041,2026-04-08,Fondos lastrados,4,15,59.0,Fallo cerca
4042,2025-11-27,Sentadilla,4,7,112.0,Buen estímulo
4043,2025-07-19,Curl de bíceps,4,14,142.5,Normal
4044,2026-03-13,Remo con barra,2,5,20.0,RPE 9
4045,2026-01-22,Remo con barra,1,7,95.0,Fácil
4046,2026-02-14,Fondos lastrados,1,8,109.0,Buena técnica
4047,2026-07-01,Press militar,1,12,51.5,RPE 8
4048,2025-12-25,Fondos lastrados,1,6,69.5,Buen estímulo
4049,2026-01-22,Press de banca,5,14,81.0,Normal
4050,2026-01-08,Elevaciones laterales,3,10,66.5,Buen estímulo
4051,2026-02-26,Sentadilla,1,13,91.5,Buen estímulo
4052,2026-07-15,Hip thrust,3,8,13.0,Normal
4053,2026-06-19,Press francés,4,2,58.5,Normal
4054,2025-11-13,Hip thrust,3,5,18.5,Normal
4055,2026-02-05,Remo con barra,5,9,68.0,Pesado
4056,2026-01-03,Peso muerto,4,11,92.0,RPE 8
4057,2026-07-06,Peso muerto,5,7,102.0,Normal
4058,2025-10-15,Press militar,4,15,98.0,Buena técnica
4059,2026-07-06,Sentadilla búlgara,5,13,147.5,Fallo cerca
4060,2026-04-23,Press militar,5,8,119.5,RPE 9
4061,2026-06-03,Remo con barra,1,12,143.5,Fácil
4062,2026-02-11,Fondos lastrados,1,7,141.0,RPE 9
4063,2026-03-08,Curl de bíceps,3,6,72.5,Pesado
4064,2026-03-18,Fondos lastrados,3,9,88.0,Buen estímulo
4065,2026-07-11,Sentadilla,5,4,54.5,Pesado
4066,2025-10-07,Curl de bíceps,2,3,139.5,Fallo cerca
4067,2026-05-10,Remo con barra,1,1,91.0,Normal
4068,2025-12-15,Hip thrust,5,10,124.0,RPE 9
4069,2025-09-25,Hip thrust,3,7,30.5,Buena técnica
4070,2026-01-28,Press de banca,3,7,105.5,Fallo cerca
4071,2025-11-07,Sentadilla,5,2,16.5,Fallo cerca
4072,2026-05-05,Press de banca,5,6,32.5,Buena técnica
4073,2026-03-03,Remo con barra,5,15,125.0,Buen estímulo
4074,2026-04-06,Curl de bíceps,5,15,126.0,Normal
4075,2025-10-25,Curl de bíceps,2,8,24.5,Fallo cerca
4076,2026-02-08,Remo con barra,3,11,79.5,RPE 8
4077,2026-04-22,Sentadilla,2,5,43.5,Fácil
4078,2025-12-28,Press de banca,1,15,75.5,Buena técnica
4079,2025-12-31,Fondos lastrados,5,11,78.5,Buen estímulo
4080,2025-12-17,Peso muerto,1,12,90.0,Buena técnica
4081,2026-05-13,Curl de bíceps,1,1,63.0,Fácil
4082,2025-08-01,Dominadas lastradas,5,6,27.5,Normal
4083,2026-04-25,Elevaciones laterales,1,4,41.0,Fácil
4084,2026-02-24,Dominadas lastradas,3,14,118.5,RPE 9
4085,2025-12-08,Peso muerto,1,7,34.0,RPE 9
4086,2026-04-10,Sentadilla búlgara,1,8,15.5,RPE 8
4087,2026-01-27,Sentadilla búlgara,5,5,19.5,RPE 9
4088,2025-11-21,Hip thrust,3,14,32.5,Buena técnica
4089,2026-05-14,Sentadilla,1,7,124.0,Normal
4090,2026-06-26,Dominadas lastradas,1,10,61.5,Buen estímulo
4091,2025-10-25,Remo con barra,3,4,138.5,Buen estímulo
4092,2026-04-13,Sentadilla,1,13,103.5,Normal
4093,2025-12-24,Remo con barra,4,1,78.5,Buen estímulo
4094,2026-05-23,Remo con barra,1,14,100.5,Fallo cerca
4095,2025-10-05,Press de banca,4,6,130.5,RPE 8
4096,2026-05-04,Press de banca,1,3,91.5,Buena técnica
4097,2026-03-04,Remo con barra,3,5,30.5,Pesado
4098,2026-06-19,Press de banca,2,13,62.5,Fallo cerca
4099,2025-08-30,Press francés,4,6,131.0,RPE 9
4100,2026-07-16,Dominadas lastradas,1,12,143.0,RPE 8
4101,2025-08-02,Dominadas lastradas,2,11,145.0,RPE 8
4102,2026-04-08,Peso muerto,1,7,39.0,Normal
4103,2026-05-15,Dominadas lastradas,5,6,47.5,Pesado
4104,2025-08-07,Hip thrust,5,9,23.5,RPE 9
4105,2025-12-21,Curl de bíceps,5,7,90.5,Normal
4106,2025-12-14,Elevaciones laterales,5,10,11.5,RPE 8
4107,2026-05-10,Dominadas lastradas,4,15,84.5,Fallo cerca
4108,2026-02-26,Elevaciones laterales,2,14,57.0,Buena técnica
4109,2026-06-22,Peso muerto,4,3,127.0,Fácil
4110,2026-03-25,Sentadilla,4,4,16.5,Buen estímulo
4111,2025-09-20,Hip thrust,5,14,114.0,Pesado
4112,2026-01-13,Curl de bíceps,2,15,93.5,RPE 9
4113,2026-03-25,Remo con barra,2,11,93.5,Normal
4114,2025-08-24,Remo con barra,5,14,44.5,Normal
4115,2026-03-13,Remo con barra,1,5,149.5,Buen estímulo
4116,2026-06-01,Hip thrust,3,15,108.5,Pesado
4117,2025-11-04,Press de banca,5,14,44.0,RPE 8
4118,2026-06-11,Press militar,1,8,122.0,RPE 8
4119,2025-11-18,Sentadilla,3,5,108.0,Normal
4120,2025-10-30,Press francés,3,11,31.5,Fácil
4121,2025-11-18,Elevaciones laterales,3,12,71.0,Buen estímulo
4122,2025-10-26,Press francés,3,10,75.0,RPE 8
4123,2026-05-01,Sentadilla,3,8,50.5,RPE 9
4124,2026-05-04,Press militar,3,7,42.0,Pesado
4125,2025-11-28,Press militar,4,1,113.0,Buena técnica
4126,2025-12-01,Sentadilla,4,1,116.5,RPE 9
4127,2025-12-12,Sentadilla,5,4,144.5,Pesado
4128,2026-05-18,Fondos lastrados,4,12,24.5,RPE 9
4129,2025-07-27,Press militar,2,8,95.5,Fácil
4130,2026-03-21,Press francés,5,11,110.0,Fácil
4131,2026-06-21,Dominadas lastradas,2,10,21.0,Buen estímulo
4132,2026-02-19,Curl de bíceps,3,9,116.5,Fácil
4133,2026-06-20,Hip thrust,5,6,39.5,Fácil
4134,2026-02-04,Sentadilla,1,2,25.5,RPE 8
4135,2026-07-09,Hip thrust,4,7,111.0,Pesado
4136,2026-03-24,Remo con barra,2,13,126.5,Buen estímulo
4137,2025-09-21,Elevaciones laterales,1,1,78.5,Fallo cerca
4138,2025-11-19,Fondos lastrados,4,2,92.5,Pesado
4139,2026-01-27,Elevaciones laterales,4,6,118.0,Fallo cerca
4140,2026-05-17,Elevaciones laterales,2,9,36.5,RPE 8
4141,2025-08-14,Remo con barra,5,6,72.0,Fallo cerca
4142,2025-12-03,Curl de bíceps,4,3,142.0,Buena técnica
4143,2025-10-05,Press francés,1,2,102.0,RPE 9
4144,2026-05-23,Hip thrust,2,11,20.5,Fallo cerca
4145,2026-04-11,Press militar,3,1,96.5,Normal
4146,2025-08-15,Hip thrust,4,8,55.0,Buen estímulo
4147,2026-04-29,Press de banca,5,5,146.5,Normal
4148,2026-01-22,Dominadas lastradas,3,15,89.0,RPE 8
4149,2026-03-19,Sentadilla búlgara,2,1,36.0,Buen estímulo
4150,2026-01-01,Sentadilla búlgara,1,4,86.0,Buena técnica
4151,2025-09-17,Elevaciones laterales,1,4,95.0,Fallo cerca
4152,2026-03-12,Peso muerto,1,6,91.5,Fácil
4153,2025-08-14,Sentadilla búlgara,3,1,24.0,Buena técnica
4154,2026-03-10,Press militar,1,11,129.5,Normal
4155,2025-12-28,Press de banca,5,6,82.0,Buena técnica
4156,2026-02-10,Fondos lastrados,3,14,57.5,Normal
4157,2025-11-13,Press de banca,3,12,118.5,RPE 8
4158,2025-11-23,Press francés,3,13,12.5,Fallo cerca
4159,2025-09-06,Curl de bíceps,1,15,30.0,Pesado
4160,2025-08-09,Sentadilla,2,4,138.5,Normal
4161,2025-12-11,Press militar,5,2,94.0,Normal
4162,2026-03-08,Remo con barra,4,9,119.0,Pesado
4163,2025-12-03,Hip thrust,2,10,101.5,RPE 8
4164,2026-07-05,Press militar,4,13,10.0,RPE 9
4165,2026-06-08,Sentadilla búlgara,1,4,148.0,Fallo cerca
4166,2025-12-25,Curl de bíceps,1,14,38.5,Buena técnica
4167,2026-05-02,Elevaciones laterales,4,1,62.5,Buen estímulo
4168,2026-06-15,Dominadas lastradas,3,8,111.0,RPE 9
4169,2025-07-28,Sentadilla,1,8,90.0,Fácil
4170,2026-04-21,Press militar,4,15,71.0,Normal
4171,2025-09-01,Sentadilla,5,11,139.5,RPE 9
4172,2025-07-22,Sentadilla búlgara,5,12,18.0,Fácil
4173,2025-10-31,Press de banca,4,10,142.0,Fallo cerca
4174,2025-12-31,Press francés,1,3,142.0,Fácil
4175,2026-05-10,Fondos lastrados,2,15,50.5,Pesado
4176,2026-05-09,Curl de bíceps,3,6,70.5,Fallo cerca
4177,2026-01-17,Press de banca,1,6,118.0,Pesado
4178,2025-11-07,Sentadilla,1,1,105.0,Fácil
4179,2025-11-12,Remo con barra,3,2,127.0,Pesado
4180,2026-05-11,Peso muerto,3,12,118.5,Fácil
4181,2025-09-28,Fondos lastrados,2,13,112.5,Normal
4182,2026-01-02,Press militar,4,12,118.0,Buen estímulo
4183,2025-08-27,Sentadilla búlgara,3,4,118.0,RPE 8
4184,2025-07-22,Peso muerto,1,3,52.5,Buena técnica
4185,2026-05-01,Dominadas lastradas,4,3,103.5,Fallo cerca
4186,2026-05-24,Sentadilla,4,7,89.0,Fácil
4187,2026-05-06,Sentadilla búlgara,3,4,99.5,Fallo cerca
4188,2026-03-04,Remo con barra,3,11,111.5,Fácil
4189,2026-07-06,Press de banca,1,15,81.0,RPE 8
4190,2026-05-15,Press de banca,3,10,33.5,Normal
4191,2026-01-10,Press de banca,3,2,14.5,Pesado
4192,2025-08-19,Fondos lastrados,1,8,99.5,RPE 8
4193,2025-07-31,Dominadas lastradas,1,7,23.0,Normal
4194,2025-08-23,Dominadas lastradas,5,15,136.0,RPE 8
4195,2026-03-07,Sentadilla,2,14,87.0,RPE 9
4196,2025-09-22,Elevaciones laterales,3,2,54.0,Pesado
4197,2026-06-11,Peso muerto,3,13,111.5,Fallo cerca
4198,2025-09-16,Sentadilla,3,1,69.0,RPE 8
4199,2026-05-08,Curl de bíceps,5,5,120.5,Normal
4200,2026-04-20,Press militar,2,6,32.5,Buena técnica
4201,2025-12-31,Press francés,2,9,21.0,Buen estímulo
4202,2025-11-27,Press militar,4,10,127.5,Buen estímulo
4203,2026-06-26,Hip thrust,2,3,62.0,Pesado
4204,2026-07-14,Press militar,5,11,62.0,Buena técnica
4205,2025-10-25,Curl de bíceps,4,9,32.0,RPE 8
4206,2026-04-29,Sentadilla,1,1,15.5,Fallo cerca
4207,2026-04-15,Press francés,1,9,111.5,Fallo cerca
4208,2026-07-09,Peso muerto,4,12,58.5,Buena técnica
4209,2026-02-01,Press de banca,2,6,141.5,Fácil
4210,2026-01-24,Remo con barra,5,8,127.0,Normal
4211,2026-03-02,Sentadilla,5,9,145.0,Fácil
4212,2026-01-25,Press militar,4,7,75.5,Buena técnica
4213,2025-12-19,Sentadilla búlgara,1,7,55.5,Fácil
4214,2026-04-06,Curl de bíceps,5,8,127.0,RPE 9
4215,2025-09-20,Fondos lastrados,2,9,89.5,Buena técnica
4216,2025-08-31,Peso muerto,5,7,44.5,Fácil
4217,2025-07-30,Press de banca,3,11,81.0,Pesado
4218,2025-07-30,Curl de bíceps,2,12,103.5,Pesado
4219,2026-04-13,Press francés,4,14,131.0,RPE 9
4220,2026-02-24,Press francés,3,1,34.5,Fácil
4221,2025-08-09,Sentadilla,1,12,138.5,Fallo cerca
4222,2025-12-11,Peso muerto,1,13,31.0,Buena técnica
4223,2025-09-18,Sentadilla,2,13,134.0,Fácil
4224,2025-08-27,Press de banca,2,3,48.0,Fácil
4225,2025-12-17,Sentadilla,5,14,39.0,Pesado
4226,2026-03-12,Remo con barra,1,1,92.5,RPE 9
4227,2026-05-05,Sentadilla,2,9,68.0,Fácil
4228,2026-07-02,Sentadilla búlgara,3,5,37.5,Fácil
4229,2026-01-07,Sentadilla búlgara,4,4,72.0,Buena técnica
4230,2026-01-25,Press francés,1,11,25.0,RPE 9
4231,2026-07-13,Sentadilla,5,12,122.0,Pesado
4232,2026-03-13,Sentadilla,2,4,117.5,Pesado
4233,2025-11-28,Sentadilla búlgara,2,9,127.5,Fácil
4234,2025-08-16,Sentadilla,5,11,21.0,Buen estímulo
4235,2025-07-18,Curl de bíceps,5,4,78.5,RPE 9
4236,2026-03-21,Elevaciones laterales,4,15,47.0,Buena técnica
4237,2025-10-17,Elevaciones laterales,1,7,101.5,Fácil
4238,2026-04-26,Hip thrust,5,10,70.0,Pesado
4239,2025-11-30,Press militar,5,2,43.5,Buen estímulo
4240,2026-02-15,Sentadilla,3,6,16.5,Pesado
4241,2025-10-18,Sentadilla,1,5,92.0,Fácil
4242,2025-10-08,Curl de bíceps,4,15,49.0,Fácil
4243,2025-10-14,Curl de bíceps,1,6,126.5,Pesado
4244,2025-11-11,Peso muerto,2,12,83.5,Fácil
4245,2026-01-31,Hip thrust,1,8,124.0,Pesado
4246,2025-11-20,Sentadilla,1,14,148.5,Fácil
4247,2026-05-16,Peso muerto,3,10,35.0,Pesado
4248,2026-02-20,Curl de bíceps,3,15,11.0,Fallo cerca
4249,2026-04-14,Press militar,1,4,83.0,Fallo cerca
4250,2025-08-08,Sentadilla búlgara,5,6,45.0,Normal
4251,2026-02-24,Sentadilla,3,4,59.5,Buena técnica
4252,2025-08-24,Hip thrust,5,8,63.0,RPE 9
4253,2026-05-28,Hip thrust,5,9,146.5,Buena técnica
4254,2025-09-28,Press de banca,3,6,85.5,Pesado
4255,2025-12-22,Press militar,3,15,111.0,RPE 8
4256,2025-09-20,Curl de bíceps,1,3,16.0,Fácil
4257,2025-09-06,Sentadilla,3,4,101.0,Buena técnica
4258,2025-08-05,Press francés,3,10,138.0,Fallo cerca
4259,2025-09-04,Peso muerto,4,11,144.5,Buen estímulo
4260,2026-05-10,Press de banca,2,1,22.5,RPE 8
4261,2025-12-14,Press militar,2,8,47.0,Normal
4262,2025-10-29,Sentadilla,4,6,147.0,Normal
4263,2026-04-19,Curl de bíceps,4,3,65.5,Buena técnica
4264,2026-04-13,Fondos lastrados,2,8,113.0,Buena técnica
4265,2025-12-01,Peso muerto,2,9,12.5,Buena técnica
4266,2026-01-09,Fondos lastrados,5,11,13.0,Fácil
4267,2026-03-07,Elevaciones laterales,1,15,89.0,RPE 8
4268,2025-11-26,Remo con barra,2,13,135.0,Fácil
4269,2026-01-14,Curl de bíceps,3,11,127.0,Fácil
4270,2025-12-06,Sentadilla búlgara,2,1,11.0,Fácil
4271,2026-01-29,Sentadilla,2,10,28.5,Normal
4272,2025-10-20,Dominadas lastradas,5,11,37.5,Normal
4273,2025-09-04,Dominadas lastradas,3,9,72.5,RPE 9
4274,2026-01-27,Press francés,4,14,50.5,Pesado
4275,2025-11-19,Sentadilla búlgara,3,3,39.0,RPE 9
4276,2026-01-22,Press de banca,1,9,47.5,Fácil
4277,2026-05-16,Press de banca,1,12,45.5,Fácil
4278,2025-09-14,Press de banca,2,9,48.5,Pesado
4279,2026-07-15,Press de banca,2,15,146.0,RPE 8
4280,2026-06-08,Sentadilla búlgara,1,11,96.0,RPE 9
4281,2026-02-15,Fondos lastrados,1,14,104.5,RPE 8
4282,2026-05-07,Dominadas lastradas,1,8,77.5,Pesado
4283,2025-08-18,Sentadilla,5,13,113.5,RPE 9
4284,2026-05-28,Fondos lastrados,3,12,123.5,Pesado
4285,2025-08-08,Elevaciones laterales,4,11,90.5,Pesado
4286,2025-12-03,Elevaciones laterales,5,3,81.0,RPE 8
4287,2025-08-17,Press de banca,2,3,11.0,Pesado
4288,2026-07-16,Hip thrust,5,10,33.0,Fácil
4289,2025-08-12,Dominadas lastradas,5,3,39.5,RPE 8
4290,2026-07-14,Curl de bíceps,1,12,51.5,Pesado
4291,2026-03-21,Dominadas lastradas,5,14,27.5,RPE 9
4292,2025-08-28,Sentadilla búlgara,5,11,111.5,Buena técnica
4293,2026-05-18,Curl de bíceps,5,13,57.5,Fácil
4294,2026-05-14,Sentadilla búlgara,1,15,89.5,Fallo cerca
4295,2026-07-08,Press militar,2,12,20.0,Buena técnica
4296,2025-12-21,Remo con barra,2,12,100.0,RPE 9
4297,2026-02-24,Elevaciones laterales,4,3,59.0,Fácil
4298,2026-01-02,Sentadilla búlgara,2,2,32.0,Buen estímulo
4299,2025-09-16,Sentadilla búlgara,5,11,64.0,Normal
4300,2025-11-09,Press militar,3,3,64.5,Buena técnica
4301,2025-12-23,Press de banca,4,3,141.0,Normal
4302,2025-09-06,Press de banca,4,7,62.0,Normal
4303,2025-09-21,Press militar,4,5,41.0,Buena técnica
4304,2025-08-03,Curl de bíceps,2,7,117.5,Buena técnica
4305,2026-07-12,Press de banca,3,5,13.0,Fallo cerca
4306,2025-10-09,Hip thrust,1,15,130.5,RPE 9
4307,2026-02-04,Fondos lastrados,4,8,85.0,Normal
4308,2025-09-18,Hip thrust,2,7,81.5,Fácil
4309,2025-08-01,Fondos lastrados,5,3,144.5,Normal
4310,2025-12-30,Press francés,1,7,96.0,Fácil
4311,2026-04-30,Fondos lastrados,4,2,41.5,Pesado
4312,2026-01-12,Sentadilla búlgara,4,15,119.0,Buena técnica
4313,2025-10-06,Remo con barra,1,7,98.0,Buen estímulo
4314,2025-10-10,Peso muerto,5,6,139.0,Buen estímulo
4315,2025-09-25,Press de banca,3,12,101.0,Fácil
4316,2026-03-14,Hip thrust,3,7,20.5,Buena técnica
4317,2025-08-15,Press francés,2,12,16.0,RPE 9
4318,2026-06-09,Press francés,5,13,126.0,Fácil
4319,2025-10-16,Press de banca,2,11,81.0,Buen estímulo
4320,2025-12-29,Elevaciones laterales,1,13,54.0,Pesado
4321,2026-06-06,Press francés,1,2,131.0,Fácil
4322,2025-11-03,Press de banca,2,6,59.5,Buena técnica
4323,2026-07-18,Dominadas lastradas,1,11,109.5,Normal
4324,2026-05-13,Elevaciones laterales,3,12,127.0,RPE 9
4325,2026-03-24,Peso muerto,1,13,29.5,Fallo cerca
4326,2025-09-05,Dominadas lastradas,5,8,22.5,Fallo cerca
4327,2026-02-14,Press francés,5,2,80.0,RPE 9
4328,2025-08-15,Sentadilla,4,5,124.5,RPE 8
4329,2025-12-27,Sentadilla búlgara,4,3,65.0,Pesado
4330,2026-03-10,Hip thrust,1,4,148.5,Fácil
4331,2025-12-06,Fondos lastrados,2,8,98.5,Pesado
4332,2025-11-28,Press militar,5,3,133.5,Normal
4333,2026-02-04,Curl de bíceps,4,6,86.0,Normal
4334,2025-12-04,Press militar,2,11,73.0,Pesado
4335,2026-06-05,Elevaciones laterales,4,9,91.0,RPE 8
4336,2026-04-28,Fondos lastrados,5,10,123.0,Normal
4337,2026-06-25,Press militar,5,7,79.0,Pesado
4338,2025-08-22,Sentadilla búlgara,4,9,57.5,RPE 9
4339,2026-02-09,Hip thrust,5,14,110.0,Buen estímulo
4340,2025-12-12,Fondos lastrados,2,10,66.0,RPE 8
4341,2025-07-31,Sentadilla búlgara,3,12,126.5,RPE 8
4342,2025-07-21,Press de banca,5,9,46.5,Fallo cerca
4343,2025-09-16,Elevaciones laterales,5,5,102.0,RPE 8
4344,2026-05-13,Sentadilla,4,6,62.0,Pesado
4345,2026-07-10,Elevaciones laterales,4,9,90.5,Buen estímulo
4346,2025-10-05,Press militar,4,13,60.0,Buen estímulo
4347,2025-09-19,Press militar,2,2,87.5,Normal
4348,2025-08-23,Elevaciones laterales,2,1,44.5,Buena técnica
4349,2026-01-23,Dominadas lastradas,4,15,23.0,RPE 8
4350,2026-06-03,Elevaciones laterales,3,1,57.0,Fallo cerca
4351,2026-05-08,Sentadilla búlgara,5,4,125.5,RPE 9
4352,2026-03-15,Curl de bíceps,2,12,19.0,Normal
4353,2025-07-27,Press de banca,3,9,35.0,Normal
4354,2026-03-15,Curl de bíceps,3,1,10.5,Buena técnica
4355,2025-08-04,Fondos lastrados,4,13,41.0,Fácil
4356,2026-05-22,Press de banca,5,6,118.0,RPE 9
4357,2026-03-07,Dominadas lastradas,5,11,33.5,Pesado
4358,2025-08-03,Press de banca,2,11,122.5,Fácil
4359,2026-04-18,Press francés,2,9,130.0,Buen estímulo
4360,2026-02-18,Fondos lastrados,2,4,138.0,Pesado
4361,2026-01-21,Press de banca,1,7,99.0,Pesado
4362,2026-03-12,Curl de bíceps,1,5,84.5,RPE 8
4363,2025-09-24,Elevaciones laterales,4,11,11.0,Normal
4364,2025-07-26,Remo con barra,3,12,35.5,Pesado
4365,2025-09-12,Elevaciones laterales,3,11,95.0,Pesado
4366,2026-03-31,Curl de bíceps,4,9,98.5,Buena técnica
4367,2025-08-23,Dominadas lastradas,4,14,127.0,Normal
4368,2026-02-03,Dominadas lastradas,1,6,137.5,Buena técnica
4369,2025-11-19,Dominadas lastradas,4,10,110.5,Pesado
4370,2026-03-08,Sentadilla búlgara,1,8,37.0,RPE 8
4371,2025-09-21,Sentadilla,5,15,38.5,Normal
4372,2025-11-26,Sentadilla búlgara,1,4,104.0,Buen estímulo
4373,2025-12-03,Hip thrust,5,4,120.0,Normal
4374,2026-02-24,Elevaciones laterales,5,4,102.5,Pesado
4375,2025-12-30,Press militar,4,4,100.5,RPE 8
4376,2026-05-12,Curl de bíceps,2,8,49.5,Fallo cerca
4377,2025-09-23,Press militar,5,13,21.0,Buena técnica
4378,2026-05-22,Hip thrust,5,2,66.0,Buena técnica
4379,2026-02-15,Sentadilla,3,7,108.0,Fallo cerca
4380,2026-03-27,Press militar,3,12,19.5,RPE 8
4381,2025-12-10,Sentadilla,2,5,76.0,Normal
4382,2026-03-11,Press francés,4,8,59.5,Fallo cerca
4383,2025-07-25,Sentadilla búlgara,4,3,97.5,Fallo cerca
4384,2026-04-10,Sentadilla,2,15,64.0,Fácil
4385,2026-02-10,Hip thrust,3,2,38.5,RPE 8
4386,2026-01-20,Hip thrust,5,2,119.0,Pesado
4387,2025-09-05,Press de banca,2,5,34.5,Fallo cerca
4388,2026-04-27,Press militar,4,5,107.0,RPE 8
4389,2026-01-07,Remo con barra,3,15,137.0,Buen estímulo
4390,2026-02-25,Sentadilla búlgara,2,10,133.5,Fácil
4391,2026-02-17,Sentadilla,5,14,66.5,Fallo cerca
4392,2026-06-19,Fondos lastrados,1,10,24.5,RPE 8
4393,2026-07-05,Peso muerto,5,6,127.5,Buen estímulo
4394,2026-01-12,Sentadilla,4,3,78.0,Pesado
4395,2026-06-13,Press militar,1,10,12.5,RPE 8
4396,2026-03-22,Sentadilla búlgara,2,12,143.0,Normal
4397,2026-02-16,Dominadas lastradas,5,1,16.5,Normal
4398,2026-05-28,Dominadas lastradas,2,7,125.5,Buena técnica
4399,2026-02-13,Curl de bíceps,1,4,49.5,Fallo cerca
4400,2025-12-20,Curl de bíceps,5,3,127.5,Fácil
4401,2026-06-06,Hip thrust,5,12,47.5,Fallo cerca
4402,2025-10-22,Elevaciones laterales,1,3,85.5,Fallo cerca
4403,2025-10-21,Sentadilla,3,8,78.0,Fácil
4404,2026-04-02,Remo con barra,3,3,122.5,Buen estímulo
4405,2026-06-02,Sentadilla búlgara,5,14,125.0,RPE 8
4406,2026-04-11,Sentadilla,1,5,81.5,Fácil
4407,2025-09-16,Press militar,1,7,139.0,RPE 9
4408,2026-05-25,Elevaciones laterales,1,15,123.0,Fallo cerca
4409,2025-07-28,Press militar,5,14,30.5,RPE 9
4410,2026-03-02,Curl de bíceps,3,15,57.5,Buen estímulo
4411,2026-03-26,Curl de bíceps,4,6,60.5,Fallo cerca
4412,2026-06-12,Elevaciones laterales,2,13,137.0,RPE 9
4413,2026-03-31,Peso muerto,4,7,58.0,Fallo cerca
4414,2026-03-28,Press francés,3,5,16.5,Buena técnica
4415,2026-04-09,Elevaciones laterales,3,4,90.5,Normal
4416,2026-01-24,Peso muerto,4,10,119.5,Buena técnica
4417,2025-12-03,Remo con barra,4,2,72.0,Pesado
4418,2025-11-13,Press militar,1,13,111.0,Buen estímulo
4419,2026-05-08,Curl de bíceps,4,6,49.5,Normal
4420,2025-09-07,Sentadilla búlgara,2,5,78.0,Fallo cerca
4421,2026-06-25,Elevaciones laterales,1,3,22.5,Fácil
4422,2025-12-19,Fondos lastrados,2,13,139.0,Fácil
4423,2025-09-10,Dominadas lastradas,3,3,90.0,Buen estímulo
4424,2026-05-05,Elevaciones laterales,1,13,87.5,RPE 8
4425,2025-08-17,Hip thrust,5,4,35.5,RPE 8
4426,2025-10-04,Press francés,2,13,112.0,RPE 9
4427,2026-04-26,Sentadilla búlgara,1,13,42.0,Fallo cerca
4428,2025-09-22,Hip thrust,1,7,32.5,Buen estímulo
4429,2025-07-24,Press de banca,3,13,74.5,RPE 9
4430,2026-07-17,Sentadilla,3,1,147.0,Normal
4431,2025-09-30,Peso muerto,5,7,109.0,Fácil
4432,2025-11-19,Peso muerto,4,7,132.0,Pesado
4433,2026-02-14,Sentadilla búlgara,1,9,131.5,Buen estímulo
4434,2026-04-08,Fondos lastrados,3,2,102.0,Buen estímulo
4435,2026-04-10,Sentadilla,3,6,133.5,RPE 9
4436,2025-12-02,Elevaciones laterales,4,3,128.5,Buena técnica
4437,2025-12-19,Hip thrust,1,8,22.0,Fallo cerca
4438,2025-10-31,Sentadilla,5,7,79.5,RPE 8
4439,2026-01-03,Curl de bíceps,1,10,75.0,RPE 9
4440,2026-02-08,Remo con barra,4,14,77.5,Buena técnica
4441,2026-03-23,Sentadilla búlgara,5,11,38.0,Fácil
4442,2026-01-31,Elevaciones laterales,2,9,141.0,Pesado
4443,2025-10-15,Sentadilla búlgara,3,8,63.0,Fallo cerca
4444,2026-06-05,Press francés,3,3,114.0,RPE 9
4445,2026-04-01,Sentadilla búlgara,1,5,107.0,Pesado
4446,2026-03-20,Sentadilla,1,13,40.0,RPE 8
4447,2025-09-02,Press de banca,3,11,102.5,RPE 9
4448,2026-05-31,Sentadilla búlgara,1,11,81.0,RPE 9
4449,2026-03-18,Curl de bíceps,5,10,138.5,Fácil
4450,2025-09-09,Fondos lastrados,4,11,123.5,RPE 8
4451,2026-02-09,Fondos lastrados,1,5,34.0,Pesado
4452,2025-09-29,Sentadilla búlgara,4,15,40.5,Pesado
4453,2026-03-04,Curl de bíceps,3,13,35.5,Fácil
4454,2025-11-15,Sentadilla,1,3,34.0,Fácil
4455,2025-08-18,Elevaciones laterales,4,3,144.0,Fallo cerca
4456,2025-12-12,Fondos lastrados,3,10,16.5,Buen estímulo
4457,2026-03-16,Peso muerto,2,14,108.0,Pesado
4458,2025-10-07,Remo con barra,2,4,103.0,RPE 9
4459,2025-10-08,Fondos lastrados,3,3,101.0,Buena técnica
4460,2025-12-19,Press militar,2,12,144.5,Normal
4461,2026-02-07,Peso muerto,4,15,130.5,Buen estímulo
4462,2025-11-13,Sentadilla búlgara,4,15,143.0,RPE 8
4463,2025-09-08,Curl de bíceps,5,8,129.5,Fallo cerca
4464,2026-05-05,Remo con barra,4,7,57.0,Fácil
4465,2025-11-22,Hip thrust,1,8,140.5,Fácil
4466,2025-09-10,Press francés,4,9,85.0,Fácil
4467,2026-07-12,Sentadilla,5,10,61.5,Pesado
4468,2026-05-20,Remo con barra,2,13,62.5,Pesado
4469,2026-02-23,Fondos lastrados,2,12,121.0,Buena técnica
4470,2026-06-21,Dominadas lastradas,3,2,144.5,Fallo cerca
4471,2026-04-16,Sentadilla,5,6,110.0,RPE 9
4472,2026-01-14,Elevaciones laterales,1,12,43.5,Pesado
4473,2025-12-30,Sentadilla,5,8,25.0,Fallo cerca
4474,2026-01-17,Sentadilla,1,7,52.5,Normal
4475,2026-03-29,Remo con barra,3,8,76.0,RPE 8
4476,2026-07-09,Press francés,1,9,28.0,Fácil
4477,2026-04-17,Sentadilla búlgara,2,4,133.0,Normal
4478,2025-10-25,Remo con barra,1,4,121.5,Buen estímulo
4479,2025-07-20,Sentadilla búlgara,1,3,93.0,Buen estímulo
4480,2025-12-26,Press de banca,3,5,125.5,Buen estímulo
4481,2026-02-22,Sentadilla búlgara,2,15,38.5,RPE 8
4482,2026-01-15,Fondos lastrados,3,2,99.5,Normal
4483,2025-12-03,Remo con barra,3,12,133.0,RPE 9
4484,2026-03-31,Peso muerto,3,7,118.5,Normal
4485,2026-06-20,Press militar,2,8,104.0,Fallo cerca
4486,2025-12-06,Remo con barra,1,7,42.0,Buena técnica
4487,2026-04-13,Press francés,3,3,100.0,RPE 9
4488,2025-09-13,Hip thrust,5,3,34.5,Buena técnica
4489,2026-03-05,Dominadas lastradas,5,12,124.0,Fallo cerca
4490,2026-02-10,Peso muerto,2,2,92.0,RPE 8
4491,2026-01-18,Sentadilla búlgara,2,11,85.0,Buen estímulo
4492,2025-08-30,Hip thrust,1,10,36.5,Fácil
4493,2026-06-26,Press de banca,5,2,17.0,Buena técnica
4494,2026-01-24,Peso muerto,5,11,131.5,Fácil
4495,2026-05-23,Peso muerto,1,5,10.5,Fallo cerca
4496,2026-03-27,Elevaciones laterales,4,2,113.5,RPE 9
4497,2026-02-16,Press militar,5,9,73.5,Fallo cerca
4498,2026-03-25,Hip thrust,5,8,59.5,RPE 8
4499,2026-02-08,Curl de bíceps,5,2,31.0,Normal
4500,2025-09-22,Elevaciones laterales,2,10,80.5,RPE 9
4501,2026-03-27,Peso muerto,3,1,102.5,RPE 8
4502,2025-10-21,Remo con barra,2,12,71.5,Pesado
4503,2025-12-28,Peso muerto,2,8,77.0,Pesado
4504,2025-09-22,Curl de bíceps,1,14,143.0,RPE 9
4505,2026-05-01,Remo con barra,5,5,77.5,Fácil
4506,2025-10-20,Press de banca,4,11,99.0,RPE 9
4507,2026-02-07,Press militar,4,2,51.5,RPE 9
4508,2025-08-18,Sentadilla,1,1,98.5,Buen estímulo
4509,2026-06-08,Peso muerto,2,15,150.0,RPE 8
4510,2025-12-07,Sentadilla,5,8,96.0,Pesado
4511,2026-02-27,Peso muerto,2,4,34.0,Buen estímulo
4512,2026-04-23,Press militar,2,15,30.0,Fácil
4513,2025-09-28,Peso muerto,4,13,120.5,Fallo cerca
4514,2026-05-03,Press militar,1,4,51.5,Pesado
4515,2026-06-27,Peso muerto,2,15,53.5,Buena técnica
4516,2026-02-28,Press de banca,4,9,122.0,RPE 8
4517,2026-03-16,Remo con barra,1,1,10.5,RPE 9
4518,2026-05-31,Elevaciones laterales,4,6,101.5,Buena técnica
4519,2026-05-31,Fondos lastrados,5,2,33.5,Buen estímulo
4520,2025-12-14,Fondos lastrados,3,10,108.0,Buen estímulo
4521,2026-01-09,Press de banca,4,6,149.0,RPE 8
4522,2025-10-15,Peso muerto,1,15,139.0,RPE 9
4523,2025-11-07,Press militar,3,4,127.5,Fallo cerca
4524,2025-09-14,Press de banca,3,9,89.0,Buena técnica
4525,2026-04-27,Dominadas lastradas,1,12,109.0,Pesado
4526,2025-11-03,Dominadas lastradas,1,4,88.0,RPE 9
4527,2025-11-18,Peso muerto,2,2,66.0,Buena técnica
4528,2026-07-16,Sentadilla,3,6,101.5,Buen estímulo
4529,2026-06-03,Elevaciones laterales,3,15,103.0,Buena técnica
4530,2025-11-06,Press de banca,2,10,92.0,Fallo cerca
4531,2026-02-28,Dominadas lastradas,1,7,123.0,Fácil
4532,2026-05-05,Sentadilla,4,11,103.5,Fácil
4533,2026-02-04,Sentadilla,4,1,48.0,RPE 9
4534,2026-01-26,Sentadilla,5,3,109.5,Fallo cerca
4535,2025-11-01,Fondos lastrados,1,15,113.5,Fácil
4536,2025-10-07,Remo con barra,2,12,15.5,Buen estímulo
4537,2025-09-01,Sentadilla búlgara,4,2,14.5,RPE 9
4538,2026-05-11,Dominadas lastradas,5,14,17.5,Buena técnica
4539,2026-04-23,Curl de bíceps,2,7,23.0,Fallo cerca
4540,2026-03-30,Fondos lastrados,5,4,56.0,Normal
4541,2026-02-22,Sentadilla búlgara,5,2,130.0,Buena técnica
4542,2025-12-01,Press militar,3,10,48.5,RPE 9
4543,2026-01-03,Sentadilla búlgara,2,15,54.0,Buena técnica
4544,2026-01-10,Dominadas lastradas,5,14,14.5,Buena técnica
4545,2026-02-13,Fondos lastrados,4,9,107.0,RPE 8
4546,2026-06-04,Press militar,4,1,27.5,Fácil
4547,2026-05-02,Press militar,4,7,117.0,Fallo cerca
4548,2026-02-04,Remo con barra,5,14,65.0,Buena técnica
4549,2025-11-24,Hip thrust,3,7,113.5,Pesado
4550,2026-02-21,Press francés,1,6,124.5,Fallo cerca
4551,2026-04-09,Hip thrust,4,2,33.5,Buena técnica
4552,2025-09-05,Fondos lastrados,5,9,136.0,Fallo cerca
4553,2026-01-06,Hip thrust,3,9,46.0,Normal
4554,2025-10-23,Elevaciones laterales,4,6,62.0,Normal
4555,2025-11-24,Fondos lastrados,4,15,57.0,Fácil
4556,2025-10-11,Press militar,5,11,65.0,Pesado
4557,2025-09-27,Sentadilla,2,15,42.5,Buena técnica
4558,2026-01-08,Dominadas lastradas,2,15,130.5,RPE 8
4559,2026-02-11,Elevaciones laterales,4,2,36.0,Fácil
4560,2026-06-11,Peso muerto,5,2,132.5,RPE 9
4561,2026-02-22,Elevaciones laterales,4,12,81.0,Buen estímulo
4562,2026-05-01,Dominadas lastradas,4,15,118.5,RPE 9
4563,2025-10-15,Sentadilla búlgara,5,12,18.5,Buena técnica
4564,2026-03-10,Press francés,1,15,26.5,Normal
4565,2025-11-01,Remo con barra,2,4,105.0,RPE 8
4566,2026-01-13,Dominadas lastradas,2,15,129.0,RPE 8
4567,2025-11-10,Fondos lastrados,3,6,47.5,Normal
4568,2026-02-28,Fondos lastrados,2,8,105.0,Normal
4569,2026-07-16,Press militar,3,12,44.0,RPE 9
4570,2026-01-20,Press militar,3,9,105.5,RPE 8
4571,2025-12-16,Hip thrust,4,13,120.0,Normal
4572,2026-06-26,Dominadas lastradas,1,3,47.0,Fácil
4573,2026-05-27,Elevaciones laterales,1,10,83.0,RPE 9
4574,2026-03-11,Press militar,3,2,23.0,RPE 9
4575,2025-08-07,Press de banca,2,10,24.0,Buena técnica
4576,2026-01-14,Press francés,3,7,77.5,Fallo cerca
4577,2026-05-16,Curl de bíceps,2,7,130.0,Buena técnica
4578,2025-10-05,Sentadilla,1,5,56.0,Buena técnica
4579,2025-10-27,Remo con barra,2,11,46.5,Normal
4580,2025-08-17,Press francés,2,13,33.5,Buen estímulo
4581,2025-09-14,Remo con barra,5,4,53.0,RPE 8
4582,2025-11-18,Sentadilla búlgara,4,7,130.5,Pesado
4583,2026-06-18,Remo con barra,3,5,19.0,Fallo cerca
4584,2026-06-21,Sentadilla búlgara,2,15,96.5,Buen estímulo
4585,2026-06-26,Fondos lastrados,3,9,71.5,RPE 8
4586,2026-01-24,Press francés,4,3,116.5,Buena técnica
4587,2026-05-03,Dominadas lastradas,3,2,86.5,RPE 8
4588,2026-05-14,Sentadilla,5,13,13.0,Normal
4589,2025-08-31,Dominadas lastradas,3,3,83.0,Normal
4590,2025-08-01,Dominadas lastradas,2,10,56.5,Normal
4591,2025-10-28,Press francés,5,11,59.5,RPE 9
4592,2025-10-10,Press francés,3,7,87.5,Normal
4593,2025-11-09,Dominadas lastradas,4,5,69.5,RPE 8
4594,2026-03-27,Elevaciones laterales,2,8,85.5,RPE 9
4595,2026-06-02,Curl de bíceps,4,15,136.0,Fallo cerca
4596,2025-09-29,Hip thrust,2,13,93.0,Fácil
4597,2026-03-17,Fondos lastrados,2,2,130.5,Buen estímulo
4598,2025-12-22,Hip thrust,3,6,60.0,Buen estímulo
4599,2025-12-01,Press francés,2,3,89.5,Buena técnica
4600,2026-07-08,Elevaciones laterales,5,8,126.0,Fácil
4601,2026-05-25,Hip thrust,1,14,23.5,Pesado
4602,2025-11-01,Fondos lastrados,1,2,144.5,Buen estímulo
4603,2026-04-09,Fondos lastrados,1,7,17.0,Fácil
4604,2025-09-07,Fondos lastrados,4,5,75.5,Buen estímulo
4605,2026-02-12,Curl de bíceps,3,11,136.5,Buena técnica
4606,2025-07-26,Press militar,1,7,52.5,Pesado
4607,2026-01-06,Press de banca,2,6,34.0,Normal
4608,2026-01-24,Curl de bíceps,5,3,110.5,Fácil
4609,2025-08-03,Curl de bíceps,1,7,117.0,Normal
4610,2025-12-30,Curl de bíceps,5,12,86.5,Buen estímulo
4611,2025-08-05,Peso muerto,4,8,26.5,Buena técnica
4612,2025-12-26,Press militar,4,13,147.5,Fallo cerca
4613,2026-04-29,Press francés,3,5,141.5,Normal
4614,2026-05-14,Sentadilla búlgara,4,13,76.5,Buen estímulo
4615,2025-11-03,Remo con barra,1,4,67.0,Pesado
4616,2026-02-17,Press de banca,2,8,117.5,Pesado
4617,2026-02-05,Press de banca,4,12,43.5,Buena técnica
4618,2026-03-11,Fondos lastrados,3,9,50.0,Buen estímulo
4619,2025-08-18,Press de banca,4,13,144.5,Buena técnica
4620,2026-05-02,Sentadilla búlgara,3,15,75.5,Fácil
4621,2025-09-29,Elevaciones laterales,4,12,146.0,Buena técnica
4622,2025-11-27,Hip thrust,5,8,33.5,Pesado
4623,2025-11-13,Hip thrust,2,4,134.0,Fácil
4624,2026-06-17,Dominadas lastradas,4,14,47.5,Buena técnica
4625,2026-01-30,Sentadilla búlgara,2,5,61.0,Buen estímulo
4626,2025-11-26,Fondos lastrados,1,13,82.0,Pesado
4627,2025-12-21,Hip thrust,4,13,62.0,Fácil
4628,2026-05-07,Sentadilla búlgara,1,9,68.0,RPE 8
4629,2026-04-08,Press militar,4,9,81.5,Fallo cerca
4630,2025-09-24,Press militar,5,5,25.0,Fácil
4631,2026-05-15,Curl de bíceps,1,4,18.5,Normal
4632,2026-03-25,Press francés,5,3,28.0,Normal
4633,2026-03-23,Elevaciones laterales,1,9,27.5,RPE 9
4634,2026-01-14,Elevaciones laterales,4,2,69.5,RPE 8
4635,2026-05-07,Press francés,3,5,136.5,Fallo cerca
4636,2026-03-01,Elevaciones laterales,3,5,60.5,Pesado
4637,2025-08-21,Elevaciones laterales,2,3,116.5,Fácil
4638,2026-06-27,Curl de bíceps,1,12,70.5,Fallo cerca
4639,2026-01-18,Elevaciones laterales,5,3,108.0,RPE 8
4640,2025-08-31,Sentadilla,4,5,141.0,Fallo cerca
4641,2026-01-26,Remo con barra,1,13,11.5,Normal
4642,2026-04-22,Peso muerto,1,14,50.5,Fácil
4643,2026-06-10,Hip thrust,1,14,134.0,Pesado
4644,2025-07-27,Remo con barra,3,4,82.0,Pesado
4645,2025-11-21,Press de banca,4,4,36.5,Normal
4646,2025-10-21,Hip thrust,4,14,15.5,Fallo cerca
4647,2026-01-09,Sentadilla búlgara,1,15,62.0,RPE 9
4648,2026-05-23,Press de banca,1,10,34.5,Pesado
4649,2026-06-11,Remo con barra,2,4,85.0,RPE 8
4650,2026-04-12,Press militar,4,5,133.5,Buena técnica
4651,2025-09-16,Hip thrust,4,14,23.0,Buena técnica
4652,2026-03-25,Press de banca,3,9,13.0,Pesado
4653,2026-06-07,Peso muerto,1,13,116.5,Fácil
4654,2026-03-19,Sentadilla búlgara,4,7,115.5,Buena técnica
4655,2026-04-21,Curl de bíceps,5,14,148.5,Buena técnica
4656,2026-01-29,Dominadas lastradas,5,15,90.5,Normal
4657,2026-01-30,Sentadilla,2,7,127.0,RPE 9
4658,2026-02-10,Dominadas lastradas,1,8,115.5,Fallo cerca
4659,2026-01-22,Press militar,5,1,29.5,Normal
4660,2025-09-05,Fondos lastrados,5,6,120.0,Fallo cerca
4661,2025-08-16,Curl de bíceps,2,10,125.5,Buena técnica
4662,2025-07-18,Curl de bíceps,5,11,140.5,RPE 8
4663,2026-02-07,Fondos lastrados,5,14,135.0,Normal
4664,2026-07-13,Hip thrust,1,12,62.5,Pesado
4665,2026-06-22,Fondos lastrados,4,11,25.0,Buena técnica
4666,2025-12-15,Press francés,5,4,30.5,Fallo cerca
4667,2026-06-28,Remo con barra,4,2,132.0,Buen estímulo
4668,2025-11-01,Peso muerto,3,5,138.5,Buena técnica
4669,2026-06-28,Hip thrust,1,5,14.0,RPE 9
4670,2026-02-11,Dominadas lastradas,3,3,125.0,Buena técnica
4671,2025-11-13,Remo con barra,4,9,37.5,RPE 9
4672,2025-08-20,Elevaciones laterales,4,14,41.5,Pesado
4673,2026-01-02,Dominadas lastradas,4,6,65.5,Buen estímulo
4674,2026-02-05,Sentadilla,4,1,14.0,RPE 9
4675,2026-05-19,Press de banca,2,4,91.0,Buena técnica
4676,2026-04-20,Sentadilla búlgara,1,11,23.5,RPE 9
4677,2026-02-23,Press francés,4,9,117.0,Buen estímulo
4678,2026-03-13,Fondos lastrados,3,10,89.5,Buen estímulo
4679,2026-03-18,Remo con barra,1,7,97.5,Buena técnica
4680,2026-01-01,Peso muerto,4,1,19.0,RPE 9
4681,2026-07-16,Sentadilla,4,5,24.0,Buen estímulo
4682,2025-08-02,Press de banca,1,13,86.5,RPE 8
4683,2025-12-10,Elevaciones laterales,4,11,17.5,Buen estímulo
4684,2025-12-21,Elevaciones laterales,1,1,28.5,Pesado
4685,2026-03-25,Fondos lastrados,5,11,134.5,Buena técnica
4686,2026-02-22,Elevaciones laterales,1,4,102.5,Buena técnica
4687,2026-03-08,Press militar,4,5,83.0,Buena técnica
4688,2026-03-21,Remo con barra,4,11,43.5,RPE 8
4689,2026-04-09,Remo con barra,5,6,66.0,Fallo cerca
4690,2026-02-21,Sentadilla búlgara,1,7,67.0,Fallo cerca
4691,2026-05-12,Peso muerto,2,12,27.0,Pesado
4692,2026-06-26,Sentadilla,5,1,60.5,Pesado
4693,2025-11-21,Sentadilla,2,5,129.0,Normal
4694,2025-12-09,Fondos lastrados,1,14,81.0,Buen estímulo
4695,2025-10-19,Press francés,3,1,110.5,Buena técnica
4696,2026-06-11,Sentadilla,4,1,104.0,RPE 9
4697,2025-10-28,Dominadas lastradas,1,5,54.0,Buena técnica
4698,2025-12-09,Hip thrust,3,4,76.5,Pesado
4699,2026-04-25,Press militar,3,13,10.5,Fallo cerca
4700,2026-02-27,Sentadilla,2,10,68.0,Pesado
4701,2026-06-24,Press francés,1,1,69.5,RPE 9
4702,2025-07-21,Hip thrust,1,2,121.5,Fácil
4703,2026-05-22,Press francés,5,1,100.5,Normal
4704,2026-02-07,Peso muerto,5,7,16.0,RPE 9
4705,2025-11-22,Curl de bíceps,2,15,66.0,Buena técnica
4706,2026-05-22,Curl de bíceps,2,12,72.0,Normal
4707,2025-12-15,Fondos lastrados,3,8,39.5,Buen estímulo
4708,2026-02-15,Curl de bíceps,1,11,104.5,RPE 9
4709,2026-05-03,Dominadas lastradas,4,9,25.5,Buena técnica
4710,2026-07-02,Elevaciones laterales,1,1,35.5,RPE 9
4711,2026-05-22,Press militar,1,15,41.0,RPE 9
4712,2026-01-24,Press militar,3,2,71.0,Buena técnica
4713,2025-09-03,Elevaciones laterales,1,15,58.0,Buena técnica
4714,2026-02-07,Dominadas lastradas,3,15,50.5,RPE 8
4715,2026-02-23,Hip thrust,2,8,61.0,Buena técnica
4716,2025-07-20,Fondos lastrados,1,4,126.5,RPE 9
4717,2025-11-16,Remo con barra,1,15,96.5,Buena técnica
4718,2025-10-19,Elevaciones laterales,5,9,89.5,Buen estímulo
4719,2025-10-21,Peso muerto,4,11,118.0,Fallo cerca
4720,2025-08-08,Remo con barra,2,3,90.5,RPE 9
4721,2026-06-22,Curl de bíceps,2,12,99.5,RPE 9
4722,2025-09-09,Fondos lastrados,1,1,99.5,Normal
4723,2025-09-05,Dominadas lastradas,2,8,129.5,Buena técnica
4724,2026-07-08,Sentadilla búlgara,4,3,145.5,Fácil
4725,2025-08-05,Hip thrust,4,4,139.0,Buena técnica
4726,2025-08-04,Peso muerto,3,11,117.0,RPE 8
4727,2025-10-07,Dominadas lastradas,1,8,95.5,Buen estímulo
4728,2026-03-29,Dominadas lastradas,5,11,36.5,RPE 9
4729,2026-02-24,Curl de bíceps,4,7,45.5,Fácil
4730,2025-12-10,Hip thrust,2,1,41.5,Fallo cerca
4731,2025-08-20,Press de banca,1,12,23.5,Normal
4732,2025-11-02,Fondos lastrados,1,2,35.0,Fallo cerca
4733,2025-10-17,Fondos lastrados,2,12,53.0,Buena técnica
4734,2026-04-29,Hip thrust,2,5,24.5,Pesado
4735,2026-02-01,Remo con barra,3,1,49.5,Pesado
4736,2026-07-10,Peso muerto,5,5,102.0,Buena técnica
4737,2026-06-01,Dominadas lastradas,3,2,53.0,Buen estímulo
4738,2025-09-21,Sentadilla,3,3,99.5,Buen estímulo
4739,2025-10-26,Remo con barra,5,14,55.0,Fácil
4740,2026-05-27,Sentadilla,4,15,23.5,RPE 9
4741,2025-12-05,Press de banca,1,11,74.5,RPE 8
4742,2026-03-15,Dominadas lastradas,4,14,84.0,Pesado
4743,2025-10-10,Fondos lastrados,4,5,136.5,Buen estímulo
4744,2026-03-21,Remo con barra,5,13,72.0,Fácil
4745,2025-08-22,Peso muerto,2,7,62.5,RPE 8
4746,2026-04-23,Press francés,1,11,140.5,Fallo cerca
4747,2026-01-03,Press militar,1,2,32.5,Normal
4748,2025-09-25,Dominadas lastradas,5,14,72.5,Pesado
4749,2026-05-05,Dominadas lastradas,4,9,12.5,Buen estímulo
4750,2025-12-17,Hip thrust,3,6,137.0,RPE 8
4751,2026-05-30,Dominadas lastradas,5,4,43.5,RPE 8
4752,2025-08-28,Press de banca,2,14,144.0,Fallo cerca
4753,2025-09-30,Remo con barra,4,11,22.0,Normal
4754,2025-09-22,Curl de bíceps,4,6,103.5,RPE 9
4755,2026-07-04,Press francés,3,11,108.5,Buen estímulo
4756,2025-12-29,Dominadas lastradas,3,1,81.5,Pesado
4757,2025-10-04,Elevaciones laterales,1,9,97.0,RPE 9
4758,2025-12-28,Dominadas lastradas,4,8,10.5,Buen estímulo
4759,2025-09-19,Dominadas lastradas,5,8,85.0,Normal
4760,2026-03-14,Fondos lastrados,1,12,39.5,Fácil
4761,2026-06-08,Elevaciones laterales,5,2,31.0,RPE 8
4762,2025-08-08,Remo con barra,5,10,123.0,Buen estímulo
4763,2026-05-02,Dominadas lastradas,3,4,114.0,RPE 9
4764,2025-12-12,Press francés,3,13,86.0,RPE 8
4765,2026-05-20,Curl de bíceps,4,4,106.5,RPE 9
4766,2026-03-24,Press francés,2,1,142.5,Normal
4767,2025-12-16,Peso muerto,1,9,145.0,RPE 9
4768,2026-03-14,Peso muerto,3,13,103.5,RPE 9
4769,2026-04-05,Remo con barra,2,3,86.5,Buen estímulo
4770,2025-09-21,Sentadilla búlgara,2,12,60.0,Buena técnica
4771,2026-07-06,Peso muerto,4,2,61.0,Normal
4772,2025-12-14,Fondos lastrados,3,9,63.0,Pesado
4773,2025-07-21,Curl de bíceps,5,10,99.5,RPE 9
4774,2025-10-27,Remo con barra,2,15,63.0,Fallo cerca
4775,2025-10-10,Hip thrust,2,3,28.5,Buena técnica
4776,2026-07-14,Peso muerto,2,10,115.5,Fácil
4777,2026-03-30,Sentadilla búlgara,1,6,59.0,Buen estímulo
4778,2025-12-11,Press militar,4,2,91.5,Normal
4779,2026-05-23,Fondos lastrados,3,4,121.5,Fallo cerca
4780,2026-07-17,Dominadas lastradas,4,2,141.5,Fallo cerca
4781,2025-11-27,Press francés,4,2,128.0,RPE 8
4782,2026-04-08,Curl de bíceps,5,9,97.0,Fallo cerca
4783,2026-01-14,Sentadilla búlgara,1,6,61.5,Fallo cerca
4784,2026-06-09,Dominadas lastradas,4,7,75.0,Pesado
4785,2026-02-12,Remo con barra,1,4,58.5,Fácil
4786,2025-12-15,Elevaciones laterales,2,9,104.5,RPE 9
4787,2026-03-11,Dominadas lastradas,1,15,25.5,Buena técnica
4788,2025-08-04,Fondos lastrados,2,8,31.5,Normal
4789,2026-01-08,Press de banca,4,3,105.0,RPE 8
4790,2026-06-18,Peso muerto,1,6,43.5,Fácil
4791,2026-01-28,Hip thrust,1,1,51.5,RPE 8
4792,2026-02-04,Press francés,4,5,40.5,Buen estímulo
4793,2026-05-22,Hip thrust,1,6,58.5,RPE 8
4794,2026-01-24,Hip thrust,4,15,89.5,Buena técnica
4795,2026-04-10,Sentadilla,5,9,49.0,Buen estímulo
4796,2025-08-26,Sentadilla,3,7,11.5,Buen estímulo
4797,2025-07-30,Press de banca,3,12,82.5,RPE 9
4798,2025-11-26,Press de banca,1,9,25.5,Normal
4799,2025-12-11,Sentadilla,3,1,47.5,Pesado
4800,2026-02-27,Dominadas lastradas,1,11,52.0,Buen estímulo
4801,2025-08-07,Remo con barra,4,10,10.5,Buena técnica
4802,2026-03-10,Sentadilla búlgara,5,11,116.5,Fácil
4803,2025-07-23,Remo con barra,5,11,26.5,Normal
4804,2026-06-07,Elevaciones laterales,2,14,83.0,RPE 8
4805,2025-08-14,Sentadilla búlgara,3,15,120.5,Buena técnica
4806,2025-08-15,Press militar,3,2,141.5,RPE 8
4807,2026-05-07,Sentadilla,1,13,82.5,Fácil
4808,2025-11-23,Press de banca,3,14,44.0,Pesado
4809,2026-06-29,Press militar,3,7,128.0,Pesado
4810,2026-02-27,Sentadilla búlgara,5,10,71.5,RPE 8
4811,2025-09-13,Remo con barra,3,13,91.0,RPE 9
4812,2025-10-11,Hip thrust,5,7,36.0,Buen estímulo
4813,2026-03-16,Press francés,2,7,62.0,Normal
4814,2025-08-04,Fondos lastrados,2,14,127.5,Buen estímulo
4815,2026-05-11,Peso muerto,1,2,93.0,Fácil
4816,2026-05-23,Hip thrust,2,7,127.0,Fácil
4817,2026-04-06,Dominadas lastradas,4,7,15.0,Fallo cerca
4818,2026-04-18,Fondos lastrados,2,9,17.0,Fallo cerca
4819,2025-07-25,Curl de bíceps,2,11,112.5,Buen estímulo
4820,2025-08-19,Dominadas lastradas,5,6,144.0,Pesado
4821,2025-11-10,Press de banca,3,2,41.0,Pesado
4822,2026-01-01,Hip thrust,2,1,69.0,RPE 8
4823,2025-11-15,Peso muerto,4,15,105.5,Fácil
4824,2025-12-07,Elevaciones laterales,5,5,38.0,Fácil
4825,2026-01-23,Curl de bíceps,1,15,141.0,RPE 8
4826,2025-11-22,Elevaciones laterales,5,3,45.0,RPE 9
4827,2025-09-02,Sentadilla,4,6,98.5,Normal
4828,2026-03-03,Press militar,5,14,26.5,Buen estímulo
4829,2026-02-09,Sentadilla,5,13,58.0,Pesado
4830,2025-12-21,Press francés,4,3,80.0,Buena técnica
4831,2025-10-25,Elevaciones laterales,1,6,55.0,RPE 9
4832,2025-09-20,Curl de bíceps,2,12,126.5,Normal
4833,2026-02-12,Remo con barra,4,1,26.5,Buena técnica
4834,2025-09-16,Hip thrust,3,5,14.5,Buena técnica
4835,2025-10-08,Hip thrust,2,2,125.5,Normal
4836,2026-01-06,Peso muerto,1,5,75.5,Normal
4837,2025-08-18,Curl de bíceps,1,6,126.0,RPE 8
4838,2026-05-23,Sentadilla búlgara,5,3,95.0,Pesado
4839,2025-12-21,Elevaciones laterales,2,7,50.5,Buena técnica
4840,2026-05-23,Fondos lastrados,5,9,61.5,Buen estímulo
4841,2025-08-03,Sentadilla búlgara,2,3,35.0,Fácil
4842,2026-03-23,Elevaciones laterales,5,8,16.5,RPE 9
4843,2026-07-05,Dominadas lastradas,1,8,126.5,Pesado
4844,2026-07-09,Fondos lastrados,5,7,85.0,Buena técnica
4845,2026-07-03,Dominadas lastradas,1,15,68.5,RPE 9
4846,2025-12-03,Dominadas lastradas,1,10,63.0,Normal
4847,2026-07-18,Press francés,5,3,15.5,Buena técnica
4848,2026-04-11,Peso muerto,2,3,111.5,RPE 8
4849,2026-03-31,Press militar,5,13,24.0,RPE 9
4850,2026-01-13,Fondos lastrados,2,13,20.5,Buena técnica
4851,2026-04-03,Sentadilla búlgara,3,9,133.0,Pesado
4852,2026-02-21,Press militar,2,4,78.0,Buen estímulo
4853,2026-02-25,Dominadas lastradas,2,12,139.0,Pesado
4854,2026-05-30,Press militar,4,15,67.5,Fallo cerca
4855,2026-04-12,Sentadilla búlgara,2,4,95.0,Normal
4856,2025-08-11,Press de banca,1,6,78.0,RPE 9
4857,2025-11-11,Remo con barra,2,10,19.0,RPE 8
4858,2025-10-12,Remo con barra,5,5,12.0,Fácil
4859,2026-04-23,Elevaciones laterales,2,9,109.5,RPE 9
4860,2025-07-31,Press francés,5,9,122.5,Buena técnica
4861,2026-06-23,Sentadilla,4,8,141.0,Buen estímulo
4862,2026-04-19,Sentadilla,5,10,21.5,Buen estímulo
4863,2026-04-08,Dominadas lastradas,1,6,95.0,Fallo cerca
4864,2025-09-26,Sentadilla búlgara,5,5,41.0,Fallo cerca
4865,2025-10-26,Curl de bíceps,2,11,24.5,Fallo cerca
4866,2025-10-02,Press de banca,4,1,77.5,Pesado
4867,2025-10-09,Press francés,5,4,58.0,Normal
4868,2026-06-01,Peso muerto,4,9,51.5,Fácil
4869,2025-10-29,Press de banca,2,14,72.0,RPE 9
4870,2025-12-27,Sentadilla búlgara,5,8,127.0,Normal
4871,2026-04-29,Sentadilla,4,14,99.0,Buena técnica
4872,2026-02-08,Curl de bíceps,5,3,88.0,Buena técnica
4873,2025-10-16,Hip thrust,3,13,63.0,RPE 9
4874,2025-09-21,Peso muerto,5,12,24.0,Fallo cerca
4875,2025-08-26,Dominadas lastradas,3,13,51.0,Fácil
4876,2025-08-18,Peso muerto,5,3,110.5,Pesado
4877,2025-08-28,Fondos lastrados,3,11,36.0,Buen estímulo
4878,2025-07-31,Sentadilla búlgara,3,9,103.0,Buena técnica
4879,2026-07-08,Dominadas lastradas,2,5,41.0,Buena técnica
4880,2026-01-19,Press francés,1,10,40.5,Normal
4881,2026-04-28,Remo con barra,4,1,65.0,Fácil
4882,2025-08-08,Fondos lastrados,4,9,129.5,Buen estímulo
4883,2025-11-17,Elevaciones laterales,2,12,77.5,Fácil
4884,2026-04-30,Elevaciones laterales,1,3,118.0,Normal
4885,2026-04-25,Press de banca,5,7,115.5,RPE 8
4886,2026-07-14,Hip thrust,4,8,42.0,Pesado
4887,2025-10-18,Sentadilla búlgara,5,15,145.0,Pesado
4888,2025-10-02,Remo con barra,3,6,134.5,Fallo cerca
4889,2025-11-19,Fondos lastrados,2,13,85.5,RPE 8
4890,2025-12-26,Sentadilla,5,4,144.5,Pesado
4891,2025-08-20,Press francés,5,1,60.5,Normal
4892,2025-09-13,Sentadilla,4,8,67.0,RPE 9
4893,2026-04-21,Sentadilla,1,12,60.0,Fácil
4894,2025-08-30,Fondos lastrados,1,1,129.0,RPE 8
4895,2026-04-11,Elevaciones laterales,1,8,139.0,Buen estímulo
4896,2026-02-24,Elevaciones laterales,3,3,136.5,Normal
4897,2025-09-06,Peso muerto,1,4,65.0,RPE 8
4898,2026-01-01,Sentadilla,2,2,114.0,Pesado
4899,2025-09-27,Elevaciones laterales,4,5,102.0,Pesado
4900,2026-04-07,Peso muerto,4,11,56.5,Buena técnica
4901,2025-08-05,Sentadilla,4,7,141.0,Normal
4902,2026-05-11,Hip thrust,4,3,143.0,Fácil
4903,2025-10-16,Hip thrust,3,7,132.5,RPE 9
4904,2026-02-26,Sentadilla,3,5,13.5,Fallo cerca
4905,2026-05-06,Elevaciones laterales,2,10,123.5,RPE 9
4906,2025-08-12,Press francés,2,4,29.5,Fácil
4907,2026-03-14,Peso muerto,5,15,43.5,Pesado
4908,2026-03-14,Press militar,1,3,81.0,Fallo cerca
4909,2026-06-25,Hip thrust,1,4,50.0,Fácil
4910,2025-08-23,Remo con barra,4,14,98.0,Pesado
4911,2025-09-05,Curl de bíceps,3,3,107.5,Fallo cerca
4912,2026-03-03,Curl de bíceps,4,7,115.5,Fácil
4913,2026-05-12,Peso muerto,4,5,101.5,Pesado
4914,2026-01-05,Peso muerto,5,10,136.0,Normal
4915,2026-03-20,Hip thrust,3,13,112.0,Pesado
4916,2026-02-16,Remo con barra,2,8,80.0,Fácil
4917,2025-12-15,Hip thrust,4,6,61.0,Buena técnica
4918,2026-01-14,Curl de bíceps,1,14,134.5,Buena técnica
4919,2025-12-04,Press francés,4,5,113.5,Buen estímulo
4920,2026-03-29,Press francés,1,2,68.0,RPE 8
4921,2025-09-23,Remo con barra,5,3,74.5,Buena técnica
4922,2026-02-16,Fondos lastrados,4,6,124.5,Fácil
4923,2025-12-22,Press militar,5,6,112.5,Buen estímulo
4924,2025-08-05,Curl de bíceps,3,14,65.0,Buena técnica
4925,2025-09-27,Press francés,5,11,36.0,Fácil
4926,2026-05-19,Press militar,1,11,97.5,Fácil
4927,2025-09-07,Peso muerto,4,10,28.5,Normal
4928,2025-12-31,Press de banca,3,7,20.5,Buen estímulo
4929,2025-09-21,Press de banca,2,5,124.5,Normal
4930,2026-04-04,Elevaciones laterales,4,11,82.0,RPE 9
4931,2026-05-25,Press militar,1,10,38.5,Pesado
4932,2026-04-17,Press francés,1,11,73.0,RPE 8
4933,2025-09-07,Fondos lastrados,5,4,75.0,Fallo cerca
4934,2025-10-20,Fondos lastrados,3,4,67.5,RPE 9
4935,2026-02-23,Sentadilla,5,3,105.5,Buena técnica
4936,2026-06-30,Peso muerto,2,7,112.0,Fallo cerca
4937,2026-05-31,Dominadas lastradas,2,2,36.5,Fallo cerca
4938,2025-11-08,Sentadilla búlgara,5,8,12.0,Pesado
4939,2026-01-27,Peso muerto,5,12,40.5,Fácil
4940,2026-05-07,Press militar,1,9,11.5,Fácil
4941,2025-12-07,Fondos lastrados,5,4,15.5,Buena técnica
4942,2026-01-30,Press militar,1,5,63.5,Buen estímulo
4943,2026-01-22,Remo con barra,1,3,138.5,Buena técnica
4944,2025-08-14,Dominadas lastradas,4,4,55.0,Pesado
4945,2025-09-21,Press militar,2,8,90.0,Normal
4946,2026-04-14,Peso muerto,4,10,38.0,RPE 9
4947,2025-10-29,Curl de bíceps,5,13,95.5,Buena técnica
4948,2026-03-04,Fondos lastrados,1,1,36.0,RPE 8
4949,2025-11-22,Elevaciones laterales,3,10,149.5,Fallo cerca
4950,2026-01-12,Sentadilla búlgara,5,4,72.0,Buena técnica
4951,2026-04-07,Dominadas lastradas,3,15,83.5,Pesado
4952,2025-08-22,Press francés,3,14,78.0,RPE 9
4953,2025-11-30,Press de banca,3,3,32.5,Fallo cerca
4954,2025-10-15,Sentadilla búlgara,1,2,139.5,Pesado
4955,2026-07-17,Dominadas lastradas,5,12,57.5,Fallo cerca
4956,2026-04-28,Curl de bíceps,5,7,149.0,RPE 9
4957,2025-11-15,Fondos lastrados,1,8,135.5,Buen estímulo
4958,2025-12-18,Fondos lastrados,5,13,72.0,RPE 8
4959,2025-12-29,Press francés,1,6,10.5,Fácil
4960,2026-04-28,Elevaciones laterales,1,14,72.0,Buena técnica
4961,2025-11-16,Press francés,4,5,140.0,Buena técnica
4962,2026-01-08,Sentadilla,2,6,67.5,Pesado
4963,2026-06-06,Curl de bíceps,3,10,98.5,Normal
4964,2026-02-26,Press francés,3,9,99.0,Buen estímulo
4965,2026-07-09,Curl de bíceps,4,5,139.5,RPE 9
4966,2025-11-09,Press militar,1,4,94.0,Pesado
4967,2025-12-20,Sentadilla,4,12,13.0,RPE 8
4968,2026-04-12,Press militar,3,13,144.5,Pesado
4969,2026-07-18,Press militar,3,5,106.0,Fácil
4970,2025-09-27,Remo con barra,4,12,27.5,Buena técnica
4971,2026-03-10,Dominadas lastradas,5,7,84.0,RPE 8
4972,2026-05-23,Fondos lastrados,4,12,112.0,Fallo cerca
4973,2026-04-03,Fondos lastrados,2,15,60.5,RPE 9
4974,2026-04-11,Fondos lastrados,3,12,111.5,Buen estímulo
4975,2025-08-02,Sentadilla,5,2,110.5,Normal
4976,2025-11-12,Sentadilla búlgara,5,7,113.0,Pesado
4977,2026-05-16,Sentadilla búlgara,1,11,140.5,Fallo cerca
4978,2026-05-08,Sentadilla,2,2,120.0,Buen estímulo
4979,2026-06-28,Press francés,3,7,117.5,Buena técnica
4980,2026-06-17,Press francés,1,6,138.0,RPE 8
4981,2025-08-19,Sentadilla,2,11,113.5,Normal
4982,2025-08-09,Curl de bíceps,3,5,26.5,RPE 9
4983,2025-08-07,Fondos lastrados,4,12,104.5,Buen estímulo
4984,2025-09-12,Sentadilla búlgara,4,14,79.5,Pesado
4985,2025-07-28,Hip thrust,2,9,119.5,RPE 9
4986,2026-06-27,Peso muerto,5,5,134.0,RPE 8
4987,2025-08-07,Elevaciones laterales,4,13,64.5,Pesado
4988,2025-08-19,Press militar,2,15,63.0,Fácil
4989,2026-04-23,Press militar,3,13,89.0,RPE 8
4990,2025-11-21,Sentadilla búlgara,2,14,93.5,Normal
4991,2025-12-08,Press de banca,4,1,19.0,Fácil
4992,2026-02-09,Press militar,5,7,127.0,Normal
4993,2025-12-17,Press militar,4,12,70.5,RPE 8
4994,2025-09-10,Sentadilla,2,1,117.0,RPE 8
4995,2025-10-03,Press militar,2,12,77.5,Pesado
4996,2026-05-10,Hip thrust,4,7,111.5,Buena técnica
4997,2025-11-26,Press francés,3,9,63.0,RPE 8
4998,2025-08-24,Hip thrust,5,1,139.5,Normal
4999,2025-09-03,Sentadilla,5,10,128.5,Buena técnica
5000,2026-06-06,Fondos lastrados,2,2,32.5,RPE 9
5001,2025-09-23,Dominadas lastradas,3,2,30.5,Fallo cerca
5002,2026-01-08,Curl de bíceps,5,15,24.0,Buen estímulo
5003,2025-08-24,Sentadilla,4,11,142.5,Pesado
5004,2026-07-15,Peso muerto,3,9,30.0,Pesado
5005,2026-03-11,Press de banca,2,12,98.5,Fallo cerca
5006,2026-04-04,Remo con barra,2,10,69.0,Normal
5007,2025-07-23,Peso muerto,4,9,74.5,Normal
5008,2026-03-12,Press de banca,5,3,130.0,Pesado
5009,2026-07-11,Sentadilla,1,2,140.5,Normal
5010,2026-03-06,Sentadilla búlgara,4,9,103.5,Fácil
5011,2025-11-12,Sentadilla,2,13,92.5,Fácil
5012,2025-11-19,Press de banca,4,5,62.0,Buen estímulo
5013,2026-02-18,Sentadilla,3,6,82.0,RPE 9
5014,2025-12-18,Elevaciones laterales,3,7,12.5,Fácil
5015,2025-12-10,Fondos lastrados,2,6,114.0,Fácil
5016,2026-03-24,Press de banca,5,14,114.0,RPE 8
5017,2025-08-27,Hip thrust,3,4,102.0,Pesado
5018,2025-09-21,Fondos lastrados,1,15,20.0,Fácil
5019,2026-02-01,Elevaciones laterales,3,2,131.0,Buena técnica
5020,2026-02-01,Peso muerto,4,5,46.5,Normal
5021,2026-02-27,Press militar,5,9,29.0,Pesado
5022,2025-09-18,Dominadas lastradas,1,8,56.5,RPE 9
5023,2025-08-02,Dominadas lastradas,5,10,145.5,Fallo cerca
5024,2026-03-20,Press francés,4,10,72.5,Fallo cerca
5025,2025-12-30,Hip thrust,3,7,39.5,RPE 9
5026,2025-09-01,Remo con barra,5,14,148.0,Fácil
5027,2026-05-29,Sentadilla,4,1,132.5,Pesado
5028,2025-11-03,Elevaciones laterales,2,1,56.0,Fácil
5029,2026-06-22,Fondos lastrados,4,5,136.5,Pesado
5030,2026-05-29,Elevaciones laterales,3,13,93.0,Fallo cerca
5031,2026-07-14,Press de banca,5,14,107.5,Fallo cerca
5032,2026-06-09,Elevaciones laterales,2,11,120.5,RPE 8
5033,2026-06-20,Peso muerto,3,10,95.5,Buen estímulo
5034,2026-03-29,Peso muerto,1,2,57.5,Buen estímulo
5035,2026-04-12,Sentadilla búlgara,5,4,22.5,RPE 8
5036,2025-10-31,Fondos lastrados,4,8,85.5,Buen estímulo
5037,2025-12-20,Elevaciones laterales,5,13,55.5,Normal
5038,2025-08-27,Sentadilla búlgara,3,8,78.0,Fácil
5039,2026-04-06,Sentadilla búlgara,4,2,79.5,Fallo cerca
5040,2025-09-08,Remo con barra,4,13,41.5,RPE 8
5041,2025-11-14,Fondos lastrados,5,6,81.5,Normal
5042,2026-01-16,Remo con barra,1,3,13.5,Buen estímulo
5043,2026-07-11,Curl de bíceps,1,9,22.5,Normal
5044,2025-10-11,Sentadilla,1,14,97.0,Buena técnica
5045,2026-06-23,Press de banca,4,4,76.0,Fallo cerca
5046,2026-03-12,Sentadilla búlgara,4,7,103.5,Normal
5047,2026-03-07,Press militar,5,13,72.0,Buen estímulo
5048,2026-06-21,Dominadas lastradas,2,11,33.0,Fallo cerca
5049,2026-02-18,Hip thrust,3,7,30.0,Buena técnica
5050,2026-05-05,Sentadilla búlgara,5,3,36.0,Buena técnica
5051,2025-12-21,Remo con barra,4,3,137.0,RPE 9
5052,2026-04-02,Remo con barra,4,11,120.5,Buen estímulo
5053,2025-10-20,Press de banca,5,6,147.5,Fácil
5054,2026-02-01,Press de banca,2,7,33.0,RPE 9
5055,2026-07-01,Sentadilla búlgara,5,10,136.5,Buen estímulo
5056,2026-05-22,Hip thrust,3,2,46.0,Normal
5057,2026-05-16,Peso muerto,5,3,53.0,Fácil
5058,2025-09-17,Hip thrust,5,6,142.0,Pesado
5059,2025-09-27,Remo con barra,2,6,78.0,RPE 9
5060,2025-09-04,Dominadas lastradas,3,13,118.0,Fallo cerca
5061,2025-12-10,Elevaciones laterales,4,5,95.5,Normal
5062,2026-01-31,Press militar,1,1,67.0,Fallo cerca
5063,2026-04-19,Sentadilla,3,1,137.5,Normal
5064,2025-07-22,Hip thrust,1,9,32.5,Pesado
5065,2026-06-05,Fondos lastrados,4,3,89.0,Pesado
5066,2025-10-30,Dominadas lastradas,1,11,133.5,Fallo cerca
5067,2026-03-10,Remo con barra,1,5,91.5,RPE 9
5068,2025-10-10,Press militar,1,7,95.0,RPE 9
5069,2026-05-11,Sentadilla,2,7,62.5,Fallo cerca
5070,2025-10-22,Press de banca,3,4,68.0,RPE 8
5071,2025-10-25,Press militar,1,4,117.0,Normal
5072,2025-09-19,Sentadilla,3,2,84.5,Fácil
5073,2025-09-17,Hip thrust,4,1,52.5,Pesado
5074,2026-04-24,Sentadilla,4,1,102.5,Pesado
5075,2025-10-07,Remo con barra,5,15,81.5,Buen estímulo
5076,2026-05-15,Dominadas lastradas,5,8,90.0,Buen estímulo
5077,2026-02-27,Curl de bíceps,3,2,147.0,Buen estímulo
5078,2025-09-11,Hip thrust,5,4,12.5,Normal
5079,2026-01-08,Peso muerto,5,3,69.5,RPE 9
5080,2025-11-05,Elevaciones laterales,5,3,118.5,Fallo cerca
5081,2025-11-21,Elevaciones laterales,5,4,98.0,Pesado
5082,2025-07-19,Remo con barra,4,13,143.0,Fallo cerca
5083,2026-03-14,Fondos lastrados,2,8,141.0,Pesado
5084,2026-01-06,Hip thrust,3,6,98.5,Fácil
5085,2026-01-26,Press militar,5,5,111.5,Buen estímulo
5086,2026-05-06,Press francés,2,14,146.0,RPE 8
5087,2026-01-23,Dominadas lastradas,1,13,42.0,RPE 8
5088,2026-02-08,Dominadas lastradas,3,6,49.5,Normal
5089,2026-01-26,Sentadilla búlgara,1,1,24.5,Normal
5090,2026-02-25,Hip thrust,1,3,128.0,Pesado
5091,2026-01-14,Remo con barra,1,8,93.5,Fácil
5092,2026-05-20,Sentadilla búlgara,5,14,103.0,RPE 9
5093,2025-07-29,Dominadas lastradas,4,8,41.5,RPE 9
5094,2026-01-20,Sentadilla,1,12,144.0,Pesado
5095,2026-02-26,Dominadas lastradas,2,1,39.0,Normal
5096,2026-04-07,Press de banca,1,13,98.0,RPE 8
5097,2025-08-13,Sentadilla,5,4,125.5,RPE 9
5098,2025-09-08,Sentadilla búlgara,1,11,44.5,Normal
5099,2025-10-07,Sentadilla,3,14,45.5,RPE 8
5100,2026-03-26,Fondos lastrados,4,6,18.5,Fallo cerca
5101,2025-07-23,Sentadilla,1,9,77.5,RPE 9
5102,2026-01-28,Dominadas lastradas,3,11,91.5,Pesado
5103,2026-06-13,Hip thrust,4,5,138.0,RPE 8
5104,2026-02-01,Fondos lastrados,4,6,21.0,Buena técnica
5105,2025-12-29,Elevaciones laterales,2,5,144.5,Buen estímulo
5106,2025-07-20,Elevaciones laterales,5,6,62.5,Pesado
5107,2025-07-24,Peso muerto,2,2,84.0,Fácil
5108,2025-09-23,Remo con barra,5,15,38.5,Fallo cerca
5109,2026-04-11,Press francés,3,4,12.0,Fácil
5110,2026-04-01,Press militar,1,6,73.5,RPE 9
5111,2025-09-04,Sentadilla búlgara,5,13,136.0,Buen estímulo
5112,2026-02-04,Fondos lastrados,3,10,89.5,Normal
5113,2025-08-08,Elevaciones laterales,4,6,146.0,RPE 9
5114,2025-08-25,Elevaciones laterales,5,1,141.0,Buena técnica
5115,2026-04-01,Curl de bíceps,1,14,30.0,Buena técnica
5116,2026-07-16,Press de banca,3,5,46.0,Buen estímulo
5117,2026-03-17,Press francés,3,11,33.0,RPE 9
5118,2025-11-29,Press de banca,5,1,59.5,RPE 9
5119,2026-01-03,Press militar,1,11,59.5,Fallo cerca
5120,2025-11-29,Peso muerto,1,11,130.0,Pesado
5121,2026-01-19,Peso muerto,4,8,53.0,Pesado
5122,2026-03-19,Remo con barra,4,13,34.5,RPE 9
5123,2026-07-12,Elevaciones laterales,3,2,52.5,Fácil
5124,2025-08-15,Elevaciones laterales,5,11,142.5,Fácil
5125,2025-12-07,Elevaciones laterales,1,11,139.5,Pesado
5126,2025-10-01,Press militar,1,12,139.5,Buena técnica
5127,2025-11-06,Elevaciones laterales,2,8,16.0,Fácil
5128,2026-01-22,Sentadilla búlgara,2,15,65.5,Fácil
5129,2025-11-25,Press militar,2,7,29.0,Buen estímulo
5130,2025-09-06,Hip thrust,3,15,37.0,Buena técnica
5131,2025-10-06,Fondos lastrados,4,1,98.0,RPE 8
5132,2025-12-22,Sentadilla búlgara,3,4,47.0,RPE 9
5133,2026-06-14,Curl de bíceps,3,3,107.5,Normal
5134,2025-11-12,Sentadilla búlgara,1,4,73.0,Buen estímulo
5135,2026-06-28,Sentadilla,1,12,18.5,Buena técnica
5136,2026-06-30,Peso muerto,2,11,62.5,RPE 9
5137,2025-12-24,Hip thrust,3,14,53.0,Buen estímulo
5138,2025-08-21,Press francés,3,10,113.0,Buen estímulo
5139,2025-09-28,Sentadilla,4,3,75.0,Buena técnica
5140,2025-08-07,Dominadas lastradas,1,1,95.0,RPE 9
5141,2026-03-04,Curl de bíceps,2,8,80.0,RPE 9
5142,2026-02-19,Press francés,4,10,71.5,Normal
5143,2025-09-13,Curl de bíceps,4,5,145.5,Buen estímulo
5144,2026-05-12,Curl de bíceps,5,6,64.0,Buena técnica
5145,2026-05-13,Dominadas lastradas,4,4,64.0,RPE 8
5146,2025-09-10,Press de banca,2,14,61.0,Normal
5147,2025-11-22,Remo con barra,5,15,34.5,Pesado
5148,2025-12-23,Press de banca,3,8,56.5,Buena técnica
5149,2026-07-02,Peso muerto,3,9,62.0,Fácil
5150,2026-03-01,Peso muerto,2,10,111.5,Buen estímulo
5151,2026-05-23,Fondos lastrados,5,5,125.0,Pesado
5152,2026-05-24,Press francés,3,9,114.0,RPE 9
5153,2026-04-10,Hip thrust,4,4,102.0,Pesado
5154,2026-04-25,Fondos lastrados,4,8,51.0,Fácil
5155,2025-08-10,Dominadas lastradas,4,3,35.5,Normal
5156,2025-10-08,Press francés,3,15,96.5,Pesado
5157,2025-12-05,Fondos lastrados,2,13,120.5,Normal
5158,2025-10-10,Elevaciones laterales,1,7,137.0,Fácil
5159,2026-07-05,Sentadilla,2,9,38.0,RPE 9
5160,2026-06-18,Press militar,5,5,144.0,RPE 9
5161,2026-06-20,Sentadilla búlgara,1,11,12.5,Buena técnica
5162,2026-03-19,Elevaciones laterales,2,5,122.0,RPE 9
5163,2026-07-04,Elevaciones laterales,3,10,105.0,Normal
5164,2025-09-07,Remo con barra,2,7,121.0,Fácil
5165,2026-03-23,Press de banca,2,15,94.5,Pesado
5166,2025-09-27,Press militar,5,2,128.5,Normal
5167,2026-01-11,Press militar,2,11,36.5,RPE 9
5168,2025-08-08,Elevaciones laterales,4,9,28.5,Normal
5169,2025-08-13,Curl de bíceps,3,5,76.5,Buena técnica
5170,2026-02-26,Sentadilla búlgara,1,7,148.0,RPE 8
5171,2025-10-05,Elevaciones laterales,2,7,56.0,Fallo cerca
5172,2026-06-19,Press militar,1,3,109.5,RPE 8
5173,2025-08-09,Press militar,2,4,114.5,Buen estímulo
5174,2025-10-18,Press de banca,4,12,21.0,Fallo cerca
5175,2026-03-21,Press francés,5,2,29.0,Normal
5176,2026-07-13,Fondos lastrados,4,15,79.5,RPE 9
5177,2026-02-21,Press militar,4,11,134.0,Fallo cerca
5178,2025-08-29,Peso muerto,5,5,114.5,Normal
5179,2026-05-19,Press francés,3,6,114.0,Normal
5180,2025-11-12,Press de banca,5,9,44.0,Fácil
5181,2026-01-16,Fondos lastrados,4,7,111.5,Normal
5182,2025-08-22,Press militar,5,10,74.0,Pesado
5183,2026-05-25,Sentadilla búlgara,4,1,115.0,RPE 8
5184,2026-07-08,Curl de bíceps,3,5,48.0,Buena técnica
5185,2026-03-19,Press militar,1,12,15.0,Fallo cerca
5186,2025-12-29,Press francés,2,13,20.5,RPE 9
5187,2026-01-21,Fondos lastrados,2,9,143.5,Fallo cerca
5188,2026-01-27,Fondos lastrados,4,6,112.0,Fallo cerca
5189,2026-02-19,Peso muerto,3,8,69.5,Buen estímulo
5190,2026-01-29,Remo con barra,1,3,54.5,Buena técnica
5191,2025-10-11,Dominadas lastradas,2,5,65.0,Fallo cerca
5192,2025-12-11,Remo con barra,5,14,105.5,RPE 8
5193,2025-11-30,Press de banca,5,1,137.5,Buena técnica
5194,2026-05-05,Dominadas lastradas,3,5,45.0,Buena técnica
5195,2025-11-01,Press militar,3,2,15.0,Fácil
5196,2026-06-16,Peso muerto,4,7,32.0,Buena técnica
5197,2026-04-25,Press de banca,1,5,54.5,RPE 9
5198,2025-08-25,Dominadas lastradas,2,7,38.5,Buen estímulo
5199,2025-07-26,Press militar,3,15,61.0,Buena técnica
5200,2025-08-05,Elevaciones laterales,4,2,92.5,RPE 8
5201,2025-09-28,Press de banca,1,9,114.5,Fallo cerca
5202,2025-10-14,Fondos lastrados,4,4,42.5,RPE 9
5203,2026-05-25,Press francés,5,7,73.0,Pesado
5204,2026-01-15,Dominadas lastradas,3,5,83.0,Fallo cerca
5205,2026-03-12,Hip thrust,4,14,120.5,Pesado
5206,2026-02-01,Dominadas lastradas,3,15,50.0,Fácil
5207,2026-03-27,Press francés,2,11,14.5,Buena técnica
5208,2026-06-13,Fondos lastrados,3,4,123.0,Fácil
5209,2025-08-06,Remo con barra,5,8,140.0,Fácil
5210,2026-06-12,Remo con barra,3,2,135.5,RPE 8
5211,2026-01-06,Press militar,1,1,141.5,Buen estímulo
5212,2026-04-27,Curl de bíceps,5,2,99.0,Normal
5213,2026-05-18,Elevaciones laterales,2,8,68.5,Fallo cerca
5214,2026-05-15,Dominadas lastradas,4,12,85.0,Buen estímulo
5215,2025-10-31,Hip thrust,1,2,26.5,Pesado
5216,2025-08-25,Press militar,1,5,49.0,Buen estímulo
5217,2026-01-23,Elevaciones laterales,4,5,13.5,RPE 9
5218,2026-07-13,Fondos lastrados,1,14,73.5,Fácil
5219,2025-08-04,Sentadilla búlgara,5,9,10.5,Fácil
5220,2026-04-01,Dominadas lastradas,5,3,43.5,RPE 8
5221,2025-11-20,Press de banca,4,8,81.0,RPE 9
5222,2026-03-21,Fondos lastrados,4,15,18.0,Buena técnica
5223,2025-09-01,Hip thrust,1,14,33.0,Fácil
5224,2025-09-22,Sentadilla,5,3,92.5,Buen estímulo
5225,2026-06-18,Remo con barra,2,2,13.0,Fácil
5226,2026-04-07,Remo con barra,2,9,139.5,Fácil
5227,2026-01-18,Curl de bíceps,4,8,57.5,RPE 9
5228,2026-04-23,Fondos lastrados,5,6,86.5,Buena técnica
5229,2026-06-25,Sentadilla búlgara,4,5,90.5,Pesado
5230,2026-01-31,Fondos lastrados,5,11,62.0,Buen estímulo
5231,2025-08-31,Remo con barra,4,14,120.5,Normal
5232,2026-02-22,Dominadas lastradas,4,7,67.5,RPE 9
5233,2025-11-15,Elevaciones laterales,1,8,109.0,Fácil
5234,2026-03-30,Sentadilla búlgara,4,10,53.5,Buena técnica
5235,2025-08-14,Dominadas lastradas,2,2,62.5,RPE 9
5236,2026-04-12,Sentadilla búlgara,1,10,118.5,Pesado
5237,2026-06-16,Curl de bíceps,5,11,137.0,Fallo cerca
5238,2026-02-08,Peso muerto,2,8,116.0,RPE 8
5239,2025-10-12,Sentadilla búlgara,4,14,58.5,RPE 8
5240,2026-03-29,Remo con barra,2,11,51.5,RPE 9
5241,2025-11-05,Press de banca,5,9,75.5,Buena técnica
5242,2026-01-25,Curl de bíceps,3,1,90.5,RPE 8
5243,2025-10-10,Hip thrust,5,7,147.0,RPE 8
5244,2025-07-20,Peso muerto,1,15,42.5,Fácil
5245,2025-08-27,Curl de bíceps,3,7,12.0,RPE 8
5246,2026-02-16,Sentadilla búlgara,5,12,72.0,Fácil
5247,2026-02-13,Press militar,5,4,62.5,RPE 8
5248,2026-01-20,Press de banca,5,15,83.5,Pesado
5249,2026-01-04,Press militar,3,10,60.0,Buena técnica
5250,2026-03-01,Dominadas lastradas,1,10,147.0,Fallo cerca
5251,2026-03-19,Press militar,2,13,22.5,Normal
5252,2025-08-07,Dominadas lastradas,3,10,24.5,Fácil
5253,2025-08-30,Dominadas lastradas,3,13,137.0,Normal
5254,2026-04-30,Press francés,3,4,88.5,RPE 8
5255,2026-01-02,Hip thrust,2,14,117.5,Pesado
5256,2026-06-18,Peso muerto,2,12,140.0,Normal
5257,2025-09-30,Peso muerto,1,4,42.5,Buen estímulo
5258,2026-07-05,Sentadilla búlgara,3,9,85.5,RPE 9
5259,2025-12-26,Press militar,2,2,30.0,Buen estímulo
5260,2025-09-03,Sentadilla búlgara,4,12,25.5,Buen estímulo
5261,2026-02-11,Curl de bíceps,2,8,23.5,RPE 9
5262,2025-08-27,Press de banca,5,1,47.5,Pesado
5263,2026-01-04,Elevaciones laterales,1,11,132.0,Buena técnica
5264,2025-11-19,Curl de bíceps,5,9,48.5,RPE 9
5265,2026-03-10,Fondos lastrados,3,9,84.5,Pesado
5266,2026-03-27,Press militar,5,3,121.5,Buena técnica
5267,2025-10-04,Press de banca,1,11,33.0,Buena técnica
5268,2025-09-15,Elevaciones laterales,3,7,24.0,Normal
5269,2026-07-14,Elevaciones laterales,1,6,52.0,Fallo cerca
5270,2025-12-16,Dominadas lastradas,1,11,32.5,Fallo cerca
5271,2025-08-17,Press francés,1,11,19.0,Normal
5272,2026-02-18,Sentadilla búlgara,3,9,34.5,Fácil
5273,2026-06-03,Press de banca,2,14,77.0,Pesado
5274,2025-09-26,Press francés,3,13,148.5,Fácil
5275,2025-12-03,Press militar,1,9,32.5,Buena técnica
5276,2026-02-06,Sentadilla búlgara,4,1,129.5,Pesado
5277,2025-10-13,Curl de bíceps,1,15,13.5,Fácil
5278,2025-07-28,Remo con barra,3,6,141.0,Normal
5279,2026-02-02,Sentadilla,3,1,125.0,RPE 9
5280,2026-01-13,Hip thrust,3,8,27.0,RPE 9
5281,2026-01-11,Peso muerto,3,7,105.0,Buena técnica
5282,2026-03-11,Sentadilla búlgara,4,4,19.5,Pesado
5283,2026-01-05,Press francés,3,8,122.5,Normal
5284,2026-06-08,Sentadilla búlgara,1,5,110.5,Buena técnica
5285,2025-08-17,Sentadilla búlgara,1,5,97.5,Pesado
5286,2026-01-23,Dominadas lastradas,1,10,34.5,RPE 8
5287,2026-05-26,Peso muerto,3,5,55.5,Normal
5288,2026-03-23,Peso muerto,1,15,22.0,Pesado
5289,2025-10-31,Remo con barra,3,6,97.0,Fácil
5290,2026-05-15,Hip thrust,1,7,67.0,Pesado
5291,2026-07-10,Sentadilla búlgara,4,2,80.0,RPE 9
5292,2025-07-24,Elevaciones laterales,1,7,21.5,RPE 8
5293,2025-09-27,Press francés,4,8,52.5,Normal
5294,2025-08-26,Sentadilla,4,15,95.5,Buena técnica
5295,2026-02-08,Curl de bíceps,2,8,31.0,Normal
5296,2025-12-10,Sentadilla búlgara,1,7,114.0,Normal
5297,2026-07-06,Press militar,4,14,21.0,Fácil
5298,2026-05-29,Press francés,3,14,76.0,RPE 8
5299,2025-10-26,Peso muerto,3,12,61.5,Normal
5300,2025-12-06,Press militar,2,1,98.0,Buena técnica
5301,2026-03-15,Sentadilla,4,12,109.5,Fallo cerca
5302,2026-01-20,Sentadilla,4,3,109.5,RPE 9
5303,2026-03-22,Press de banca,2,13,29.5,RPE 8
5304,2025-11-29,Fondos lastrados,5,3,25.5,Fácil
5305,2025-10-21,Sentadilla búlgara,5,8,60.0,Fallo cerca
5306,2025-11-18,Press francés,2,2,22.5,Buen estímulo
5307,2026-06-17,Curl de bíceps,5,8,46.0,Fallo cerca
5308,2026-07-13,Elevaciones laterales,4,2,80.5,Buena técnica
5309,2026-01-25,Sentadilla,4,15,56.5,Fallo cerca
5310,2026-06-02,Fondos lastrados,5,14,106.0,Buena técnica
5311,2026-05-23,Fondos lastrados,5,8,89.5,RPE 8
5312,2026-06-06,Press francés,2,1,79.0,Buen estímulo
5313,2026-01-07,Elevaciones laterales,4,11,59.0,Buena técnica
5314,2025-09-01,Dominadas lastradas,1,15,120.0,Fallo cerca
5315,2026-03-22,Elevaciones laterales,4,6,77.0,RPE 9
5316,2025-07-22,Press de banca,5,9,139.5,Pesado
5317,2025-11-14,Remo con barra,5,6,125.5,RPE 9
5318,2026-01-02,Peso muerto,4,15,69.0,Buen estímulo
5319,2026-07-09,Peso muerto,1,14,137.5,Fallo cerca
5320,2026-07-04,Press militar,3,11,112.5,Buena técnica
5321,2026-06-15,Dominadas lastradas,3,2,98.5,RPE 8
5322,2025-07-18,Press francés,2,6,74.5,Buen estímulo
5323,2026-06-04,Elevaciones laterales,5,1,72.0,Fácil
5324,2026-04-11,Hip thrust,4,2,116.0,RPE 9
5325,2025-12-19,Curl de bíceps,1,7,102.0,RPE 9
5326,2025-10-02,Remo con barra,1,7,72.0,Pesado
5327,2026-06-25,Curl de bíceps,1,3,59.5,Fallo cerca
5328,2025-11-18,Sentadilla,4,9,134.5,RPE 9
5329,2025-11-15,Dominadas lastradas,2,7,128.5,Fácil
5330,2025-07-31,Remo con barra,1,9,58.0,Buen estímulo
5331,2025-07-27,Peso muerto,2,6,85.0,RPE 9
5332,2025-09-12,Press militar,3,4,60.0,RPE 9
5333,2025-08-24,Fondos lastrados,1,4,14.5,Fallo cerca
5334,2025-10-08,Press de banca,2,11,120.5,Buen estímulo
5335,2026-05-25,Press de banca,5,4,113.0,RPE 9
5336,2025-07-24,Sentadilla búlgara,2,4,91.0,Fácil
5337,2025-09-30,Hip thrust,2,5,125.5,RPE 9
5338,2025-09-19,Fondos lastrados,5,11,131.5,Buen estímulo
5339,2026-04-02,Elevaciones laterales,1,1,140.5,RPE 8
5340,2026-07-12,Press francés,2,10,38.5,RPE 8
5341,2025-09-21,Elevaciones laterales,1,11,103.5,RPE 8
5342,2026-05-08,Sentadilla búlgara,4,15,134.0,RPE 8
5343,2026-04-21,Press de banca,5,9,52.0,RPE 8
5344,2026-05-29,Curl de bíceps,2,14,130.0,Normal
5345,2026-06-13,Press militar,2,4,12.0,Fácil
5346,2026-02-17,Sentadilla,1,4,97.5,Pesado
5347,2026-06-29,Fondos lastrados,5,10,21.0,Pesado
5348,2026-04-17,Hip thrust,3,2,58.0,Pesado
5349,2026-07-13,Hip thrust,3,1,26.5,Buen estímulo
5350,2025-12-02,Sentadilla búlgara,4,9,138.5,Buena técnica
5351,2025-08-31,Sentadilla búlgara,4,2,46.0,Pesado
5352,2026-06-23,Elevaciones laterales,4,15,83.5,Fallo cerca
5353,2025-09-07,Sentadilla búlgara,4,8,48.0,Fácil
5354,2026-04-24,Press de banca,3,15,99.0,Normal
5355,2025-10-26,Press de banca,3,11,124.0,Pesado
5356,2026-02-18,Remo con barra,2,6,51.0,Fallo cerca
5357,2025-10-16,Fondos lastrados,4,6,75.5,RPE 9
5358,2026-01-26,Sentadilla búlgara,3,15,83.5,Fácil
5359,2026-05-24,Press militar,3,15,50.5,Normal
5360,2025-10-23,Hip thrust,2,13,63.0,Fallo cerca
5361,2025-08-03,Elevaciones laterales,4,5,135.5,Pesado
5362,2026-02-16,Sentadilla búlgara,2,9,100.0,Normal
5363,2026-06-17,Press de banca,4,13,18.5,Buena técnica
5364,2026-07-18,Press de banca,5,11,125.5,Normal
5365,2026-04-20,Elevaciones laterales,2,4,146.0,Buen estímulo
5366,2025-12-03,Fondos lastrados,2,10,112.0,Normal
5367,2025-11-05,Sentadilla búlgara,1,1,54.5,RPE 9
5368,2026-06-03,Peso muerto,1,8,20.0,Fallo cerca
5369,2025-11-17,Fondos lastrados,4,3,129.0,Pesado
5370,2025-09-13,Press militar,2,13,28.5,Buen estímulo
5371,2025-09-24,Press de banca,3,6,33.5,RPE 8
5372,2026-04-19,Press de banca,1,7,148.0,Fallo cerca
5373,2026-06-17,Sentadilla,1,9,13.0,Fallo cerca
5374,2026-06-02,Press francés,5,15,15.0,Buena técnica
5375,2026-05-01,Curl de bíceps,1,13,72.5,RPE 8
5376,2026-03-27,Press de banca,3,13,100.0,Fácil
5377,2026-03-30,Remo con barra,3,7,26.5,Buen estímulo
5378,2025-10-29,Sentadilla,5,1,144.5,Buena técnica
5379,2026-05-25,Curl de bíceps,5,12,32.5,Buen estímulo
5380,2026-01-07,Dominadas lastradas,3,13,146.0,RPE 9
5381,2026-01-16,Elevaciones laterales,4,4,58.5,Buen estímulo
5382,2025-12-08,Fondos lastrados,2,14,100.0,Fácil
5383,2026-03-29,Elevaciones laterales,4,13,93.0,Buen estímulo
5384,2026-01-03,Fondos lastrados,1,3,69.0,Buen estímulo
5385,2026-01-14,Press militar,5,4,92.5,RPE 9
5386,2026-06-20,Elevaciones laterales,1,13,27.0,Fácil
5387,2026-05-16,Curl de bíceps,2,8,126.0,Fácil
5388,2026-06-15,Sentadilla búlgara,1,6,78.0,RPE 9
5389,2026-03-17,Fondos lastrados,3,13,86.0,Buena técnica
5390,2025-09-18,Press francés,2,12,12.5,Buena técnica
5391,2025-12-27,Sentadilla búlgara,3,11,47.5,RPE 9
5392,2025-10-24,Press francés,1,12,62.5,RPE 9
5393,2026-02-07,Hip thrust,5,15,121.5,Pesado
5394,2025-10-06,Curl de bíceps,1,3,20.5,Pesado
5395,2026-06-26,Curl de bíceps,1,13,83.5,Fácil
5396,2026-02-12,Sentadilla,3,6,75.0,Buen estímulo
5397,2026-07-09,Peso muerto,1,12,87.0,Buena técnica
5398,2026-05-09,Dominadas lastradas,2,7,72.5,Buen estímulo
5399,2025-11-15,Peso muerto,1,3,95.5,Normal
5400,2026-06-30,Press de banca,3,8,82.0,Fallo cerca
5401,2026-06-04,Fondos lastrados,5,8,16.5,RPE 8
5402,2025-10-17,Press de banca,4,6,22.0,Buena técnica
5403,2026-01-15,Press francés,5,4,46.0,RPE 8
5404,2026-07-10,Elevaciones laterales,5,12,137.5,Buena técnica
5405,2026-06-12,Curl de bíceps,3,3,146.0,Normal
5406,2025-09-23,Press de banca,5,11,142.0,Buena técnica
5407,2026-04-10,Press francés,3,4,107.0,Fácil
5408,2026-03-01,Dominadas lastradas,3,6,87.5,Buen estímulo
5409,2025-09-28,Elevaciones laterales,1,14,26.0,Buena técnica
5410,2026-06-16,Press de banca,3,5,41.0,Buen estímulo
5411,2025-12-24,Press militar,5,9,86.0,RPE 9
5412,2026-07-08,Press francés,5,9,77.5,Fácil
5413,2025-12-22,Hip thrust,4,6,128.0,Buena técnica
5414,2025-09-08,Press francés,3,2,118.5,Buena técnica
5415,2025-09-03,Elevaciones laterales,2,15,93.5,RPE 9
5416,2026-02-22,Press francés,1,2,89.5,Fácil
5417,2026-06-10,Hip thrust,5,5,121.5,Buen estímulo
5418,2026-02-28,Dominadas lastradas,1,2,17.5,Fácil
5419,2026-05-04,Sentadilla,2,15,139.0,Fallo cerca
5420,2025-10-18,Dominadas lastradas,3,14,35.5,Fácil
5421,2025-11-07,Sentadilla,2,11,40.5,Fallo cerca
5422,2026-05-11,Remo con barra,1,12,105.5,Fallo cerca
5423,2026-06-25,Elevaciones laterales,3,5,120.0,Fallo cerca
5424,2026-07-05,Dominadas lastradas,4,1,110.0,RPE 9
5425,2025-08-28,Elevaciones laterales,2,6,109.5,RPE 9
5426,2026-04-30,Hip thrust,1,2,92.0,RPE 9
5427,2025-11-28,Hip thrust,5,7,13.5,RPE 9
5428,2025-08-15,Fondos lastrados,2,9,144.5,Fácil
5429,2026-02-24,Press militar,2,10,95.5,RPE 8
5430,2025-12-30,Curl de bíceps,3,13,127.0,Normal
5431,2026-03-19,Press francés,4,3,134.0,Buena técnica
5432,2025-11-18,Sentadilla búlgara,5,3,70.0,Buena técnica
5433,2025-11-12,Sentadilla,1,10,119.5,Normal
5434,2026-01-07,Hip thrust,3,4,107.5,Normal
5435,2025-09-16,Elevaciones laterales,5,1,119.0,Normal
5436,2026-03-14,Curl de bíceps,5,4,41.5,Fallo cerca
5437,2026-05-08,Sentadilla,3,3,112.5,Pesado
5438,2026-05-28,Sentadilla búlgara,4,9,97.5,Pesado
5439,2026-06-17,Press militar,3,1,54.5,Buen estímulo
5440,2026-03-05,Remo con barra,2,10,39.0,Fácil
5441,2025-08-06,Fondos lastrados,4,2,138.5,RPE 8
5442,2025-09-28,Hip thrust,3,13,12.5,RPE 9
5443,2025-10-17,Fondos lastrados,4,13,123.5,RPE 8
5444,2026-04-29,Dominadas lastradas,5,11,145.0,Buena técnica
5445,2026-07-15,Hip thrust,1,14,14.0,RPE 8
5446,2025-12-02,Remo con barra,3,15,63.0,Fallo cerca
5447,2026-03-28,Remo con barra,1,7,116.0,Pesado
5448,2025-12-29,Hip thrust,5,9,26.5,Normal
5449,2026-06-12,Press de banca,3,14,21.5,Normal
5450,2026-06-25,Fondos lastrados,3,15,26.5,Buen estímulo
5451,2026-04-26,Dominadas lastradas,5,4,109.5,Fácil
5452,2025-11-21,Peso muerto,5,1,76.5,Fácil
5453,2025-12-25,Press militar,1,1,109.0,RPE 9
5454,2026-02-20,Press francés,4,11,24.5,RPE 8
5455,2026-06-14,Sentadilla,1,4,133.0,Fallo cerca
5456,2025-12-01,Sentadilla búlgara,2,4,75.0,Buen estímulo
5457,2025-08-24,Sentadilla búlgara,1,12,94.5,RPE 9
5458,2025-10-14,Press francés,4,9,140.0,Fácil
5459,2026-02-14,Hip thrust,1,13,105.5,RPE 9
5460,2026-07-01,Elevaciones laterales,5,14,101.5,Fallo cerca
5461,2026-07-10,Hip thrust,4,4,33.5,RPE 8
5462,2026-04-27,Elevaciones laterales,4,11,63.5,Normal
5463,2026-02-03,Elevaciones laterales,2,15,133.0,RPE 9
5464,2026-05-24,Elevaciones laterales,2,9,118.0,Fallo cerca
5465,2026-07-16,Press francés,3,2,129.0,Buena técnica
5466,2025-12-02,Dominadas lastradas,1,11,125.0,Fallo cerca
5467,2026-01-25,Remo con barra,3,10,140.0,Buen estímulo
5468,2026-05-14,Peso muerto,3,4,76.5,RPE 8
5469,2025-10-25,Curl de bíceps,4,15,99.5,Fallo cerca
5470,2026-07-07,Press francés,4,3,12.5,RPE 9
5471,2026-01-02,Sentadilla búlgara,3,4,59.5,RPE 8
5472,2025-11-09,Hip thrust,3,7,118.5,Fallo cerca
5473,2026-07-14,Peso muerto,2,13,19.0,RPE 8
5474,2025-10-27,Sentadilla búlgara,1,5,25.0,Buena técnica
5475,2026-04-29,Press francés,4,2,58.5,Buen estímulo
5476,2025-09-30,Press de banca,1,14,36.0,Fallo cerca
5477,2025-09-12,Curl de bíceps,3,13,65.5,Normal
5478,2026-06-16,Hip thrust,3,3,27.0,Pesado
5479,2025-11-02,Hip thrust,5,15,127.0,Fácil
5480,2025-08-29,Hip thrust,4,12,94.5,Fallo cerca
5481,2025-12-29,Press de banca,4,15,23.0,Fallo cerca
5482,2026-04-02,Hip thrust,4,6,112.5,RPE 8
5483,2025-10-12,Press francés,4,1,143.0,Fácil
5484,2025-10-08,Press de banca,1,8,78.5,Pesado
5485,2026-01-18,Curl de bíceps,1,3,57.0,Normal
5486,2025-08-26,Fondos lastrados,1,9,32.0,RPE 8
5487,2025-09-06,Press francés,2,4,79.5,Normal
5488,2025-07-30,Curl de bíceps,2,15,10.5,Fallo cerca
5489,2026-03-13,Dominadas lastradas,3,12,43.5,Buen estímulo
5490,2025-09-01,Fondos lastrados,5,3,16.5,Fácil
5491,2025-12-19,Sentadilla,2,2,42.0,RPE 8
5492,2025-11-25,Press francés,5,13,79.0,Fallo cerca
5493,2026-01-27,Press francés,1,10,116.0,Normal
5494,2026-06-03,Sentadilla búlgara,3,7,38.0,Buena técnica
5495,2026-02-20,Sentadilla búlgara,2,15,94.0,Normal
5496,2026-01-04,Remo con barra,1,12,80.5,Pesado
5497,2025-09-27,Press francés,5,6,31.5,Fallo cerca
5498,2026-07-06,Hip thrust,5,14,70.0,Normal
5499,2025-09-19,Curl de bíceps,3,5,10.5,Pesado
5500,2026-06-23,Remo con barra,2,7,116.0,Pesado
5501,2025-11-07,Elevaciones laterales,1,3,41.5,Pesado
5502,2026-04-23,Sentadilla,2,5,90.0,RPE 8
5503,2026-07-13,Press de banca,2,10,148.5,Buena técnica
5504,2025-08-09,Dominadas lastradas,3,13,21.5,Fácil
5505,2025-07-22,Fondos lastrados,1,15,75.0,Buen estímulo
5506,2026-01-16,Curl de bíceps,5,14,44.0,Fácil
5507,2026-01-31,Press de banca,4,11,40.5,Pesado
5508,2025-12-28,Elevaciones laterales,3,10,121.5,Fácil
5509,2025-12-22,Press de banca,3,1,16.5,Buen estímulo
5510,2026-07-13,Dominadas lastradas,4,4,126.5,Buen estímulo
5511,2026-04-18,Remo con barra,2,4,46.5,RPE 9
5512,2025-07-25,Elevaciones laterales,5,12,40.5,RPE 9
5513,2025-12-17,Dominadas lastradas,2,4,51.5,Buen estímulo
5514,2026-02-18,Elevaciones laterales,2,4,68.5,Fácil
5515,2025-10-19,Elevaciones laterales,2,7,98.0,Fácil
5516,2026-03-08,Sentadilla búlgara,4,7,118.5,Fácil
5517,2026-04-30,Press militar,2,11,35.5,Normal
5518,2025-12-13,Sentadilla,5,4,112.0,Fácil
5519,2025-11-23,Hip thrust,2,14,94.5,Buena técnica
5520,2025-11-27,Curl de bíceps,4,6,112.5,Normal
5521,2026-05-17,Dominadas lastradas,4,9,49.0,Buen estímulo
5522,2026-05-15,Hip thrust,1,15,19.0,Normal
5523,2025-12-23,Press de banca,2,12,91.0,Pesado
5524,2025-09-22,Elevaciones laterales,4,6,74.0,Pesado
5525,2025-10-02,Hip thrust,1,4,16.5,RPE 8
5526,2026-06-22,Sentadilla,1,12,35.0,Pesado
5527,2025-11-21,Press militar,3,6,19.0,Fallo cerca
5528,2025-12-21,Hip thrust,2,11,149.0,Fallo cerca
5529,2025-11-14,Curl de bíceps,3,1,96.0,Fallo cerca
5530,2026-02-25,Remo con barra,4,13,16.5,Buen estímulo
5531,2025-12-21,Sentadilla búlgara,1,12,54.0,Fallo cerca
5532,2026-07-07,Dominadas lastradas,4,11,18.0,RPE 8
5533,2025-11-21,Sentadilla búlgara,5,7,35.0,Pesado
5534,2026-04-19,Peso muerto,1,9,67.0,Buena técnica
5535,2026-06-08,Hip thrust,5,15,56.5,Buena técnica
5536,2025-10-02,Fondos lastrados,4,15,97.0,Normal
5537,2026-02-07,Press militar,1,14,121.0,Buena técnica
5538,2025-10-28,Fondos lastrados,5,4,58.0,RPE 9
5539,2026-07-17,Press militar,1,6,23.0,Normal
5540,2026-06-05,Remo con barra,1,10,84.5,Pesado
5541,2025-09-12,Fondos lastrados,5,3,46.5,Fallo cerca
5542,2025-12-29,Sentadilla búlgara,3,12,50.5,RPE 8
5543,2026-02-18,Peso muerto,1,4,83.5,Fallo cerca
5544,2026-03-08,Dominadas lastradas,4,14,73.5,RPE 8
5545,2025-07-22,Peso muerto,2,1,12.0,RPE 9
5546,2026-05-18,Dominadas lastradas,3,12,70.5,Buena técnica
5547,2026-01-06,Press militar,3,1,71.5,Fallo cerca
5548,2025-10-10,Dominadas lastradas,3,6,107.5,Normal
5549,2025-08-06,Press de banca,5,13,144.0,Normal
5550,2026-02-22,Remo con barra,2,6,49.0,Buena técnica
5551,2026-07-11,Hip thrust,2,7,11.5,Buen estímulo
5552,2026-01-19,Fondos lastrados,3,15,119.0,RPE 9
5553,2025-09-01,Press militar,2,15,119.0,Fallo cerca
5554,2026-01-15,Press francés,1,10,145.0,Buena técnica
5555,2025-07-30,Press militar,1,13,101.5,RPE 8
5556,2025-07-23,Dominadas lastradas,4,15,146.0,Pesado
5557,2025-09-03,Peso muerto,1,2,73.5,Fácil
5558,2026-07-17,Elevaciones laterales,1,5,66.5,Normal
5559,2026-03-11,Press militar,1,13,72.5,Fallo cerca
5560,2025-12-07,Hip thrust,5,5,121.0,Buena técnica
5561,2025-12-11,Peso muerto,1,1,127.0,Pesado
5562,2025-12-22,Sentadilla,1,6,100.0,Normal
5563,2026-01-04,Elevaciones laterales,5,6,59.0,Pesado
5564,2026-03-13,Curl de bíceps,1,7,73.5,Pesado
5565,2025-10-06,Press militar,4,15,126.5,RPE 9
5566,2026-06-28,Hip thrust,1,3,134.0,Normal
5567,2025-08-29,Dominadas lastradas,1,12,31.5,Buena técnica
5568,2025-12-13,Remo con barra,4,3,45.5,Normal
5569,2026-05-15,Fondos lastrados,1,1,39.5,Fallo cerca
5570,2025-07-31,Peso muerto,4,10,138.5,Buena técnica
5571,2026-05-17,Press militar,2,13,90.0,Buen estímulo
5572,2026-03-30,Dominadas lastradas,4,12,29.5,RPE 8
5573,2026-07-06,Dominadas lastradas,5,4,29.5,Fallo cerca
5574,2026-06-26,Sentadilla búlgara,1,7,134.0,Buena técnica
5575,2026-01-04,Press francés,5,8,141.5,Fallo cerca
5576,2026-06-22,Elevaciones laterales,5,3,106.0,Buen estímulo
5577,2026-03-03,Fondos lastrados,5,5,20.5,RPE 8
5578,2025-07-20,Sentadilla,5,3,50.0,Buena técnica
5579,2026-03-09,Press francés,4,11,35.5,Buen estímulo
5580,2025-09-24,Press de banca,2,2,142.0,Pesado
5581,2026-04-16,Peso muerto,2,14,19.0,Fallo cerca
5582,2026-02-08,Peso muerto,3,15,81.5,Pesado
5583,2025-08-28,Press de banca,4,12,125.0,Pesado
5584,2025-08-08,Elevaciones laterales,3,14,34.5,Buena técnica
5585,2026-05-05,Curl de bíceps,3,9,10.0,Pesado
5586,2025-08-31,Hip thrust,3,10,87.5,RPE 9
5587,2025-09-12,Peso muerto,3,10,79.5,RPE 8
5588,2026-01-24,Fondos lastrados,3,11,95.0,RPE 8
5589,2025-10-03,Peso muerto,2,13,14.0,Pesado
5590,2025-08-07,Sentadilla búlgara,4,2,113.0,RPE 8
5591,2025-11-12,Sentadilla,2,4,75.5,RPE 8
5592,2026-01-06,Remo con barra,4,3,49.0,RPE 8
5593,2025-08-03,Elevaciones laterales,2,7,91.5,Normal
5594,2025-12-21,Peso muerto,4,14,104.5,Buen estímulo
5595,2025-08-08,Fondos lastrados,3,8,150.0,Fácil
5596,2026-05-06,Dominadas lastradas,2,8,17.5,Buena técnica
5597,2025-10-02,Sentadilla,1,12,44.0,Buen estímulo
5598,2026-04-30,Press francés,1,12,66.5,Pesado
5599,2025-08-09,Sentadilla búlgara,4,12,29.0,Fácil
5600,2026-02-11,Dominadas lastradas,4,10,20.5,Pesado
5601,2026-03-07,Remo con barra,5,13,79.0,Normal
5602,2025-08-17,Sentadilla,4,5,10.0,Buena técnica
5603,2025-12-13,Peso muerto,4,1,56.5,Pesado
5604,2026-03-01,Press francés,1,3,131.0,Fácil
5605,2026-06-13,Curl de bíceps,4,13,74.0,Buena técnica
5606,2026-02-27,Press de banca,1,11,31.0,RPE 8
5607,2026-02-25,Elevaciones laterales,4,15,39.0,Fácil
5608,2026-04-12,Curl de bíceps,2,2,16.0,Fácil
5609,2026-04-07,Curl de bíceps,4,1,118.5,Buen estímulo
5610,2026-04-14,Dominadas lastradas,5,12,105.0,Pesado
5611,2025-10-17,Press militar,5,12,88.0,Normal
5612,2026-02-18,Press francés,1,9,112.5,Fallo cerca
5613,2025-08-02,Dominadas lastradas,1,8,107.0,Buena técnica
5614,2025-09-29,Peso muerto,4,8,102.0,Buen estímulo
5615,2026-01-03,Peso muerto,5,9,127.0,Buen estímulo
5616,2026-05-01,Sentadilla búlgara,1,15,24.0,Fácil
5617,2026-04-05,Curl de bíceps,1,9,92.0,Normal
5618,2026-07-15,Hip thrust,3,5,13.5,Fallo cerca
5619,2026-03-14,Fondos lastrados,3,11,108.0,Normal
5620,2026-01-03,Peso muerto,4,14,111.5,RPE 8
5621,2026-04-23,Dominadas lastradas,4,13,51.5,RPE 9
5622,2026-04-08,Dominadas lastradas,4,3,80.5,Fallo cerca
5623,2025-11-02,Sentadilla búlgara,2,5,23.0,Buen estímulo
5624,2026-04-14,Press militar,1,12,102.0,Fácil
5625,2026-02-11,Remo con barra,3,2,98.5,RPE 8
5626,2025-09-13,Curl de bíceps,2,11,143.5,RPE 9
5627,2025-11-27,Dominadas lastradas,3,9,46.5,Normal
5628,2026-04-03,Press francés,2,11,78.0,RPE 9
5629,2025-12-28,Sentadilla,4,5,49.0,Pesado
5630,2025-12-24,Hip thrust,1,1,92.0,Buena técnica
5631,2025-11-20,Sentadilla búlgara,1,9,48.5,Normal
5632,2026-02-03,Elevaciones laterales,5,1,105.0,Normal
5633,2025-08-08,Remo con barra,2,10,100.0,Fácil
5634,2025-11-26,Sentadilla búlgara,1,9,64.5,Fácil
5635,2025-11-08,Fondos lastrados,1,6,24.5,Buen estímulo
5636,2026-04-02,Press francés,3,7,83.5,Pesado
5637,2026-06-15,Hip thrust,4,14,59.5,Fallo cerca
5638,2026-03-08,Sentadilla búlgara,5,2,147.0,RPE 9
5639,2026-06-17,Sentadilla búlgara,5,10,123.5,Fácil
5640,2026-06-20,Peso muerto,1,1,121.0,Buen estímulo
5641,2026-01-19,Dominadas lastradas,2,8,11.0,Pesado
5642,2025-11-22,Peso muerto,2,3,89.5,Buena técnica
5643,2026-05-02,Curl de bíceps,1,2,97.0,Fácil
5644,2025-10-02,Remo con barra,2,8,23.5,Buen estímulo
5645,2026-01-19,Sentadilla búlgara,3,3,137.0,Buen estímulo
5646,2025-09-16,Elevaciones laterales,4,7,119.5,Pesado
5647,2026-06-21,Remo con barra,1,12,20.5,Fácil
5648,2025-09-01,Elevaciones laterales,5,13,53.5,RPE 9
5649,2025-08-08,Press francés,4,15,15.5,Fallo cerca
5650,2026-03-07,Sentadilla búlgara,5,12,120.0,Normal
5651,2026-03-23,Sentadilla búlgara,2,6,24.5,Fallo cerca
5652,2026-05-16,Remo con barra,5,6,128.0,Fallo cerca
5653,2025-08-12,Sentadilla búlgara,1,2,63.5,Fallo cerca
5654,2026-01-28,Sentadilla,5,8,72.0,RPE 9
5655,2025-10-07,Dominadas lastradas,5,2,83.5,Fallo cerca
5656,2025-10-12,Remo con barra,1,7,122.5,RPE 9
5657,2025-10-22,Curl de bíceps,4,13,124.0,Buen estímulo
5658,2025-11-28,Elevaciones laterales,2,1,24.5,Buen estímulo
5659,2026-07-03,Curl de bíceps,2,14,20.0,RPE 8
5660,2026-05-31,Peso muerto,5,3,86.0,Pesado
5661,2025-07-30,Press militar,3,2,36.5,RPE 8
5662,2025-09-14,Fondos lastrados,1,3,40.5,Pesado
5663,2025-11-08,Fondos lastrados,3,3,24.0,Fallo cerca
5664,2025-09-08,Press militar,4,6,143.5,Normal
5665,2026-03-16,Fondos lastrados,5,7,75.5,Pesado
5666,2025-12-30,Press de banca,4,11,36.0,RPE 9
5667,2026-01-13,Curl de bíceps,1,1,87.5,Buena técnica
5668,2026-01-31,Curl de bíceps,1,12,50.0,RPE 8
5669,2026-02-25,Fondos lastrados,3,6,84.5,RPE 8
5670,2026-02-23,Curl de bíceps,5,9,85.5,Pesado
5671,2026-01-20,Press de banca,2,5,42.0,Fallo cerca
5672,2026-03-01,Dominadas lastradas,5,3,21.5,RPE 8
5673,2025-11-24,Fondos lastrados,1,14,94.5,Fallo cerca
5674,2025-10-14,Hip thrust,1,13,71.0,Pesado
5675,2026-04-30,Press de banca,3,4,30.0,Fallo cerca
5676,2025-08-15,Elevaciones laterales,1,12,45.5,RPE 9
5677,2026-01-01,Fondos lastrados,4,4,15.0,Pesado
5678,2026-01-21,Elevaciones laterales,1,3,13.5,Buena técnica
5679,2026-06-07,Remo con barra,5,9,78.5,RPE 9
5680,2025-12-21,Curl de bíceps,5,9,30.5,Buena técnica
5681,2025-12-22,Press militar,4,13,133.5,Fácil
5682,2025-07-19,Elevaciones laterales,2,6,29.5,Buena técnica
5683,2026-02-05,Peso muerto,1,8,81.0,RPE 9
5684,2026-01-27,Hip thrust,1,14,140.5,Fácil
5685,2026-04-09,Curl de bíceps,5,11,20.0,Normal
5686,2025-12-01,Press militar,4,15,134.5,Buen estímulo
5687,2026-03-07,Curl de bíceps,2,9,17.0,RPE 9
5688,2025-10-12,Peso muerto,3,11,114.5,Buen estímulo
5689,2025-08-15,Dominadas lastradas,5,3,38.5,Buena técnica
5690,2026-05-17,Remo con barra,4,9,77.5,RPE 9
5691,2026-01-05,Press francés,3,14,13.0,Normal
5692,2026-05-24,Sentadilla búlgara,4,14,48.0,Fallo cerca
5693,2026-01-14,Hip thrust,3,10,79.0,Pesado
5694,2026-01-16,Dominadas lastradas,3,10,69.5,RPE 9
5695,2025-08-17,Press militar,5,10,50.5,Normal
5696,2026-05-22,Sentadilla,2,11,41.5,Buen estímulo
5697,2025-10-23,Fondos lastrados,5,3,39.0,RPE 9
5698,2025-10-15,Curl de bíceps,3,14,40.0,Buena técnica
5699,2026-02-25,Sentadilla,3,5,146.0,Pesado
5700,2026-06-22,Remo con barra,2,9,71.0,RPE 9
5701,2025-12-16,Press militar,1,3,19.0,Normal
5702,2025-09-07,Peso muerto,2,5,106.0,RPE 9
5703,2026-01-06,Dominadas lastradas,5,7,137.0,Normal
5704,2026-02-22,Press de banca,1,4,57.0,Buena técnica
5705,2025-09-03,Sentadilla búlgara,5,12,36.5,Fallo cerca
5706,2025-11-03,Sentadilla,3,14,100.0,Pesado
5707,2025-10-09,Sentadilla,4,3,85.0,Fácil
5708,2025-08-14,Hip thrust,2,2,141.5,Normal
5709,2025-10-03,Fondos lastrados,4,2,70.0,RPE 9
5710,2025-12-21,Press francés,4,15,75.5,Fallo cerca
5711,2025-09-10,Press militar,4,5,60.0,Pesado
5712,2026-01-02,Press francés,4,12,137.5,Pesado
5713,2026-03-10,Hip thrust,2,12,120.0,Buen estímulo
5714,2026-01-07,Elevaciones laterales,2,11,87.5,Pesado
5715,2026-06-06,Sentadilla,1,1,22.5,Fácil
5716,2026-02-06,Remo con barra,5,14,92.5,Buen estímulo
5717,2026-01-28,Remo con barra,4,11,146.5,RPE 8
5718,2026-06-05,Dominadas lastradas,3,2,101.5,Fallo cerca
5719,2026-06-18,Curl de bíceps,2,5,38.0,Fácil
5720,2026-04-23,Press de banca,5,13,43.0,Buen estímulo
5721,2025-10-31,Press militar,4,14,69.5,RPE 9
5722,2025-12-26,Dominadas lastradas,4,6,68.0,Fallo cerca
5723,2026-03-05,Fondos lastrados,4,12,139.5,Fácil
5724,2025-10-20,Press de banca,4,5,66.0,Buena técnica
5725,2025-08-11,Elevaciones laterales,1,8,94.5,RPE 9
5726,2026-02-17,Remo con barra,1,8,110.0,Fallo cerca
5727,2025-08-11,Elevaciones laterales,1,2,71.5,Pesado
5728,2025-12-05,Elevaciones laterales,2,7,79.5,Pesado
5729,2026-06-14,Press francés,2,2,23.0,Buen estímulo
5730,2026-01-27,Fondos lastrados,5,4,67.5,Buena técnica
5731,2026-06-27,Press de banca,1,12,147.0,Fallo cerca
5732,2026-04-19,Remo con barra,1,11,18.0,RPE 8
5733,2026-07-04,Fondos lastrados,4,8,102.5,Buen estímulo
5734,2025-12-31,Fondos lastrados,4,12,45.0,RPE 8
5735,2026-03-04,Curl de bíceps,2,5,95.0,RPE 8
5736,2025-08-22,Sentadilla,1,7,81.0,Fácil
5737,2025-09-15,Fondos lastrados,2,6,73.0,RPE 9
5738,2025-07-31,Remo con barra,4,6,89.5,Fácil
5739,2025-09-29,Press de banca,5,7,124.0,Pesado
5740,2026-02-02,Hip thrust,2,8,139.5,RPE 9
5741,2026-07-16,Press militar,2,4,96.5,Pesado
5742,2026-05-21,Sentadilla búlgara,4,5,96.5,RPE 9
5743,2026-02-02,Sentadilla,2,7,113.5,Pesado
5744,2026-04-25,Curl de bíceps,2,2,57.5,Buen estímulo
5745,2025-09-27,Sentadilla búlgara,5,15,15.0,Pesado
5746,2026-04-25,Press de banca,4,10,100.5,Pesado
5747,2025-12-03,Sentadilla,1,6,119.0,Fallo cerca
5748,2026-02-18,Dominadas lastradas,5,2,25.0,RPE 8
5749,2026-06-13,Elevaciones laterales,4,11,79.5,RPE 8
5750,2025-11-08,Press militar,4,14,84.5,Fallo cerca
5751,2026-04-18,Elevaciones laterales,3,11,26.5,Fallo cerca
5752,2026-05-08,Peso muerto,4,12,108.5,Fallo cerca
5753,2026-06-19,Dominadas lastradas,4,4,30.0,Fácil
5754,2026-04-08,Press militar,3,8,62.5,Buen estímulo
5755,2026-04-16,Sentadilla,3,13,137.0,Fallo cerca
5756,2025-10-31,Press militar,2,11,111.5,Fácil
5757,2025-11-23,Remo con barra,2,6,95.0,Pesado
5758,2025-08-16,Press militar,2,10,92.0,Normal
5759,2026-04-19,Remo con barra,4,8,80.5,Buen estímulo
5760,2026-03-03,Remo con barra,4,3,24.0,Fácil
5761,2026-05-20,Sentadilla,4,10,56.0,Fallo cerca
5762,2026-02-08,Curl de bíceps,5,11,11.0,RPE 9
5763,2026-01-29,Elevaciones laterales,3,1,122.5,RPE 9
5764,2025-08-05,Hip thrust,1,14,56.0,Buen estímulo
5765,2026-07-17,Press militar,2,11,122.0,Normal
5766,2025-09-02,Sentadilla,1,9,86.5,Buen estímulo
5767,2025-12-09,Remo con barra,4,12,64.0,Fallo cerca
5768,2026-05-21,Peso muerto,5,12,76.5,Fácil
5769,2026-07-01,Elevaciones laterales,4,10,37.5,Fácil
5770,2026-04-14,Hip thrust,1,15,128.5,Buena técnica
5771,2025-09-13,Dominadas lastradas,5,1,107.0,Pesado
5772,2025-11-11,Sentadilla,3,15,143.0,RPE 9
5773,2026-06-26,Peso muerto,4,4,56.0,RPE 8
5774,2026-04-30,Press francés,2,6,36.5,Buena técnica
5775,2025-08-01,Peso muerto,4,7,88.0,Normal
5776,2025-11-22,Curl de bíceps,3,12,29.5,Normal
5777,2025-09-08,Remo con barra,3,10,63.5,Buena técnica
5778,2026-07-10,Sentadilla,5,13,17.0,Pesado
5779,2026-01-09,Sentadilla,2,7,99.0,Pesado
5780,2026-03-04,Dominadas lastradas,4,15,42.5,Normal
5781,2025-08-31,Elevaciones laterales,1,15,41.0,Buena técnica
5782,2026-07-11,Press de banca,1,2,147.0,RPE 9
5783,2026-03-01,Press francés,1,3,89.5,RPE 9
5784,2025-09-30,Press militar,2,14,73.0,Pesado
5785,2025-09-04,Press francés,5,7,112.5,RPE 8
5786,2025-08-23,Sentadilla búlgara,2,7,88.0,RPE 8
5787,2026-04-03,Curl de bíceps,5,1,62.0,RPE 9
5788,2025-10-22,Press militar,5,10,66.0,Pesado
5789,2026-06-24,Sentadilla,2,7,91.0,Normal
5790,2026-04-27,Hip thrust,3,2,13.0,Pesado
5791,2025-12-17,Fondos lastrados,4,12,33.0,RPE 9
5792,2026-04-10,Curl de bíceps,4,9,123.0,Fácil
5793,2026-06-17,Fondos lastrados,3,15,101.5,Pesado
5794,2025-10-13,Elevaciones laterales,3,5,23.0,Pesado
5795,2025-10-01,Hip thrust,2,11,54.0,Buena técnica
5796,2026-07-11,Press militar,1,8,72.5,Normal
5797,2025-08-26,Press francés,2,15,44.5,Buena técnica
5798,2026-02-01,Remo con barra,2,6,131.5,Buen estímulo
5799,2026-03-01,Dominadas lastradas,5,10,142.5,Normal
5800,2026-07-04,Press de banca,4,5,113.0,RPE 9
5801,2026-05-07,Hip thrust,1,9,82.0,Fallo cerca
5802,2026-02-27,Sentadilla búlgara,4,8,47.0,Fallo cerca
5803,2025-12-11,Sentadilla búlgara,2,7,118.0,RPE 8
5804,2026-01-07,Fondos lastrados,3,10,96.5,Fallo cerca
5805,2025-10-08,Elevaciones laterales,3,4,61.5,Normal
5806,2025-09-27,Elevaciones laterales,2,2,19.0,Buena técnica
5807,2025-12-12,Sentadilla,3,12,138.5,Fácil
5808,2025-12-17,Remo con barra,1,15,57.5,Fácil
5809,2025-10-22,Fondos lastrados,4,9,110.5,Normal
5810,2026-05-06,Press militar,4,2,89.5,Normal
5811,2026-02-28,Press de banca,5,7,96.0,RPE 9
5812,2025-10-15,Dominadas lastradas,4,11,21.5,RPE 8
5813,2025-12-15,Remo con barra,2,1,58.5,Fácil
5814,2026-06-14,Dominadas lastradas,2,10,140.0,Buen estímulo
5815,2026-02-25,Press francés,5,7,62.0,RPE 9
5816,2026-03-21,Peso muerto,3,7,87.0,Pesado
5817,2025-12-22,Hip thrust,5,13,97.0,Fallo cerca
5818,2026-06-23,Press militar,1,4,61.5,Buena técnica
5819,2025-12-26,Fondos lastrados,2,1,147.5,Fácil
5820,2026-06-06,Peso muerto,1,12,16.5,Normal
5821,2025-11-27,Press francés,3,14,127.0,RPE 8
5822,2025-07-27,Sentadilla búlgara,3,6,81.0,Fallo cerca
5823,2025-12-09,Press francés,5,6,19.0,Fácil
5824,2026-01-28,Sentadilla,4,6,133.5,RPE 9
5825,2025-11-05,Sentadilla búlgara,4,15,101.5,Normal
5826,2026-03-12,Elevaciones laterales,1,7,69.0,Pesado
5827,2025-12-18,Curl de bíceps,2,12,34.5,Normal
5828,2026-07-10,Sentadilla,5,9,95.0,Pesado
5829,2025-12-31,Hip thrust,1,5,53.0,Fácil
5830,2025-11-26,Press de banca,5,5,149.5,Pesado
5831,2025-09-10,Fondos lastrados,4,2,105.5,Fallo cerca
5832,2026-02-03,Sentadilla búlgara,3,15,57.5,RPE 8
5833,2026-03-02,Press francés,4,4,82.5,RPE 8
5834,2026-04-06,Remo con barra,2,8,79.5,Fallo cerca
5835,2026-04-07,Remo con barra,5,10,91.0,RPE 8
5836,2026-07-16,Sentadilla,2,14,26.0,RPE 8
5837,2025-10-06,Remo con barra,1,8,75.5,Fallo cerca
5838,2026-01-05,Sentadilla,4,6,43.5,RPE 9
5839,2026-01-26,Hip thrust,4,12,87.5,RPE 8
5840,2026-02-26,Press militar,1,4,63.0,RPE 8
5841,2026-01-27,Curl de bíceps,2,5,146.0,Normal
5842,2025-08-30,Curl de bíceps,3,3,60.5,Pesado
5843,2026-06-12,Elevaciones laterales,5,14,117.5,Buena técnica
5844,2025-08-14,Curl de bíceps,5,11,81.0,RPE 8
5845,2025-10-24,Press francés,3,7,83.5,Buena técnica
5846,2026-04-20,Sentadilla búlgara,5,7,59.5,RPE 9
5847,2025-08-03,Sentadilla,4,14,35.5,RPE 8
5848,2025-08-06,Sentadilla,5,11,146.0,RPE 8
5849,2026-06-24,Sentadilla,1,8,101.5,RPE 8
5850,2026-05-31,Curl de bíceps,5,5,55.0,Buena técnica
5851,2025-07-24,Remo con barra,4,15,30.0,Buen estímulo
5852,2025-08-16,Press de banca,5,10,63.0,Pesado
5853,2026-02-27,Remo con barra,3,5,20.5,Pesado
5854,2026-04-18,Curl de bíceps,1,9,144.0,Fácil
5855,2026-01-29,Press francés,4,5,82.5,Fácil
5856,2025-09-18,Sentadilla búlgara,2,13,40.0,Normal
5857,2026-07-01,Press francés,1,2,123.0,RPE 9
5858,2026-01-21,Elevaciones laterales,1,12,42.0,Fácil
5859,2025-12-15,Peso muerto,1,12,16.0,Buena técnica
5860,2026-04-26,Elevaciones laterales,1,13,49.0,RPE 8
5861,2026-06-18,Remo con barra,3,6,39.5,RPE 8
5862,2025-07-27,Sentadilla búlgara,1,4,126.5,Pesado
5863,2026-05-30,Press militar,3,1,40.0,Fallo cerca
5864,2026-01-28,Sentadilla búlgara,5,15,118.5,Buena técnica
5865,2025-07-30,Dominadas lastradas,2,11,148.0,Pesado
5866,2026-03-30,Remo con barra,3,7,98.5,RPE 9
5867,2026-04-05,Curl de bíceps,1,11,99.5,Buen estímulo
5868,2025-08-26,Press militar,3,13,18.5,Normal
5869,2025-10-20,Dominadas lastradas,1,2,149.5,RPE 8
5870,2025-12-30,Elevaciones laterales,1,3,131.5,Pesado
5871,2025-11-08,Fondos lastrados,3,4,38.0,Fallo cerca
5872,2026-03-28,Press militar,5,15,102.0,Fácil
5873,2026-03-05,Sentadilla búlgara,4,1,137.5,RPE 9
5874,2026-07-01,Press militar,2,12,132.0,RPE 9
5875,2026-01-04,Press de banca,2,15,130.5,Buena técnica
5876,2026-04-12,Press francés,4,15,67.0,Buena técnica
5877,2026-06-02,Dominadas lastradas,2,12,41.0,Normal
5878,2025-09-10,Press francés,2,9,32.0,Normal
5879,2025-12-10,Sentadilla búlgara,4,7,94.5,RPE 9
5880,2025-08-20,Remo con barra,3,8,83.0,RPE 8
5881,2025-09-10,Hip thrust,1,7,120.0,Normal
5882,2025-10-08,Sentadilla búlgara,2,2,147.5,Normal
5883,2026-04-14,Dominadas lastradas,4,2,55.5,Fácil
5884,2026-05-15,Peso muerto,1,3,107.5,RPE 8
5885,2025-10-02,Fondos lastrados,4,6,120.5,RPE 9
5886,2025-10-25,Dominadas lastradas,1,13,38.0,Buena técnica
5887,2026-02-22,Sentadilla búlgara,1,13,59.5,Pesado
5888,2025-11-08,Press de banca,1,12,140.0,RPE 9
5889,2025-07-21,Sentadilla,5,6,16.5,Fallo cerca
5890,2026-07-05,Dominadas lastradas,3,5,51.0,RPE 9
5891,2026-02-26,Elevaciones laterales,2,10,40.5,RPE 8
5892,2026-02-28,Press militar,3,13,148.5,Pesado
5893,2025-08-18,Elevaciones laterales,3,3,112.0,RPE 8
5894,2025-09-14,Sentadilla búlgara,4,11,92.0,RPE 8
5895,2026-04-25,Dominadas lastradas,2,15,96.5,Normal
5896,2026-02-14,Elevaciones laterales,4,4,100.5,Fallo cerca
5897,2026-03-05,Sentadilla,4,7,22.0,RPE 8
5898,2026-06-03,Fondos lastrados,5,14,22.0,Buena técnica
5899,2025-08-06,Press de banca,5,3,75.0,Buen estímulo
5900,2026-06-25,Press de banca,5,12,91.0,RPE 9
5901,2025-11-02,Press militar,3,8,147.0,Pesado
5902,2025-10-22,Remo con barra,5,14,53.0,RPE 8
5903,2025-08-16,Peso muerto,1,9,12.0,Normal
5904,2026-02-06,Peso muerto,1,9,11.5,Fallo cerca
5905,2025-10-05,Sentadilla búlgara,3,14,84.5,Buen estímulo
5906,2025-11-09,Press de banca,5,4,97.5,Fallo cerca
5907,2026-06-21,Sentadilla,2,7,27.5,Fallo cerca
5908,2026-05-13,Press francés,4,15,48.0,Fallo cerca
5909,2025-12-23,Sentadilla búlgara,3,7,77.0,Pesado
5910,2025-10-04,Peso muerto,4,9,64.0,Pesado
5911,2025-11-14,Dominadas lastradas,3,4,30.0,Fácil
5912,2026-06-09,Fondos lastrados,2,4,40.0,RPE 8
5913,2026-06-07,Press militar,2,12,127.0,Buena técnica
5914,2026-03-12,Sentadilla búlgara,2,14,149.0,RPE 9
5915,2025-12-24,Remo con barra,5,4,35.5,RPE 8
5916,2025-11-22,Remo con barra,5,7,61.0,RPE 9
5917,2026-06-18,Remo con barra,3,14,140.0,Normal
5918,2026-02-15,Peso muerto,3,11,65.5,Buen estímulo
5919,2025-10-27,Press de banca,4,13,95.5,Fácil
5920,2025-10-17,Press militar,3,11,134.5,Normal
5921,2026-04-30,Hip thrust,4,5,12.5,Pesado
5922,2026-06-08,Elevaciones laterales,3,12,103.0,RPE 9
5923,2025-10-29,Press militar,5,3,118.0,RPE 8
5924,2025-12-28,Press militar,2,13,57.5,Fallo cerca
5925,2025-12-14,Sentadilla búlgara,2,5,120.5,Fácil
5926,2025-12-11,Fondos lastrados,4,2,89.0,RPE 9
5927,2026-03-23,Sentadilla,3,2,138.0,RPE 8
5928,2025-10-01,Peso muerto,1,5,28.0,Buena técnica
5929,2025-10-07,Sentadilla búlgara,4,9,115.0,Fácil
5930,2025-08-21,Press de banca,4,11,141.0,Pesado
5931,2026-02-18,Press francés,4,12,90.5,RPE 9
5932,2025-12-14,Sentadilla búlgara,5,8,127.5,Normal
5933,2025-07-29,Press militar,1,2,143.5,Fácil
5934,2026-03-25,Press militar,4,12,18.0,RPE 8
5935,2026-06-15,Elevaciones laterales,1,9,130.5,Fallo cerca
5936,2026-06-15,Curl de bíceps,4,1,38.0,Buena técnica
5937,2026-05-12,Dominadas lastradas,4,3,104.0,Fácil
5938,2026-06-02,Peso muerto,3,13,110.0,Fácil
5939,2026-04-28,Hip thrust,4,6,42.0,RPE 8
5940,2026-05-18,Sentadilla búlgara,3,10,67.5,Pesado
5941,2026-05-27,Elevaciones laterales,1,3,79.0,Fallo cerca
5942,2025-08-01,Dominadas lastradas,5,14,122.5,Buen estímulo
5943,2025-11-17,Curl de bíceps,5,9,48.0,Pesado
5944,2026-02-07,Remo con barra,1,9,83.0,Buena técnica
5945,2026-01-30,Sentadilla,5,4,22.0,Pesado
5946,2025-08-21,Sentadilla,5,2,41.5,Pesado
5947,2025-08-29,Press de banca,4,7,126.0,RPE 9
5948,2026-05-16,Remo con barra,4,8,65.5,Buen estímulo
5949,2026-04-28,Hip thrust,1,4,48.5,RPE 9
5950,2026-06-18,Fondos lastrados,4,15,106.5,Buen estímulo
5951,2025-12-11,Fondos lastrados,1,6,30.5,Buena técnica
5952,2026-01-24,Sentadilla,4,13,14.5,Pesado
5953,2025-11-26,Elevaciones laterales,2,2,113.0,Buen estímulo
5954,2026-05-17,Fondos lastrados,3,8,25.5,RPE 8
5955,2026-06-23,Press de banca,2,11,118.5,Buen estímulo
5956,2025-10-27,Sentadilla,3,11,136.0,Normal
5957,2026-03-09,Remo con barra,4,5,129.0,Pesado
5958,2026-04-21,Hip thrust,2,8,109.0,Buen estímulo
5959,2025-12-08,Curl de bíceps,2,9,81.5,RPE 9
5960,2026-05-03,Elevaciones laterales,5,11,48.5,RPE 8
5961,2026-04-10,Sentadilla búlgara,1,5,44.5,Buen estímulo
5962,2025-09-01,Press de banca,3,11,117.5,Buen estímulo
5963,2025-10-01,Remo con barra,1,1,61.0,Pesado
5964,2026-02-21,Press francés,3,15,138.5,Fácil
5965,2026-02-18,Press francés,5,11,87.5,Fallo cerca
5966,2026-05-27,Hip thrust,5,13,132.0,RPE 8
5967,2025-11-08,Sentadilla búlgara,2,14,58.0,Buena técnica
5968,2026-01-04,Hip thrust,5,8,67.0,Normal
5969,2026-03-13,Peso muerto,2,1,16.0,RPE 9
5970,2026-03-11,Press de banca,1,12,59.5,Fallo cerca
5971,2025-12-15,Curl de bíceps,3,15,113.0,Normal
5972,2025-07-24,Curl de bíceps,4,9,85.5,Fácil
5973,2025-10-27,Press militar,1,5,49.5,Buena técnica
5974,2026-06-19,Press francés,3,8,126.5,Fallo cerca
5975,2026-04-04,Sentadilla,5,6,111.0,Normal
5976,2025-12-01,Press francés,3,15,127.0,RPE 9
5977,2025-11-20,Press francés,1,13,70.0,Buena técnica
5978,2025-09-01,Remo con barra,5,4,139.5,RPE 8
5979,2025-10-11,Curl de bíceps,2,15,86.0,RPE 8
5980,2025-10-08,Dominadas lastradas,3,3,126.0,Normal
5981,2026-03-20,Elevaciones laterales,3,15,26.0,Normal
5982,2026-07-04,Press de banca,3,5,21.5,RPE 8
5983,2025-09-02,Fondos lastrados,2,9,92.5,Buen estímulo
5984,2025-11-16,Elevaciones laterales,5,7,134.5,Buena técnica
5985,2025-09-12,Fondos lastrados,5,8,12.5,Normal
5986,2025-12-01,Peso muerto,3,15,140.0,Normal
5987,2026-02-01,Press militar,3,3,121.0,Fallo cerca
5988,2026-04-22,Press francés,1,9,63.0,Buena técnica
5989,2025-08-09,Curl de bíceps,4,3,52.0,Fácil
5990,2025-09-17,Curl de bíceps,4,12,10.5,Buena técnica
5991,2026-03-22,Sentadilla búlgara,1,14,42.5,Fácil
5992,2026-04-25,Elevaciones laterales,2,15,111.0,Buena técnica
5993,2025-07-30,Fondos lastrados,3,13,121.5,Buen estímulo
5994,2026-07-05,Sentadilla,5,9,96.0,Fallo cerca
5995,2025-09-22,Hip thrust,3,5,77.0,Normal
5996,2025-12-16,Remo con barra,2,3,100.0,Buena técnica
5997,2025-11-16,Sentadilla búlgara,2,14,50.0,Normal
5998,2025-11-18,Press militar,1,12,120.5,Pesado
5999,2026-02-05,Dominadas lastradas,5,13,21.0,RPE 9
6000,2025-10-12,Peso muerto,4,9,136.0,Buen estímulo
6001,2026-02-20,Elevaciones laterales,2,12,72.5,Fácil
6002,2026-06-14,Press militar,1,1,145.0,RPE 8
6003,2025-11-12,Peso muerto,1,5,141.0,Normal
6004,2026-04-28,Fondos lastrados,4,3,127.0,RPE 9
6005,2025-10-05,Sentadilla,4,8,136.0,Pesado
6006,2026-03-03,Peso muerto,1,8,69.0,Pesado
6007,2026-05-10,Sentadilla búlgara,3,5,49.0,Buen estímulo
6008,2025-11-14,Press militar,5,2,117.0,Pesado
6009,2026-05-04,Hip thrust,4,2,41.0,Buena técnica
6010,2025-10-07,Dominadas lastradas,1,4,78.5,Fallo cerca
6011,2026-07-11,Press de banca,3,3,78.0,Buena técnica
6012,2025-08-08,Peso muerto,1,15,126.0,Buena técnica
6013,2026-05-31,Press militar,1,12,26.0,RPE 8
6014,2026-02-23,Curl de bíceps,4,9,108.5,RPE 8
6015,2025-09-06,Fondos lastrados,5,11,103.0,Buen estímulo
6016,2026-05-19,Elevaciones laterales,4,5,127.5,Buen estímulo
6017,2026-03-20,Press de banca,1,7,51.5,RPE 8
6018,2025-12-22,Press militar,3,14,100.5,Fácil
6019,2026-04-24,Press francés,3,9,132.5,Buena técnica
6020,2025-09-22,Press francés,3,12,129.5,RPE 9
6021,2025-09-13,Hip thrust,2,9,130.0,RPE 9
6022,2026-04-22,Dominadas lastradas,5,3,16.0,Buena técnica
6023,2025-11-18,Elevaciones laterales,2,5,59.0,Fallo cerca
6024,2026-07-14,Sentadilla búlgara,3,9,107.5,Fallo cerca
6025,2026-03-06,Press francés,2,10,48.5,Normal
6026,2025-12-12,Press militar,2,2,98.5,RPE 9
6027,2025-08-07,Elevaciones laterales,1,5,71.5,RPE 8
6028,2026-04-13,Curl de bíceps,4,4,35.0,Normal
6029,2025-11-11,Sentadilla búlgara,4,5,91.5,Normal
6030,2026-02-14,Peso muerto,3,11,20.0,Normal
6031,2026-05-28,Sentadilla búlgara,5,3,136.5,Normal
6032,2025-12-12,Remo con barra,1,5,42.0,Fallo cerca
6033,2026-02-07,Hip thrust,1,15,18.0,Fallo cerca
6034,2026-01-22,Elevaciones laterales,1,15,122.5,Fallo cerca
6035,2026-02-01,Peso muerto,3,15,146.5,Buen estímulo
6036,2026-05-16,Sentadilla,2,14,94.0,Normal
6037,2026-04-25,Hip thrust,2,13,63.5,RPE 9
6038,2025-09-22,Press francés,1,5,92.0,Buena técnica
6039,2025-07-22,Hip thrust,5,5,140.5,Buena técnica
6040,2025-12-26,Fondos lastrados,1,15,61.5,Normal
6041,2025-08-19,Press francés,4,12,46.0,Buena técnica
6042,2025-09-15,Elevaciones laterales,1,5,100.5,Fácil
6043,2026-03-28,Fondos lastrados,1,1,138.5,Fallo cerca
6044,2025-11-17,Press de banca,3,7,80.5,RPE 9
6045,2025-12-15,Hip thrust,5,14,55.5,RPE 8
6046,2025-12-01,Press francés,2,14,137.0,Fallo cerca
6047,2026-05-04,Sentadilla búlgara,5,1,90.5,Buen estímulo
6048,2025-09-20,Dominadas lastradas,5,2,104.0,Pesado
6049,2025-08-05,Peso muerto,3,10,42.0,Buena técnica
6050,2025-09-14,Press de banca,1,11,34.0,Fácil
6051,2026-01-28,Dominadas lastradas,5,7,116.5,Buena técnica
6052,2025-12-09,Press francés,1,14,11.5,Buena técnica
6053,2025-10-02,Press de banca,5,7,131.5,RPE 9
6054,2025-11-18,Fondos lastrados,2,6,87.5,Normal
6055,2025-09-16,Dominadas lastradas,5,6,69.0,Buen estímulo
6056,2026-02-19,Remo con barra,2,11,88.5,Buen estímulo
6057,2025-11-23,Sentadilla búlgara,1,2,75.0,Buena técnica
6058,2025-12-10,Sentadilla,1,15,15.5,Fallo cerca
6059,2026-01-06,Curl de bíceps,4,6,93.0,RPE 9
6060,2026-06-16,Elevaciones laterales,3,1,75.0,Buena técnica
6061,2026-03-08,Peso muerto,5,1,115.0,Fácil
6062,2026-05-03,Dominadas lastradas,1,11,126.0,Normal
6063,2025-12-20,Fondos lastrados,5,8,141.5,Normal
6064,2025-12-04,Press francés,5,4,41.0,Fallo cerca
6065,2025-09-02,Elevaciones laterales,5,2,20.5,Pesado
6066,2025-09-12,Sentadilla,4,2,119.5,Fallo cerca
6067,2025-12-21,Dominadas lastradas,1,3,112.0,RPE 9
6068,2025-07-23,Elevaciones laterales,3,13,90.5,Buen estímulo
6069,2026-03-09,Sentadilla búlgara,1,13,118.5,Buen estímulo
6070,2025-11-27,Hip thrust,5,2,72.0,RPE 8
6071,2026-07-09,Hip thrust,4,5,105.5,Buen estímulo
6072,2025-10-03,Elevaciones laterales,2,4,67.0,RPE 8
6073,2026-01-16,Remo con barra,1,13,63.5,Pesado
6074,2025-12-12,Sentadilla,1,12,19.0,Buena técnica
6075,2026-04-09,Fondos lastrados,1,7,81.5,Buena técnica
6076,2026-05-05,Peso muerto,2,13,97.0,Fallo cerca
6077,2025-08-16,Press francés,4,2,39.0,Fallo cerca
6078,2026-04-07,Press francés,4,12,77.0,Pesado
6079,2025-12-13,Sentadilla,3,8,93.0,Pesado
6080,2026-07-03,Sentadilla búlgara,1,9,126.5,RPE 9
6081,2025-09-21,Press francés,3,12,82.0,Buen estímulo
6082,2026-07-08,Press de banca,2,14,95.5,RPE 8
6083,2025-11-22,Sentadilla búlgara,5,9,65.0,Pesado
6084,2026-07-09,Fondos lastrados,2,5,85.0,Pesado
6085,2025-09-19,Sentadilla,3,7,18.0,Fácil
6086,2025-09-05,Dominadas lastradas,2,15,147.0,Pesado
6087,2026-07-03,Elevaciones laterales,4,6,30.5,Buena técnica
6088,2026-04-21,Press de banca,3,8,99.5,Fácil
6089,2026-05-28,Elevaciones laterales,1,10,48.5,Buena técnica
6090,2026-02-21,Press de banca,3,15,65.0,RPE 8
6091,2025-12-06,Dominadas lastradas,1,7,47.0,Buena técnica
6092,2026-06-16,Curl de bíceps,2,7,63.5,Fácil
6093,2025-10-23,Press militar,4,9,148.5,Fallo cerca
6094,2026-07-18,Press de banca,4,14,145.5,Fallo cerca
6095,2026-02-17,Press francés,2,4,44.0,Fácil
6096,2026-02-12,Sentadilla búlgara,1,13,108.5,Pesado
6097,2026-06-26,Press de banca,3,14,40.5,Normal
6098,2025-08-01,Hip thrust,3,8,134.0,Normal
6099,2026-02-10,Sentadilla,3,14,95.5,Pesado
6100,2026-02-10,Remo con barra,1,11,134.0,RPE 8
6101,2025-12-03,Peso muerto,1,12,102.0,Normal
6102,2026-04-23,Press francés,2,15,31.0,Fallo cerca
6103,2026-01-29,Sentadilla,4,8,84.0,Buena técnica
6104,2026-06-15,Press francés,1,4,137.5,Fallo cerca
6105,2025-11-07,Press de banca,2,3,95.0,Pesado
6106,2025-11-27,Sentadilla búlgara,4,1,137.0,RPE 9
6107,2025-11-22,Remo con barra,4,3,43.0,Normal
6108,2026-02-07,Elevaciones laterales,2,2,144.5,Normal
6109,2026-01-17,Elevaciones laterales,5,6,82.5,Normal
6110,2026-01-25,Curl de bíceps,5,6,115.5,RPE 8
6111,2026-05-28,Dominadas lastradas,2,9,30.0,RPE 8
6112,2026-01-28,Peso muerto,4,13,140.0,RPE 9
6113,2026-03-29,Dominadas lastradas,3,11,70.0,Fallo cerca
6114,2026-07-12,Fondos lastrados,3,5,62.0,Fallo cerca
6115,2026-03-05,Press francés,3,13,149.0,Fallo cerca
6116,2025-08-04,Press de banca,2,7,77.0,Fallo cerca
6117,2026-02-11,Press militar,3,14,93.0,Fallo cerca
6118,2025-09-03,Peso muerto,2,6,77.0,Normal
6119,2026-01-11,Curl de bíceps,5,9,148.0,Normal
6120,2026-05-29,Peso muerto,4,15,142.5,Fácil
6121,2025-09-04,Press militar,1,13,107.5,Buen estímulo
6122,2025-09-01,Press militar,4,3,48.0,Buen estímulo
6123,2026-04-29,Remo con barra,1,11,70.5,Normal
6124,2026-06-30,Dominadas lastradas,4,3,45.5,RPE 9
6125,2025-09-12,Fondos lastrados,5,8,23.5,RPE 9
6126,2026-03-20,Press francés,5,13,100.5,RPE 9
6127,2026-06-09,Press militar,5,3,34.5,RPE 9
6128,2025-08-04,Press militar,3,9,29.5,Fallo cerca
6129,2025-12-04,Hip thrust,1,14,106.5,Fácil
6130,2026-02-22,Remo con barra,3,6,112.5,Fácil
6131,2025-11-21,Press francés,1,6,111.0,Normal
6132,2026-01-09,Sentadilla,2,1,129.0,Pesado
6133,2026-02-19,Hip thrust,4,7,108.0,Pesado
6134,2026-07-18,Remo con barra,1,1,25.0,Normal
6135,2026-07-07,Sentadilla,1,14,90.5,Fallo cerca
6136,2025-09-22,Remo con barra,2,10,39.5,Buen estímulo
6137,2025-10-28,Press francés,2,13,61.0,Buen estímulo
6138,2026-02-09,Sentadilla búlgara,2,7,94.0,Pesado
6139,2026-01-28,Remo con barra,2,5,31.5,RPE 9
6140,2026-06-28,Press francés,3,5,104.0,Buena técnica
6141,2025-12-20,Sentadilla,1,7,36.5,Fallo cerca
6142,2025-10-15,Press militar,1,13,16.5,Buena técnica
6143,2026-07-06,Fondos lastrados,3,11,76.5,Buena técnica
6144,2025-12-29,Peso muerto,2,14,46.0,RPE 8
6145,2026-05-10,Elevaciones laterales,4,3,69.0,Fallo cerca
6146,2026-07-13,Peso muerto,1,5,47.0,Buena técnica
6147,2026-04-13,Fondos lastrados,2,12,143.5,Pesado
6148,2026-06-01,Dominadas lastradas,2,1,112.5,Buen estímulo
6149,2026-06-18,Elevaciones laterales,4,11,55.0,Normal
6150,2025-09-29,Fondos lastrados,1,4,144.5,Fácil
6151,2025-11-03,Press francés,5,15,34.0,Buena técnica
6152,2025-09-08,Hip thrust,2,2,74.0,Fallo cerca
6153,2026-07-11,Sentadilla búlgara,3,1,114.5,Normal
6154,2025-10-01,Press francés,3,4,83.5,RPE 8
6155,2025-12-15,Elevaciones laterales,5,5,149.0,Pesado
6156,2026-04-06,Curl de bíceps,1,2,113.5,Normal
6157,2026-01-06,Sentadilla búlgara,4,9,55.0,Pesado
6158,2025-09-24,Remo con barra,5,3,50.5,Buena técnica
6159,2026-04-18,Sentadilla búlgara,1,8,32.5,Fallo cerca
6160,2025-10-14,Sentadilla,3,1,103.0,Normal
6161,2025-12-05,Press de banca,5,2,97.0,Fallo cerca
6162,2026-06-08,Fondos lastrados,4,10,10.0,Buen estímulo
6163,2026-04-27,Curl de bíceps,1,12,101.5,Normal
6164,2026-05-06,Curl de bíceps,1,14,25.0,Fácil
6165,2025-09-09,Sentadilla,2,9,97.5,Pesado
6166,2025-08-21,Remo con barra,2,3,110.5,Buena técnica
6167,2025-12-31,Press francés,2,8,40.0,Normal
6168,2025-08-31,Peso muerto,1,11,60.5,Fallo cerca
6169,2026-02-03,Press militar,2,15,108.0,RPE 8
6170,2025-07-22,Curl de bíceps,1,1,92.0,Buena técnica
6171,2025-08-02,Press de banca,2,3,36.0,Normal
6172,2026-06-06,Fondos lastrados,4,6,57.0,Fallo cerca
6173,2026-07-12,Curl de bíceps,4,1,113.5,Fallo cerca
6174,2026-03-02,Hip thrust,2,2,10.0,Buena técnica
6175,2026-03-17,Remo con barra,2,2,41.0,RPE 9
6176,2026-04-29,Sentadilla búlgara,1,12,117.5,RPE 8
6177,2025-08-29,Elevaciones laterales,1,8,92.0,Fallo cerca
6178,2025-10-08,Hip thrust,2,13,30.0,Fácil
6179,2025-10-30,Press francés,5,13,79.5,Normal
6180,2025-08-24,Sentadilla,4,7,105.5,RPE 9
6181,2026-04-30,Sentadilla,5,6,43.5,Normal
6182,2026-06-29,Sentadilla,3,8,86.0,Normal
6183,2025-07-18,Press de banca,3,5,93.5,RPE 8
6184,2026-05-03,Fondos lastrados,3,8,66.5,Normal
6185,2026-01-30,Elevaciones laterales,3,13,24.0,RPE 9
6186,2026-05-19,Fondos lastrados,5,10,92.0,Fácil
6187,2026-04-05,Dominadas lastradas,5,15,141.5,Fácil
6188,2025-10-01,Remo con barra,5,3,46.0,Fácil
6189,2025-08-21,Dominadas lastradas,5,4,102.0,RPE 8
6190,2026-02-08,Sentadilla,2,14,103.0,RPE 9
6191,2025-11-07,Fondos lastrados,1,10,87.5,Pesado
6192,2025-08-27,Peso muerto,4,2,95.0,Buen estímulo
6193,2025-08-19,Sentadilla búlgara,4,3,27.0,Fácil
6194,2026-02-09,Curl de bíceps,2,4,31.0,Pesado
6195,2026-01-29,Press militar,3,13,120.0,Fallo cerca
6196,2025-10-28,Sentadilla búlgara,5,3,85.0,Fácil
6197,2025-08-19,Sentadilla,5,3,114.5,Normal
6198,2026-01-01,Hip thrust,3,10,99.0,Fácil
6199,2026-01-23,Remo con barra,3,12,91.0,Buena técnica
6200,2025-08-31,Fondos lastrados,5,11,69.5,Buena técnica
6201,2025-12-06,Dominadas lastradas,5,6,31.5,Fácil
6202,2026-01-14,Sentadilla,5,3,68.5,RPE 9
6203,2026-05-17,Hip thrust,3,7,106.0,RPE 9
6204,2026-04-20,Dominadas lastradas,1,1,116.5,Fácil
6205,2025-10-08,Curl de bíceps,2,4,128.0,Fácil
6206,2026-04-05,Curl de bíceps,3,3,94.5,Normal
6207,2025-08-26,Press francés,1,6,123.5,Buen estímulo
6208,2026-01-26,Press francés,1,7,105.0,Buen estímulo
6209,2026-03-27,Peso muerto,4,5,61.0,Fácil
6210,2026-04-25,Sentadilla búlgara,3,8,86.0,Normal
6211,2025-12-31,Peso muerto,4,2,26.0,RPE 9
6212,2026-01-16,Elevaciones laterales,2,8,14.5,Pesado
6213,2026-03-17,Press de banca,3,7,97.5,Buen estímulo
6214,2025-08-30,Fondos lastrados,3,14,57.0,Buen estímulo
6215,2026-01-20,Sentadilla búlgara,3,1,109.5,Pesado
6216,2025-12-12,Peso muerto,5,10,64.0,Buen estímulo
6217,2026-07-07,Elevaciones laterales,5,14,67.0,Fallo cerca
6218,2026-07-14,Elevaciones laterales,2,5,84.0,Fácil
6219,2026-02-22,Remo con barra,4,9,26.5,Pesado
6220,2026-05-06,Peso muerto,5,15,25.0,Buena técnica
6221,2026-01-23,Press de banca,2,13,30.0,Normal
6222,2026-03-27,Hip thrust,1,2,83.5,RPE 8
6223,2026-01-06,Sentadilla,3,10,139.5,RPE 9
6224,2026-05-08,Press francés,4,10,135.5,Normal
6225,2026-03-17,Sentadilla búlgara,1,12,82.0,Normal
6226,2025-10-05,Fondos lastrados,2,7,127.0,Pesado
6227,2025-12-06,Press de banca,3,5,30.0,Normal
6228,2026-04-28,Curl de bíceps,5,13,66.0,Normal
6229,2026-06-02,Sentadilla búlgara,4,13,54.0,Fallo cerca
6230,2025-11-27,Sentadilla búlgara,5,7,62.0,Normal
6231,2025-10-31,Sentadilla búlgara,1,9,148.0,Normal
6232,2025-11-13,Press militar,4,6,91.5,Fácil
6233,2025-12-10,Press de banca,2,15,51.5,Fácil
6234,2025-07-23,Press francés,1,4,30.5,Fallo cerca
6235,2025-10-16,Sentadilla,2,14,94.0,RPE 8
6236,2026-03-05,Press de banca,4,2,128.5,Fácil
6237,2025-10-30,Fondos lastrados,2,8,64.5,RPE 8
6238,2026-02-04,Curl de bíceps,2,8,89.5,RPE 8
6239,2026-04-05,Sentadilla búlgara,1,1,95.5,Fácil
6240,2026-06-27,Curl de bíceps,2,13,121.5,Pesado
6241,2026-03-12,Fondos lastrados,1,14,88.5,Fallo cerca
6242,2025-08-26,Sentadilla,3,13,110.0,Fallo cerca
6243,2025-07-31,Remo con barra,1,12,77.0,Buena técnica
6244,2026-04-13,Dominadas lastradas,2,7,122.5,Fallo cerca
6245,2026-01-21,Curl de bíceps,4,14,92.0,Buena técnica
6246,2026-03-19,Fondos lastrados,3,10,130.0,Normal
6247,2026-05-25,Hip thrust,3,10,51.0,Normal
6248,2025-11-20,Press de banca,4,5,83.0,Buen estímulo
6249,2026-05-27,Sentadilla búlgara,1,8,14.0,RPE 8
6250,2025-12-17,Press francés,5,4,142.0,Normal
6251,2026-01-10,Remo con barra,3,9,54.0,Buen estímulo
6252,2026-07-10,Press de banca,4,15,85.5,RPE 8
6253,2026-04-23,Fondos lastrados,1,7,16.0,Normal
6254,2025-12-01,Dominadas lastradas,3,4,141.5,Pesado
6255,2025-10-01,Sentadilla,5,6,120.5,Fallo cerca
6256,2026-03-03,Sentadilla búlgara,5,13,99.5,Fallo cerca
6257,2025-11-29,Press militar,5,1,148.5,Normal
6258,2026-05-24,Fondos lastrados,1,13,25.0,Fallo cerca
6259,2026-04-08,Press militar,4,9,132.0,Pesado
6260,2026-03-24,Press francés,4,11,24.5,Buena técnica
6261,2025-08-26,Fondos lastrados,5,14,22.0,RPE 8
6262,2026-03-19,Press de banca,4,11,110.5,Pesado
6263,2025-08-23,Sentadilla,2,13,127.5,Buena técnica
6264,2025-09-19,Press francés,4,1,60.0,Pesado
6265,2026-01-18,Press de banca,4,11,85.0,Buena técnica
6266,2026-05-05,Hip thrust,2,15,149.5,Buen estímulo
6267,2025-12-26,Fondos lastrados,1,13,86.0,Fallo cerca
6268,2025-10-19,Press de banca,4,4,13.5,Fácil
6269,2026-01-16,Hip thrust,3,11,21.5,RPE 9
6270,2025-09-30,Hip thrust,3,5,15.0,Normal
6271,2025-08-17,Sentadilla,3,1,11.5,Fácil
6272,2026-03-11,Curl de bíceps,3,4,107.0,Buen estímulo
6273,2025-12-03,Press francés,3,15,60.0,RPE 9
6274,2025-09-19,Fondos lastrados,1,14,66.0,Pesado
6275,2025-07-19,Sentadilla búlgara,4,3,66.0,RPE 8
6276,2026-04-11,Sentadilla búlgara,1,8,114.5,Pesado
6277,2026-07-11,Sentadilla,3,6,34.5,Pesado
6278,2025-09-17,Press militar,5,1,44.0,Fácil
6279,2025-09-09,Press de banca,2,15,38.5,Fácil
6280,2025-09-26,Hip thrust,1,11,43.5,Buen estímulo
6281,2026-02-20,Press militar,5,12,82.0,Normal
6282,2026-01-02,Sentadilla búlgara,3,2,79.0,Pesado
6283,2026-01-18,Remo con barra,5,10,85.5,Buena técnica
6284,2026-04-01,Sentadilla,3,15,29.0,RPE 8
6285,2025-12-30,Peso muerto,3,10,139.0,RPE 9
6286,2025-09-01,Peso muerto,2,5,74.5,Buena técnica
6287,2025-08-23,Press de banca,2,4,125.5,Buena técnica
6288,2025-11-03,Remo con barra,2,12,63.5,Pesado
6289,2026-03-15,Press francés,5,8,101.5,Buena técnica
6290,2026-01-13,Remo con barra,4,5,76.0,Buena técnica
6291,2026-06-01,Elevaciones laterales,4,1,12.0,Normal
6292,2026-01-12,Curl de bíceps,1,12,106.0,Buena técnica
6293,2026-02-20,Peso muerto,1,10,82.5,Fallo cerca
6294,2026-01-14,Dominadas lastradas,3,4,41.0,Normal
6295,2025-10-23,Elevaciones laterales,3,1,31.0,Fácil
6296,2026-07-11,Remo con barra,2,14,56.0,Buena técnica
6297,2025-07-31,Peso muerto,3,3,86.5,Normal
6298,2026-03-19,Elevaciones laterales,1,12,10.5,Fácil
6299,2026-03-24,Sentadilla búlgara,2,13,49.0,Fallo cerca
6300,2026-05-16,Sentadilla,4,12,82.0,Buen estímulo
6301,2026-04-24,Fondos lastrados,4,15,116.5,Buen estímulo
6302,2025-10-10,Sentadilla búlgara,1,3,104.0,Fallo cerca
6303,2025-10-30,Press francés,5,6,10.5,RPE 9
6304,2025-09-20,Sentadilla búlgara,3,7,30.0,RPE 9
6305,2026-06-19,Peso muerto,2,14,29.5,Buena técnica
6306,2026-06-22,Sentadilla,4,7,125.0,Pesado
6307,2026-02-10,Press militar,4,13,144.0,Fallo cerca
6308,2026-06-15,Hip thrust,5,12,91.0,RPE 9
6309,2025-12-16,Fondos lastrados,4,1,110.5,Buen estímulo
6310,2025-12-25,Fondos lastrados,5,10,60.0,RPE 8
6311,2026-03-21,Press francés,2,15,21.0,Buen estímulo
6312,2025-11-22,Press de banca,2,13,38.5,Buena técnica
6313,2026-07-02,Peso muerto,5,12,100.5,Fácil
6314,2025-12-05,Dominadas lastradas,4,11,80.0,RPE 8
6315,2025-08-02,Remo con barra,2,1,81.0,RPE 8
6316,2026-02-07,Remo con barra,4,9,15.5,RPE 9
6317,2026-06-19,Fondos lastrados,1,5,17.5,Fácil
6318,2025-08-15,Press de banca,1,2,110.0,RPE 8
6319,2026-04-24,Remo con barra,5,3,52.0,Fácil
6320,2026-01-08,Hip thrust,3,6,125.5,Buena técnica
6321,2026-03-24,Press de banca,3,2,35.0,Normal
6322,2026-06-29,Dominadas lastradas,4,5,73.5,Buena técnica
6323,2026-03-07,Hip thrust,2,4,42.0,Fácil
6324,2026-06-23,Dominadas lastradas,3,1,101.5,RPE 8
6325,2026-02-18,Peso muerto,5,11,52.0,Buena técnica
6326,2026-06-25,Dominadas lastradas,1,5,52.5,RPE 9
6327,2025-11-15,Press militar,5,11,94.0,Buena técnica
6328,2026-01-29,Fondos lastrados,1,6,62.0,Buen estímulo
6329,2025-09-19,Sentadilla búlgara,5,10,43.5,Pesado
6330,2026-02-11,Sentadilla,4,11,49.5,RPE 9
6331,2025-11-24,Press de banca,2,12,93.5,Buena técnica
6332,2026-03-25,Dominadas lastradas,5,4,42.0,Buen estímulo
6333,2026-05-19,Remo con barra,3,8,99.0,Buena técnica
6334,2025-09-03,Sentadilla búlgara,2,12,52.5,Fallo cerca
6335,2026-02-24,Hip thrust,5,15,111.0,RPE 8
6336,2025-12-12,Dominadas lastradas,5,14,134.5,Buen estímulo
6337,2026-03-12,Press francés,3,8,139.5,Pesado
6338,2025-11-11,Press de banca,4,11,136.5,Fácil
6339,2025-12-26,Sentadilla búlgara,5,7,105.0,Fallo cerca
6340,2026-07-13,Curl de bíceps,4,15,106.5,Buena técnica
6341,2026-03-08,Elevaciones laterales,5,3,47.5,RPE 8
6342,2026-02-14,Press de banca,1,5,26.5,RPE 8
6343,2025-08-12,Elevaciones laterales,2,13,36.0,RPE 8
6344,2025-09-21,Press militar,4,5,101.0,Normal
6345,2025-11-26,Press de banca,5,7,49.0,RPE 9
6346,2026-07-17,Sentadilla búlgara,3,12,87.0,Fácil
6347,2025-08-19,Curl de bíceps,1,4,133.0,Fallo cerca
6348,2025-07-29,Fondos lastrados,5,14,63.5,Buena técnica
6349,2025-08-02,Fondos lastrados,2,4,131.0,RPE 9
6350,2026-03-04,Press de banca,1,2,118.5,Fácil
6351,2025-10-23,Elevaciones laterales,3,8,57.5,Normal
6352,2026-04-24,Hip thrust,1,2,33.5,Buen estímulo
6353,2026-02-15,Curl de bíceps,1,6,70.0,Fácil
6354,2026-05-08,Peso muerto,4,1,113.0,RPE 9
6355,2025-09-23,Sentadilla,2,8,48.5,Buena técnica
6356,2025-10-07,Press militar,1,13,61.5,RPE 9
6357,2025-11-23,Remo con barra,1,14,110.0,Fallo cerca
6358,2026-03-14,Sentadilla búlgara,4,4,131.0,Buen estímulo
6359,2026-06-09,Elevaciones laterales,5,8,146.5,Buen estímulo
6360,2026-02-12,Sentadilla búlgara,4,6,55.0,RPE 8
6361,2025-08-12,Fondos lastrados,3,12,66.5,Fácil
6362,2026-04-26,Press francés,4,2,101.0,RPE 8
6363,2026-05-30,Curl de bíceps,3,15,14.5,Normal
6364,2026-03-16,Remo con barra,2,12,98.0,RPE 8
6365,2026-07-14,Elevaciones laterales,4,2,133.0,Buena técnica
6366,2026-01-27,Elevaciones laterales,4,12,87.5,Buena técnica
6367,2025-08-01,Elevaciones laterales,5,3,146.0,Buena técnica
6368,2025-12-14,Peso muerto,4,15,112.5,Pesado
6369,2025-11-30,Sentadilla búlgara,3,6,97.5,Fácil
6370,2025-11-04,Press francés,1,14,52.5,Pesado
6371,2026-06-20,Elevaciones laterales,4,4,68.0,Buena técnica
6372,2026-01-22,Press francés,3,14,56.0,Buen estímulo
6373,2025-10-13,Press militar,4,6,43.5,RPE 8
6374,2025-12-31,Curl de bíceps,5,10,144.0,Buena técnica
6375,2026-03-18,Press francés,2,8,35.0,Pesado
6376,2026-06-07,Dominadas lastradas,3,11,61.5,Normal
6377,2025-08-20,Dominadas lastradas,4,10,72.0,Fallo cerca
6378,2026-06-16,Peso muerto,2,9,76.0,Fallo cerca
6379,2026-06-11,Elevaciones laterales,5,12,129.5,Fácil
6380,2026-03-05,Sentadilla,2,5,92.0,Fallo cerca
6381,2025-12-02,Remo con barra,5,15,88.5,Normal
6382,2025-10-11,Fondos lastrados,5,3,37.0,Buen estímulo
6383,2026-04-27,Peso muerto,2,13,77.5,RPE 9
6384,2025-12-13,Hip thrust,5,10,132.5,Fácil
6385,2026-06-27,Elevaciones laterales,3,13,76.5,Buen estímulo
6386,2025-12-17,Peso muerto,5,13,18.5,RPE 9
6387,2025-09-27,Curl de bíceps,3,3,94.0,Normal
6388,2025-08-22,Sentadilla búlgara,5,2,128.0,Pesado
6389,2026-02-09,Elevaciones laterales,1,10,126.0,RPE 9
6390,2026-02-16,Sentadilla,5,11,66.0,RPE 9
6391,2025-10-03,Press militar,5,4,21.0,RPE 9
6392,2026-06-04,Dominadas lastradas,3,14,107.0,Buen estímulo
6393,2025-12-17,Remo con barra,4,14,33.5,Pesado
6394,2025-10-08,Dominadas lastradas,4,2,126.5,Normal
6395,2026-04-01,Fondos lastrados,4,15,38.5,Buen estímulo
6396,2026-07-10,Elevaciones laterales,4,12,137.0,Fallo cerca
6397,2026-01-30,Curl de bíceps,2,13,12.5,Normal
6398,2025-09-12,Curl de bíceps,1,1,65.5,Buena técnica
6399,2026-06-15,Dominadas lastradas,2,5,115.5,RPE 9
6400,2026-06-19,Sentadilla,4,13,11.5,RPE 9
6401,2026-07-04,Fondos lastrados,2,4,16.0,Buen estímulo
6402,2026-07-15,Hip thrust,3,3,115.0,RPE 9
6403,2026-03-17,Sentadilla,3,6,57.0,RPE 9
6404,2025-08-06,Curl de bíceps,1,8,45.0,Fácil
6405,2026-06-14,Press militar,5,1,147.5,Buena técnica
6406,2025-08-24,Press militar,3,7,117.0,Buen estímulo
6407,2025-09-03,Sentadilla búlgara,5,6,57.0,Pesado
6408,2026-06-02,Sentadilla,1,3,97.5,Normal
6409,2025-11-25,Hip thrust,1,9,43.0,Fallo cerca
6410,2026-03-17,Fondos lastrados,5,8,110.5,Fallo cerca
6411,2026-05-07,Remo con barra,5,4,57.0,RPE 9
6412,2026-07-16,Elevaciones laterales,1,1,125.0,Pesado
6413,2026-04-18,Peso muerto,2,7,20.5,RPE 8
6414,2026-06-26,Sentadilla búlgara,3,14,144.5,Buen estímulo
6415,2026-07-13,Press de banca,4,7,17.0,Fácil
6416,2025-12-17,Curl de bíceps,5,13,82.5,Fallo cerca
6417,2026-02-13,Remo con barra,5,9,115.0,RPE 9
6418,2025-12-07,Press de banca,3,12,17.0,RPE 9
6419,2025-08-30,Peso muerto,2,15,38.0,Buena técnica
6420,2026-05-28,Elevaciones laterales,3,6,140.5,Fácil
6421,2026-01-14,Fondos lastrados,3,11,111.0,Fallo cerca
6422,2026-06-22,Remo con barra,4,1,72.0,Buena técnica
6423,2026-02-03,Dominadas lastradas,1,14,93.5,RPE 8
6424,2025-12-06,Press militar,4,6,58.5,RPE 9
6425,2025-10-19,Elevaciones laterales,5,3,59.5,Pesado
6426,2026-03-11,Press de banca,3,4,48.5,RPE 9
6427,2025-09-05,Sentadilla,1,12,142.0,Fácil
6428,2026-07-02,Press militar,3,12,55.0,Pesado
6429,2025-10-03,Curl de bíceps,5,8,129.5,RPE 9
6430,2025-07-26,Sentadilla,3,4,62.0,Normal
6431,2026-05-18,Hip thrust,3,13,96.5,Buen estímulo
6432,2025-08-18,Press de banca,5,11,11.5,Normal
6433,2025-09-10,Sentadilla búlgara,4,15,28.5,Buena técnica
6434,2026-02-17,Press francés,3,7,97.5,Pesado
6435,2026-06-13,Press francés,2,3,82.0,RPE 8
6436,2025-09-09,Peso muerto,1,15,15.0,Normal
6437,2025-11-15,Sentadilla,3,5,42.0,RPE 8
6438,2025-08-30,Sentadilla búlgara,5,3,62.5,Fallo cerca
6439,2025-12-28,Elevaciones laterales,2,12,113.0,Fácil
6440,2026-02-27,Press militar,3,13,99.0,Normal
6441,2026-07-05,Press militar,4,6,92.5,Fallo cerca
6442,2025-12-10,Fondos lastrados,1,2,81.0,Buen estímulo
6443,2026-03-06,Peso muerto,4,13,33.5,Buena técnica
6444,2026-05-25,Elevaciones laterales,3,10,74.0,Pesado
6445,2026-07-14,Peso muerto,3,6,121.5,Buen estímulo
6446,2025-08-30,Curl de bíceps,5,8,87.0,Buena técnica
6447,2026-04-03,Fondos lastrados,2,1,52.5,Buen estímulo
6448,2025-07-23,Dominadas lastradas,1,10,15.5,Fallo cerca
6449,2026-04-18,Press francés,5,13,53.0,RPE 8
6450,2025-12-07,Remo con barra,1,9,62.0,RPE 9
6451,2025-12-11,Press militar,2,2,60.5,Buen estímulo
6452,2026-03-10,Fondos lastrados,1,14,136.0,Normal
6453,2025-09-02,Press francés,2,8,133.0,RPE 9
6454,2026-04-06,Peso muerto,4,11,116.5,Buena técnica
6455,2026-01-26,Hip thrust,1,5,53.5,Fallo cerca
6456,2025-12-27,Dominadas lastradas,4,7,137.5,Fallo cerca
6457,2025-12-04,Hip thrust,4,12,88.5,Buen estímulo
6458,2025-10-07,Elevaciones laterales,3,8,106.0,RPE 9
6459,2026-01-06,Sentadilla,1,7,54.0,Fallo cerca
6460,2025-08-31,Remo con barra,1,4,110.5,Normal
6461,2026-03-18,Elevaciones laterales,5,1,93.5,RPE 9
6462,2026-07-04,Sentadilla búlgara,4,14,48.0,Normal
6463,2026-07-14,Fondos lastrados,2,9,53.5,Normal
6464,2026-07-01,Sentadilla búlgara,1,7,122.5,RPE 8
6465,2026-06-10,Curl de bíceps,4,5,86.5,Buen estímulo
6466,2026-02-13,Press militar,5,3,139.0,Buen estímulo
6467,2025-07-31,Peso muerto,2,12,77.5,Normal
6468,2026-05-06,Sentadilla búlgara,4,9,74.5,Pesado
6469,2026-02-24,Remo con barra,4,4,104.5,Buen estímulo
6470,2025-08-13,Elevaciones laterales,4,1,79.0,RPE 9
6471,2026-07-17,Dominadas lastradas,4,6,124.0,Pesado
6472,2025-11-03,Remo con barra,3,3,65.0,Pesado
6473,2026-02-28,Elevaciones laterales,1,8,63.0,Buena técnica
6474,2025-08-01,Sentadilla búlgara,5,13,94.0,Buen estímulo
6475,2025-11-11,Press de banca,4,1,79.5,Buen estímulo
6476,2026-05-08,Press de banca,1,6,26.0,RPE 9
6477,2026-02-06,Remo con barra,1,11,116.0,Buena técnica
6478,2026-02-21,Hip thrust,5,3,96.5,RPE 8
6479,2026-02-24,Remo con barra,2,2,28.5,Buen estímulo
6480,2026-02-09,Hip thrust,5,14,17.0,Fácil
6481,2025-10-14,Sentadilla búlgara,4,15,59.5,Buena técnica
6482,2026-05-19,Peso muerto,5,14,139.0,Buen estímulo
6483,2026-06-28,Press militar,3,6,94.0,RPE 9
6484,2026-06-01,Press de banca,3,12,36.0,Buen estímulo
6485,2026-03-16,Elevaciones laterales,4,14,100.0,Fallo cerca
6486,2025-07-20,Elevaciones laterales,4,6,16.5,Fácil
6487,2025-08-08,Press francés,1,10,18.5,Fácil
6488,2026-05-01,Sentadilla,1,5,109.0,Buen estímulo
6489,2025-11-09,Dominadas lastradas,2,5,84.5,Buen estímulo
6490,2026-05-20,Sentadilla búlgara,4,5,36.5,Fallo cerca
6491,2026-01-23,Sentadilla búlgara,4,10,119.5,Normal
6492,2025-12-26,Press militar,4,15,75.5,Buena técnica
6493,2025-08-04,Press de banca,3,6,140.0,RPE 9
6494,2025-08-01,Press militar,3,4,59.5,Buen estímulo
6495,2026-01-18,Sentadilla búlgara,4,10,120.0,Buen estímulo
6496,2026-01-05,Curl de bíceps,1,15,41.5,Normal
6497,2025-10-20,Press de banca,4,15,48.0,Buena técnica
6498,2026-02-21,Sentadilla búlgara,5,9,24.5,RPE 9
6499,2025-07-30,Peso muerto,3,3,52.5,Fácil
6500,2026-04-01,Fondos lastrados,1,1,78.0,Buen estímulo
6501,2026-03-04,Press de banca,3,7,141.0,Fácil
6502,2025-12-22,Hip thrust,2,14,46.0,RPE 8
6503,2026-01-26,Press militar,1,11,114.0,Pesado
6504,2025-12-30,Peso muerto,3,10,20.5,Buena técnica
6505,2025-11-20,Curl de bíceps,4,4,138.0,RPE 8
6506,2026-03-29,Elevaciones laterales,5,4,125.0,RPE 9
6507,2026-02-20,Peso muerto,5,1,22.5,Pesado
6508,2025-12-17,Sentadilla,2,7,89.5,Fácil
6509,2025-08-02,Press de banca,1,11,133.0,RPE 8
6510,2026-05-15,Remo con barra,4,3,100.5,Pesado
6511,2026-01-14,Press francés,1,13,44.5,RPE 9
6512,2025-12-07,Elevaciones laterales,1,8,137.0,Buen estímulo
6513,2026-05-19,Dominadas lastradas,2,5,134.0,Pesado
6514,2025-12-15,Fondos lastrados,5,1,57.0,RPE 9
6515,2025-07-26,Press francés,4,3,19.5,Pesado
6516,2026-07-04,Press francés,3,6,59.0,Fallo cerca
6517,2026-02-06,Peso muerto,4,11,124.5,RPE 9
6518,2025-10-05,Fondos lastrados,3,1,115.5,Pesado
6519,2026-06-05,Peso muerto,1,5,96.5,Normal
6520,2025-12-15,Sentadilla,3,5,132.5,RPE 8
6521,2026-01-09,Peso muerto,3,15,137.0,RPE 9
6522,2025-07-21,Elevaciones laterales,5,4,77.5,Buena técnica
6523,2026-03-24,Sentadilla,1,14,35.5,Buena técnica
6524,2026-02-09,Curl de bíceps,2,1,39.0,RPE 8
6525,2025-07-28,Elevaciones laterales,4,5,53.0,Buena técnica
6526,2025-09-29,Hip thrust,5,13,150.0,Normal
6527,2026-06-27,Curl de bíceps,5,8,138.0,RPE 8
6528,2025-10-11,Curl de bíceps,1,2,128.5,Fallo cerca
6529,2025-08-30,Sentadilla búlgara,3,14,80.0,Pesado
6530,2026-04-21,Fondos lastrados,1,10,122.5,Fallo cerca
6531,2026-04-17,Press militar,4,4,40.0,Fácil
6532,2026-04-04,Press militar,4,13,149.0,Fallo cerca
6533,2025-07-19,Elevaciones laterales,1,15,13.0,RPE 8
6534,2025-09-16,Fondos lastrados,5,2,60.5,Normal
6535,2025-09-25,Hip thrust,3,13,48.5,Fallo cerca
6536,2026-01-29,Sentadilla,2,3,29.5,Fácil
6537,2026-01-04,Press militar,5,3,138.0,Buena técnica
6538,2026-02-10,Elevaciones laterales,2,14,110.5,Buena técnica
6539,2025-11-08,Curl de bíceps,5,7,18.0,Buen estímulo
6540,2025-11-06,Dominadas lastradas,4,13,26.5,Buen estímulo
6541,2025-08-05,Dominadas lastradas,5,1,139.0,RPE 8
6542,2026-02-20,Peso muerto,3,3,85.0,Pesado
6543,2026-05-08,Elevaciones laterales,5,3,92.0,Buena técnica
6544,2026-04-05,Hip thrust,1,14,146.5,Buen estímulo
6545,2026-05-04,Fondos lastrados,4,13,113.5,Buen estímulo
6546,2026-01-17,Press militar,5,7,47.5,Buen estímulo
6547,2026-03-30,Sentadilla búlgara,1,11,110.5,RPE 9
6548,2025-11-05,Press francés,4,12,30.5,Buena técnica
6549,2026-03-22,Elevaciones laterales,1,4,127.5,Buen estímulo
6550,2026-04-02,Dominadas lastradas,4,1,63.5,RPE 8
6551,2025-09-18,Sentadilla búlgara,1,5,107.0,Normal
6552,2025-12-17,Dominadas lastradas,3,10,63.5,Buen estímulo
6553,2026-01-10,Sentadilla,4,6,11.0,Fácil
6554,2026-03-17,Press de banca,4,9,53.0,Fácil
6555,2026-01-20,Curl de bíceps,5,14,39.5,Buena técnica
6556,2025-11-17,Elevaciones laterales,2,8,108.0,Fácil
6557,2026-01-19,Elevaciones laterales,3,3,115.5,Pesado
6558,2025-10-23,Peso muerto,1,15,130.5,RPE 8
6559,2025-10-31,Dominadas lastradas,5,3,70.0,Fácil
6560,2025-10-09,Press de banca,4,11,53.0,RPE 9
6561,2025-08-24,Peso muerto,2,12,137.0,RPE 9
6562,2026-04-15,Hip thrust,2,15,78.0,Buen estímulo
6563,2025-11-15,Curl de bíceps,4,9,71.0,Pesado
6564,2026-01-15,Peso muerto,5,3,30.5,Buen estímulo
6565,2025-08-21,Peso muerto,3,10,55.0,RPE 8
6566,2026-05-05,Press militar,1,3,132.0,Buen estímulo
6567,2026-07-06,Hip thrust,1,2,95.0,Pesado
6568,2026-06-04,Press de banca,5,7,31.0,Buena técnica
6569,2026-04-14,Remo con barra,5,6,132.5,Fácil
6570,2026-06-25,Remo con barra,2,6,35.0,Pesado
6571,2025-11-28,Sentadilla búlgara,5,12,12.0,Pesado
6572,2025-11-29,Press francés,1,3,127.5,RPE 8
6573,2026-01-05,Elevaciones laterales,1,8,134.5,Fallo cerca
6574,2026-01-07,Peso muerto,3,14,131.5,RPE 8
6575,2026-04-30,Dominadas lastradas,1,15,36.0,Buen estímulo
6576,2025-10-02,Hip thrust,5,9,60.5,Buen estímulo
6577,2026-05-22,Elevaciones laterales,3,12,110.5,RPE 8
6578,2026-07-06,Curl de bíceps,4,5,143.0,Fácil
6579,2026-04-16,Elevaciones laterales,5,3,138.5,Fácil
6580,2026-06-26,Curl de bíceps,2,12,109.0,Pesado
6581,2025-07-31,Hip thrust,5,14,19.5,Buena técnica
6582,2025-11-13,Fondos lastrados,5,12,50.5,RPE 8
6583,2026-04-28,Press de banca,1,9,56.5,Normal
6584,2025-08-25,Fondos lastrados,4,2,122.5,Pesado
6585,2025-08-08,Hip thrust,3,10,129.0,Buena técnica
6586,2025-12-29,Press militar,4,15,121.5,RPE 8
6587,2025-11-27,Press de banca,5,12,15.5,Fallo cerca
6588,2026-04-05,Press militar,4,2,67.0,Pesado
6589,2025-09-29,Dominadas lastradas,5,6,150.0,Normal
6590,2025-08-08,Curl de bíceps,2,13,99.0,RPE 8
6591,2026-05-25,Press militar,3,2,76.0,RPE 8
6592,2025-09-06,Peso muerto,1,1,41.0,Buen estímulo
6593,2025-12-02,Sentadilla,4,12,74.5,Buen estímulo
6594,2025-10-26,Hip thrust,3,13,68.0,Pesado
6595,2026-01-26,Dominadas lastradas,1,13,45.0,RPE 8
6596,2026-02-08,Sentadilla búlgara,4,2,66.0,Pesado
6597,2025-10-31,Sentadilla,4,15,51.0,RPE 9
6598,2026-07-14,Peso muerto,1,2,42.5,Fallo cerca
6599,2025-10-12,Dominadas lastradas,4,3,74.5,Fallo cerca
6600,2025-11-20,Fondos lastrados,5,2,110.5,RPE 8
6601,2026-06-20,Curl de bíceps,5,13,82.5,Normal
6602,2025-12-11,Press francés,4,15,144.0,Pesado
6603,2026-03-04,Press de banca,4,4,45.0,RPE 9
6604,2026-01-26,Fondos lastrados,3,14,95.0,Normal
6605,2026-04-03,Elevaciones laterales,2,3,58.0,Fácil
6606,2026-06-28,Curl de bíceps,5,2,94.5,Buena técnica
6607,2026-01-08,Fondos lastrados,2,6,78.5,RPE 9
6608,2025-10-10,Fondos lastrados,1,4,135.0,RPE 8
6609,2026-07-01,Peso muerto,3,11,144.0,Pesado
6610,2025-11-07,Sentadilla búlgara,2,13,123.5,RPE 9
6611,2025-11-09,Remo con barra,5,4,121.5,RPE 9
6612,2026-01-16,Press militar,5,6,51.0,Buena técnica
6613,2026-05-21,Press militar,3,12,148.0,Buena técnica
6614,2026-06-23,Press militar,4,13,92.5,RPE 9
6615,2026-01-29,Press de banca,2,1,49.5,Normal
6616,2025-08-09,Curl de bíceps,4,7,145.0,Buen estímulo
6617,2025-10-02,Elevaciones laterales,5,2,63.0,Normal
6618,2026-01-21,Dominadas lastradas,3,14,46.0,RPE 9
6619,2026-03-27,Fondos lastrados,3,8,109.5,RPE 9
6620,2026-02-03,Dominadas lastradas,1,3,88.5,Normal
6621,2026-06-13,Elevaciones laterales,1,13,149.0,Normal
6622,2026-04-18,Press militar,5,4,86.0,RPE 8
6623,2026-07-11,Press militar,3,8,13.5,Buen estímulo
6624,2026-01-13,Press de banca,1,10,30.0,Buen estímulo
6625,2025-11-07,Press de banca,2,4,20.0,Fácil
6626,2026-03-11,Peso muerto,5,5,42.0,Buena técnica
6627,2026-03-20,Fondos lastrados,2,10,24.0,Buena técnica
6628,2026-05-07,Press militar,1,5,75.0,RPE 8
6629,2026-01-03,Elevaciones laterales,5,1,12.5,RPE 8
6630,2026-04-10,Sentadilla búlgara,1,5,87.0,Fallo cerca
6631,2026-01-22,Press francés,5,3,63.0,Normal
6632,2025-08-13,Sentadilla búlgara,5,4,65.0,RPE 9
6633,2026-06-28,Curl de bíceps,2,4,70.0,Buen estímulo
6634,2025-12-13,Press de banca,2,4,47.5,Normal
6635,2025-12-14,Remo con barra,3,11,32.0,Buen estímulo
6636,2025-08-02,Sentadilla,5,15,71.5,Pesado
6637,2025-07-19,Press militar,2,11,76.0,Fácil
6638,2026-03-24,Remo con barra,3,9,43.0,RPE 8
6639,2026-04-04,Sentadilla búlgara,1,5,69.0,Fallo cerca
6640,2025-10-05,Hip thrust,5,10,125.0,RPE 9
6641,2025-10-26,Fondos lastrados,3,10,135.5,Fácil
6642,2025-11-10,Peso muerto,4,1,54.5,Buen estímulo
6643,2025-09-01,Press militar,1,12,104.0,Pesado
6644,2026-02-01,Remo con barra,2,3,63.5,Pesado
6645,2026-04-22,Sentadilla,5,14,97.5,RPE 8
6646,2026-05-06,Press francés,2,15,75.5,Buen estímulo
6647,2025-10-25,Hip thrust,2,4,68.5,Buen estímulo
6648,2026-05-03,Press de banca,1,11,14.5,Pesado
6649,2026-01-11,Curl de bíceps,2,3,100.5,Pesado
6650,2025-11-15,Dominadas lastradas,5,15,37.5,Normal
6651,2025-11-08,Fondos lastrados,5,11,28.5,Fácil
6652,2026-06-16,Sentadilla,5,8,79.0,Fácil
6653,2026-01-26,Press francés,1,4,146.5,Fallo cerca
6654,2026-05-09,Press francés,1,12,142.5,Fallo cerca
6655,2025-07-30,Sentadilla,3,10,59.0,Normal
6656,2026-01-15,Press de banca,2,1,117.0,RPE 8
6657,2025-11-24,Sentadilla búlgara,4,6,90.0,RPE 9
6658,2025-08-19,Dominadas lastradas,5,6,145.0,Buena técnica
6659,2026-02-09,Sentadilla búlgara,4,11,91.0,Pesado
6660,2025-08-31,Remo con barra,2,5,19.5,Pesado
6661,2025-10-29,Press militar,4,6,18.0,Fallo cerca
6662,2026-05-08,Peso muerto,3,15,149.0,Buena técnica
6663,2025-08-28,Dominadas lastradas,5,12,74.5,RPE 8
6664,2025-08-01,Remo con barra,1,5,40.0,Fallo cerca
6665,2026-06-24,Hip thrust,2,9,82.5,Buen estímulo
6666,2025-07-31,Press militar,2,11,125.5,Normal
6667,2026-03-18,Press militar,2,6,136.0,RPE 9
6668,2026-03-11,Curl de bíceps,3,15,39.0,Normal
6669,2026-04-19,Remo con barra,1,8,94.0,Fallo cerca
6670,2025-11-06,Sentadilla,3,12,35.0,Normal
6671,2026-07-09,Press militar,4,5,57.5,Pesado
6672,2025-09-08,Press militar,4,2,23.0,Buen estímulo
6673,2026-07-05,Curl de bíceps,5,15,100.0,Pesado
6674,2026-03-03,Press de banca,3,13,94.5,RPE 9
6675,2026-01-22,Sentadilla,3,5,11.0,RPE 9
6676,2025-12-23,Press de banca,4,2,35.5,Pesado
6677,2025-12-18,Dominadas lastradas,3,13,117.0,Normal
6678,2026-06-09,Curl de bíceps,5,2,135.0,Fallo cerca
6679,2026-01-10,Curl de bíceps,5,8,87.0,RPE 8
6680,2025-10-18,Hip thrust,5,9,11.0,RPE 9
6681,2025-09-02,Remo con barra,1,9,21.0,Fácil
6682,2025-11-29,Dominadas lastradas,2,11,135.5,Fallo cerca
6683,2026-06-19,Press militar,1,12,92.0,RPE 9
6684,2025-10-31,Fondos lastrados,2,14,113.5,RPE 8
6685,2025-08-31,Press militar,2,3,14.0,Fácil
6686,2026-02-16,Remo con barra,1,14,92.5,Pesado
6687,2026-05-27,Sentadilla,4,11,89.0,Fácil
6688,2025-08-15,Press francés,5,5,41.0,RPE 8
6689,2026-07-18,Press militar,1,6,26.5,Fácil
6690,2025-09-08,Elevaciones laterales,4,7,73.0,Buen estímulo
6691,2026-04-26,Press francés,2,9,109.0,Buena técnica
6692,2025-08-27,Peso muerto,4,12,77.0,Buen estímulo
6693,2026-07-02,Elevaciones laterales,1,8,55.5,RPE 8
6694,2026-02-14,Elevaciones laterales,4,3,71.5,Fácil
6695,2026-03-02,Dominadas lastradas,3,11,114.0,Normal
6696,2026-04-21,Sentadilla,4,6,106.0,RPE 9
6697,2025-08-22,Press militar,4,10,62.5,Buen estímulo
6698,2025-10-15,Peso muerto,3,13,142.0,Fácil
6699,2025-10-23,Remo con barra,5,3,71.0,Buen estímulo
6700,2025-08-07,Sentadilla,2,4,143.0,Buen estímulo
6701,2025-08-08,Press militar,1,3,44.0,Buen estímulo
6702,2026-05-15,Peso muerto,1,10,143.0,Normal
6703,2026-01-22,Hip thrust,4,12,136.0,Fallo cerca
6704,2026-06-14,Sentadilla búlgara,3,7,136.0,RPE 9
6705,2026-05-08,Press francés,1,1,112.0,RPE 8
6706,2026-05-15,Press militar,5,8,61.5,Buena técnica
6707,2026-01-22,Peso muerto,2,15,106.5,RPE 9
6708,2026-01-04,Sentadilla búlgara,4,13,144.5,RPE 8
6709,2026-06-10,Fondos lastrados,1,4,112.5,RPE 8
6710,2026-03-09,Hip thrust,4,11,110.5,Buen estímulo
6711,2026-03-08,Peso muerto,5,4,53.5,RPE 8
6712,2026-06-08,Dominadas lastradas,4,13,61.5,Buena técnica
6713,2025-09-30,Sentadilla búlgara,1,9,104.5,Buen estímulo
6714,2026-05-16,Press de banca,5,6,136.5,Fallo cerca
6715,2026-05-23,Fondos lastrados,1,8,134.0,Buena técnica
6716,2025-11-06,Remo con barra,1,5,76.0,Buen estímulo
6717,2026-02-05,Peso muerto,3,5,135.0,Normal
6718,2025-12-20,Elevaciones laterales,5,1,101.5,Buena técnica
6719,2026-01-29,Press militar,3,9,34.0,Fallo cerca
6720,2025-10-03,Press militar,1,9,11.5,Fallo cerca
6721,2026-07-15,Press militar,4,14,101.5,Buen estímulo
6722,2026-03-03,Sentadilla,1,15,54.5,Normal
6723,2025-11-26,Elevaciones laterales,1,6,132.5,Normal
6724,2025-11-13,Dominadas lastradas,3,3,34.5,Buena técnica
6725,2025-07-23,Remo con barra,2,5,12.5,RPE 8
6726,2026-04-05,Curl de bíceps,4,5,102.0,Pesado
6727,2025-08-27,Press francés,1,11,39.0,RPE 9
6728,2026-02-27,Press militar,4,13,59.5,RPE 8
6729,2026-05-08,Elevaciones laterales,4,9,112.0,RPE 8
6730,2026-07-15,Elevaciones laterales,5,2,68.5,Fácil
6731,2025-10-07,Fondos lastrados,3,9,108.5,Fallo cerca
6732,2025-09-25,Remo con barra,5,7,111.0,Fácil
6733,2026-03-09,Press militar,1,3,112.5,Buena técnica
6734,2026-07-13,Elevaciones laterales,4,14,12.0,RPE 9
6735,2026-04-15,Sentadilla búlgara,2,8,53.5,Pesado
6736,2026-04-14,Press de banca,1,15,13.5,RPE 8
6737,2026-01-01,Press de banca,2,10,31.0,RPE 8
6738,2026-02-12,Sentadilla,2,10,44.0,RPE 9
6739,2025-08-06,Press de banca,5,4,104.5,RPE 9
6740,2025-08-30,Curl de bíceps,1,14,62.5,RPE 9
6741,2025-07-31,Elevaciones laterales,4,9,98.5,Buen estímulo
6742,2026-05-10,Press francés,1,1,87.5,RPE 8
6743,2026-01-27,Sentadilla,3,5,131.5,RPE 8
6744,2026-04-23,Curl de bíceps,1,6,34.0,Buena técnica
6745,2025-09-29,Hip thrust,4,4,122.0,Buena técnica
6746,2026-03-19,Peso muerto,3,6,46.0,Normal
6747,2025-11-02,Sentadilla,1,14,113.5,Fácil
6748,2025-09-24,Press de banca,2,4,49.5,Fácil
6749,2026-02-26,Press francés,5,11,20.0,RPE 8
6750,2025-10-27,Curl de bíceps,4,13,147.5,Pesado
6751,2026-05-06,Sentadilla,3,2,104.0,Fácil
6752,2025-10-14,Sentadilla búlgara,2,2,85.5,Fácil
6753,2025-10-12,Dominadas lastradas,4,3,132.0,RPE 8
6754,2025-08-21,Press militar,4,11,119.5,Buen estímulo
6755,2025-08-10,Fondos lastrados,3,9,65.5,Fallo cerca
6756,2026-03-22,Dominadas lastradas,4,10,46.5,RPE 9
6757,2026-06-20,Sentadilla búlgara,2,15,87.5,Buen estímulo
6758,2026-06-13,Press de banca,5,12,76.0,Fallo cerca
6759,2025-11-30,Hip thrust,5,10,79.0,Fácil
6760,2026-05-04,Curl de bíceps,2,11,73.0,Normal
6761,2026-03-12,Press de banca,5,13,128.0,Pesado
6762,2025-10-02,Peso muerto,4,8,28.5,Buen estímulo
6763,2025-08-09,Dominadas lastradas,4,1,82.5,Pesado
6764,2025-08-21,Sentadilla búlgara,1,14,145.5,Buena técnica
6765,2026-04-26,Press francés,4,9,45.5,Buen estímulo
6766,2025-10-19,Press militar,5,10,119.5,RPE 9
6767,2025-10-02,Press de banca,3,11,17.0,Fallo cerca
6768,2025-12-17,Press francés,2,14,129.0,Buena técnica
6769,2026-03-12,Remo con barra,5,9,87.0,RPE 9
6770,2025-10-23,Hip thrust,4,9,118.5,Fallo cerca
6771,2025-12-14,Sentadilla búlgara,2,3,115.0,Pesado
6772,2026-04-20,Sentadilla búlgara,2,12,137.5,Fácil
6773,2025-11-26,Elevaciones laterales,2,5,143.0,RPE 8
6774,2026-07-16,Hip thrust,3,3,62.5,Buena técnica
6775,2026-06-18,Remo con barra,1,15,31.5,RPE 8
6776,2026-07-16,Press de banca,5,2,73.5,Pesado
6777,2026-01-05,Sentadilla,3,1,109.0,Fácil
6778,2026-04-25,Remo con barra,5,9,48.5,Pesado
6779,2026-03-29,Peso muerto,3,9,40.5,Fácil
6780,2026-04-22,Press francés,1,15,118.0,Pesado
6781,2026-01-02,Fondos lastrados,4,13,49.5,Buen estímulo
6782,2025-10-01,Sentadilla búlgara,3,13,94.0,Buen estímulo
6783,2026-01-13,Sentadilla,1,13,55.5,Pesado
6784,2025-09-04,Dominadas lastradas,4,11,34.5,Buen estímulo
6785,2025-08-19,Fondos lastrados,1,3,118.5,Normal
6786,2026-02-10,Press militar,5,3,21.5,RPE 8
6787,2025-12-29,Remo con barra,4,2,32.5,Fallo cerca
6788,2026-05-23,Hip thrust,2,15,102.5,RPE 8
6789,2026-06-28,Press francés,2,9,99.5,Fácil
6790,2026-01-19,Remo con barra,4,6,30.5,RPE 9
6791,2026-03-20,Hip thrust,1,11,49.5,Buena técnica
6792,2025-11-15,Hip thrust,4,14,71.5,Normal
6793,2026-04-02,Remo con barra,4,8,43.0,Fácil
6794,2025-10-01,Sentadilla búlgara,2,3,37.5,Fallo cerca
6795,2025-09-25,Elevaciones laterales,5,15,89.0,Buena técnica
6796,2026-02-19,Hip thrust,5,12,50.0,Buen estímulo
6797,2025-10-13,Dominadas lastradas,2,11,54.0,Fácil
6798,2025-11-05,Press de banca,1,2,62.0,Buena técnica
6799,2025-09-15,Elevaciones laterales,3,8,39.5,RPE 8
6800,2026-03-31,Hip thrust,3,4,62.0,Normal
6801,2025-09-25,Hip thrust,2,1,103.0,Buen estímulo
6802,2026-05-19,Hip thrust,4,15,50.0,RPE 9
6803,2025-10-23,Sentadilla búlgara,4,5,16.5,Pesado
6804,2025-08-12,Remo con barra,4,15,91.0,Buena técnica
6805,2025-12-27,Hip thrust,2,8,11.5,Pesado
6806,2025-11-29,Sentadilla,5,13,147.0,Pesado
6807,2025-07-27,Hip thrust,1,11,45.0,Pesado
6808,2025-09-25,Curl de bíceps,1,6,85.0,RPE 8
6809,2025-10-02,Press de banca,3,13,37.0,Buena técnica
6810,2025-07-29,Elevaciones laterales,3,5,123.0,Pesado
6811,2025-12-28,Remo con barra,4,10,141.0,Fácil
6812,2026-01-30,Sentadilla búlgara,4,12,76.0,Buen estímulo
6813,2025-11-26,Press de banca,5,10,74.0,Buen estímulo
6814,2025-12-09,Hip thrust,1,14,41.5,Buena técnica
6815,2026-02-10,Peso muerto,2,14,16.5,Normal
6816,2026-02-21,Peso muerto,3,12,88.5,Buena técnica
6817,2025-12-10,Press militar,4,4,75.0,Pesado
6818,2026-02-19,Sentadilla búlgara,5,11,143.5,Fácil
6819,2025-12-18,Remo con barra,2,1,118.5,Buen estímulo
6820,2026-04-05,Dominadas lastradas,5,15,102.0,Fallo cerca
6821,2025-09-26,Press francés,2,1,102.0,Buen estímulo
6822,2025-09-15,Press de banca,5,15,37.0,Normal
6823,2026-01-28,Hip thrust,3,8,62.5,Fallo cerca
6824,2026-02-06,Remo con barra,5,11,146.5,Fácil
6825,2025-09-27,Sentadilla,2,11,41.0,RPE 8
6826,2025-08-29,Elevaciones laterales,2,8,144.5,RPE 8
6827,2025-12-22,Press de banca,5,5,12.5,Normal
6828,2026-01-08,Sentadilla búlgara,4,13,37.0,RPE 8
6829,2026-04-06,Sentadilla búlgara,2,6,69.0,RPE 8
6830,2026-02-03,Sentadilla,1,14,75.0,Fallo cerca
6831,2025-12-29,Hip thrust,2,4,58.5,Buena técnica
6832,2025-11-07,Curl de bíceps,4,2,129.0,RPE 8
6833,2025-12-03,Elevaciones laterales,2,4,134.0,RPE 8
6834,2026-01-21,Fondos lastrados,1,12,119.0,Fácil
6835,2025-09-05,Sentadilla búlgara,3,8,126.5,RPE 8
6836,2026-06-17,Press francés,2,1,30.0,RPE 9
6837,2026-02-18,Press militar,2,3,21.0,Normal
6838,2026-05-11,Fondos lastrados,4,9,29.5,Normal
6839,2026-06-20,Sentadilla búlgara,3,14,98.0,RPE 8
6840,2026-03-03,Fondos lastrados,5,15,138.0,Buen estímulo
6841,2026-01-01,Press militar,2,6,114.0,Pesado
6842,2025-12-24,Dominadas lastradas,5,6,28.0,Pesado
6843,2025-08-10,Press militar,1,8,138.0,Fallo cerca
6844,2026-06-13,Hip thrust,1,13,124.0,Buena técnica
6845,2025-12-31,Dominadas lastradas,2,11,122.0,Pesado
6846,2026-04-01,Sentadilla,3,1,115.5,Fácil
6847,2025-09-27,Peso muerto,3,10,107.0,Buen estímulo
6848,2026-01-02,Press francés,4,3,93.5,Buena técnica
6849,2026-01-14,Dominadas lastradas,4,13,80.5,Fallo cerca
6850,2025-08-15,Curl de bíceps,2,8,84.5,Buena técnica
6851,2026-06-19,Remo con barra,2,6,29.5,Fallo cerca
6852,2026-04-11,Press francés,1,11,58.0,Normal
6853,2025-10-12,Press militar,2,1,71.0,Fallo cerca
6854,2025-10-04,Hip thrust,5,13,108.5,Buen estímulo
6855,2026-04-22,Hip thrust,1,10,45.5,Fallo cerca
6856,2025-10-12,Sentadilla,1,7,23.0,Buen estímulo
6857,2025-09-14,Dominadas lastradas,2,5,16.5,Fallo cerca
6858,2025-07-31,Remo con barra,4,7,115.0,RPE 8
6859,2026-06-10,Press militar,4,8,52.0,Buen estímulo
6860,2026-04-20,Remo con barra,4,10,97.0,Buena técnica
6861,2026-02-14,Fondos lastrados,4,15,39.0,Fallo cerca
6862,2025-07-20,Elevaciones laterales,2,14,54.0,Fallo cerca
6863,2026-03-23,Hip thrust,1,8,137.5,Fácil
6864,2025-12-22,Press francés,3,12,76.0,Fácil
6865,2026-03-30,Fondos lastrados,2,9,92.5,Pesado
6866,2025-11-02,Elevaciones laterales,2,6,14.5,Fácil
6867,2025-09-30,Sentadilla,3,5,133.0,RPE 8
6868,2026-04-30,Sentadilla búlgara,1,1,13.0,Fácil
6869,2026-07-06,Press de banca,1,12,140.5,Fallo cerca
6870,2026-07-04,Remo con barra,5,15,55.5,Normal
6871,2025-12-07,Peso muerto,1,14,16.5,RPE 8
6872,2025-12-17,Press francés,5,13,125.5,Fácil
6873,2026-01-24,Sentadilla,3,10,58.0,Fallo cerca
6874,2025-09-21,Sentadilla búlgara,5,12,36.5,Pesado
6875,2025-08-08,Hip thrust,1,3,140.5,Pesado
6876,2026-04-14,Fondos lastrados,1,4,115.5,Fallo cerca
6877,2026-01-31,Press francés,5,12,24.0,Fallo cerca
6878,2025-12-27,Fondos lastrados,1,3,22.5,Buena técnica
6879,2026-02-10,Dominadas lastradas,1,4,74.5,Fácil
6880,2025-10-26,Press militar,4,8,46.5,RPE 8
6881,2026-06-13,Fondos lastrados,5,6,94.5,Pesado
6882,2026-04-15,Sentadilla búlgara,5,13,111.0,Normal
6883,2026-02-25,Press de banca,3,15,149.5,RPE 8
6884,2025-10-17,Fondos lastrados,3,7,64.0,Buen estímulo
6885,2025-12-21,Press de banca,1,7,76.5,RPE 9
6886,2025-08-08,Curl de bíceps,4,13,82.0,RPE 8
6887,2025-09-12,Press de banca,5,5,17.0,Buen estímulo
6888,2026-03-01,Peso muerto,4,1,10.5,RPE 8
6889,2025-08-13,Press militar,2,6,85.5,Fácil
6890,2025-12-24,Press de banca,2,9,140.0,Normal
6891,2025-09-13,Fondos lastrados,5,1,85.5,Fácil
6892,2025-09-02,Remo con barra,3,5,76.0,Pesado
6893,2025-10-15,Hip thrust,1,4,11.5,Fallo cerca
6894,2026-03-16,Press francés,4,6,79.5,RPE 8
6895,2025-08-19,Press francés,3,7,129.0,Fallo cerca
6896,2025-09-02,Peso muerto,1,1,98.0,Buena técnica
6897,2026-03-06,Sentadilla,4,13,29.0,Pesado
6898,2026-05-09,Press francés,5,13,66.5,RPE 8
6899,2025-12-30,Hip thrust,5,15,150.0,Buen estímulo
6900,2026-04-20,Sentadilla búlgara,5,10,126.0,Normal
6901,2026-04-19,Fondos lastrados,1,7,86.5,Buena técnica
6902,2026-06-14,Fondos lastrados,3,4,14.0,RPE 9
6903,2026-01-30,Press francés,5,9,92.5,Buen estímulo
6904,2025-09-10,Sentadilla búlgara,2,13,118.5,RPE 8
6905,2026-04-06,Dominadas lastradas,2,9,112.5,Normal
6906,2025-10-09,Sentadilla búlgara,5,10,41.0,Normal
6907,2026-01-22,Sentadilla,3,11,74.5,RPE 9
6908,2025-09-13,Dominadas lastradas,5,14,134.5,Buena técnica
6909,2026-03-10,Fondos lastrados,3,1,15.5,RPE 8
6910,2026-06-03,Fondos lastrados,1,13,29.5,Buen estímulo
6911,2026-06-20,Dominadas lastradas,4,8,76.0,Buena técnica
6912,2026-04-11,Fondos lastrados,2,8,62.5,Buena técnica
6913,2026-06-09,Press de banca,1,2,92.0,Buen estímulo
6914,2026-05-18,Peso muerto,3,4,103.0,Normal
6915,2025-11-16,Dominadas lastradas,3,4,76.5,RPE 9
6916,2025-12-29,Remo con barra,5,9,115.0,RPE 9
6917,2026-02-28,Dominadas lastradas,3,9,144.0,Fallo cerca
6918,2026-07-05,Peso muerto,1,5,49.5,Buena técnica
6919,2025-11-01,Press de banca,4,14,138.0,RPE 9
6920,2025-10-13,Remo con barra,5,7,147.0,RPE 8
6921,2026-02-05,Elevaciones laterales,4,2,141.5,Pesado
6922,2025-10-16,Press militar,1,8,108.0,RPE 8
6923,2026-06-12,Press francés,3,2,118.0,Fallo cerca
6924,2025-07-27,Press militar,2,4,14.0,Normal
6925,2026-06-17,Press militar,4,2,45.5,RPE 9
6926,2025-09-27,Sentadilla búlgara,2,13,133.5,Pesado
6927,2026-04-02,Remo con barra,5,2,18.5,Buen estímulo
6928,2026-03-17,Elevaciones laterales,4,5,120.5,Fallo cerca
6929,2025-08-20,Press francés,2,14,23.0,Fallo cerca
6930,2026-03-11,Fondos lastrados,2,11,18.0,Normal
6931,2025-08-18,Elevaciones laterales,3,4,115.0,Normal
6932,2025-10-20,Remo con barra,4,9,73.0,Pesado
6933,2025-12-28,Elevaciones laterales,4,15,78.5,RPE 8
6934,2026-02-26,Elevaciones laterales,5,14,84.0,Buena técnica
6935,2026-01-25,Press de banca,5,8,120.5,Buena técnica
6936,2025-11-05,Dominadas lastradas,3,3,144.5,RPE 8
6937,2025-09-26,Sentadilla búlgara,2,14,66.5,Normal
6938,2026-05-26,Hip thrust,3,2,73.0,Pesado
6939,2026-07-11,Dominadas lastradas,2,3,33.0,Buena técnica
6940,2026-01-20,Dominadas lastradas,1,15,116.0,Buena técnica
6941,2026-01-22,Hip thrust,4,11,57.5,Pesado
6942,2026-05-14,Fondos lastrados,5,12,12.5,RPE 8
6943,2025-09-27,Fondos lastrados,3,11,107.0,Fallo cerca
6944,2026-03-09,Elevaciones laterales,2,11,103.0,Buen estímulo
6945,2026-07-05,Dominadas lastradas,1,14,66.5,Pesado
6946,2026-06-03,Press de banca,5,3,31.5,Buena técnica
6947,2025-09-19,Sentadilla,3,1,11.5,Normal
6948,2025-07-31,Press militar,3,4,148.5,Pesado
6949,2025-09-12,Curl de bíceps,1,9,104.0,Fallo cerca
6950,2026-01-04,Sentadilla búlgara,1,4,64.0,Fácil
6951,2025-08-06,Hip thrust,2,7,134.5,Pesado
6952,2026-06-27,Sentadilla búlgara,3,12,103.5,RPE 8
6953,2025-09-17,Hip thrust,2,9,133.5,Buena técnica
6954,2025-09-07,Fondos lastrados,2,14,70.5,Normal
6955,2025-09-19,Fondos lastrados,3,7,66.5,RPE 8
6956,2026-03-06,Sentadilla búlgara,3,6,119.0,Fácil
6957,2026-04-13,Press de banca,3,14,56.0,Pesado
6958,2025-08-21,Elevaciones laterales,4,6,45.0,RPE 9
6959,2025-09-10,Press francés,3,8,35.0,Normal
6960,2026-04-30,Press francés,4,4,144.0,Buen estímulo
6961,2026-07-17,Fondos lastrados,1,1,120.0,RPE 8
6962,2026-06-15,Press francés,4,15,21.0,Buena técnica
6963,2025-09-10,Elevaciones laterales,4,11,36.0,RPE 8
6964,2026-02-20,Hip thrust,1,8,27.0,Normal
6965,2025-10-01,Sentadilla,1,9,121.0,Pesado
6966,2025-11-21,Remo con barra,2,13,121.0,Pesado
6967,2025-12-31,Fondos lastrados,1,12,12.0,Fácil
6968,2025-10-20,Curl de bíceps,3,14,148.0,Buen estímulo
6969,2025-10-20,Press de banca,4,14,53.0,RPE 8
6970,2025-10-09,Hip thrust,3,3,50.0,Normal
6971,2025-12-07,Sentadilla búlgara,3,3,66.0,RPE 9
6972,2025-09-10,Fondos lastrados,5,8,136.0,Fallo cerca
6973,2025-10-11,Remo con barra,3,14,47.5,Normal
6974,2026-01-01,Fondos lastrados,1,6,29.0,Fallo cerca
6975,2026-01-15,Sentadilla,4,2,20.0,Pesado
6976,2026-03-28,Elevaciones laterales,2,13,107.5,RPE 8
6977,2025-10-10,Press militar,5,15,33.5,Buen estímulo
6978,2025-10-10,Press francés,1,4,58.0,Buen estímulo
6979,2026-05-11,Fondos lastrados,2,2,136.5,Normal
6980,2026-05-19,Elevaciones laterales,4,12,87.5,RPE 8
6981,2025-11-08,Dominadas lastradas,4,14,48.5,Fallo cerca
6982,2026-05-22,Remo con barra,3,14,49.5,Pesado
6983,2025-08-12,Dominadas lastradas,2,6,100.5,Buena técnica
6984,2026-05-31,Sentadilla búlgara,4,11,31.0,Buena técnica
6985,2025-12-16,Press de banca,4,10,39.5,Buena técnica
6986,2026-05-27,Press militar,1,14,53.0,Pesado
6987,2025-11-18,Press militar,1,3,99.5,RPE 9
6988,2026-07-16,Peso muerto,2,2,73.0,RPE 9
6989,2026-01-23,Sentadilla,1,12,94.0,Normal
6990,2025-08-12,Fondos lastrados,2,13,78.5,Pesado
6991,2025-10-26,Peso muerto,2,9,58.5,Buena técnica
6992,2025-10-17,Press militar,4,7,139.0,RPE 8
6993,2026-07-04,Fondos lastrados,4,7,30.0,Normal
6994,2025-10-17,Sentadilla búlgara,4,5,39.0,Buen estímulo
6995,2026-04-23,Remo con barra,2,15,76.5,Normal
6996,2026-01-27,Sentadilla búlgara,5,7,119.0,RPE 8
6997,2025-08-16,Press de banca,4,7,26.0,RPE 9
6998,2026-07-03,Hip thrust,4,2,72.0,Fácil
6999,2026-05-10,Fondos lastrados,5,15,49.5,Fallo cerca
7000,2025-09-29,Dominadas lastradas,3,15,28.0,RPE 8
7001,2026-05-10,Peso muerto,3,7,50.5,Buena técnica
7002,2025-08-11,Sentadilla,3,6,42.5,Fácil
7003,2025-08-17,Sentadilla,2,5,86.0,RPE 8
7004,2026-05-21,Elevaciones laterales,3,2,126.5,Buena técnica
7005,2026-05-29,Remo con barra,5,4,121.5,Buen estímulo
7006,2025-08-15,Remo con barra,5,14,111.0,Buena técnica
7007,2025-10-09,Remo con barra,1,11,68.5,Buen estímulo
7008,2026-01-09,Remo con barra,2,14,85.0,Fácil
7009,2026-04-07,Press francés,4,5,106.0,Buena técnica
7010,2026-02-22,Dominadas lastradas,5,9,147.5,Normal
7011,2025-09-23,Press militar,3,2,73.0,Normal
7012,2026-02-11,Hip thrust,3,3,36.5,Buena técnica
7013,2026-04-09,Remo con barra,2,11,37.0,RPE 8
7014,2025-07-20,Sentadilla búlgara,3,3,18.0,Normal
7015,2025-10-07,Hip thrust,3,14,23.5,Fácil
7016,2025-11-29,Press francés,4,6,65.0,RPE 8
7017,2025-09-28,Peso muerto,5,2,76.5,Normal
7018,2025-12-27,Curl de bíceps,1,12,41.0,Normal
7019,2026-06-07,Dominadas lastradas,5,7,48.0,Buen estímulo
7020,2025-10-08,Press militar,2,3,11.0,Buena técnica
7021,2026-02-06,Dominadas lastradas,5,6,137.5,Normal
7022,2026-02-18,Dominadas lastradas,5,11,23.0,RPE 9
7023,2026-03-02,Hip thrust,5,14,39.0,Normal
7024,2026-05-07,Press militar,4,6,58.5,Normal
7025,2025-08-31,Remo con barra,3,8,143.0,RPE 9
7026,2025-09-03,Sentadilla búlgara,4,13,23.0,Fácil
7027,2026-04-05,Press militar,2,10,141.0,Pesado
7028,2026-03-31,Press militar,4,1,86.5,Fácil
7029,2026-07-03,Dominadas lastradas,5,1,19.0,Normal
7030,2026-06-18,Remo con barra,4,8,127.0,Normal
7031,2026-02-26,Curl de bíceps,4,15,30.0,Fallo cerca
7032,2025-11-15,Sentadilla,4,11,119.0,RPE 8
7033,2026-04-14,Dominadas lastradas,1,3,23.5,Normal
7034,2026-04-28,Sentadilla búlgara,1,5,28.0,Buen estímulo
7035,2025-08-18,Elevaciones laterales,4,11,44.5,Buen estímulo
7036,2026-03-10,Sentadilla búlgara,3,1,120.0,Fácil
7037,2026-04-06,Dominadas lastradas,3,10,113.5,Fácil
7038,2025-12-20,Press militar,2,3,135.0,Buena técnica
7039,2026-01-21,Sentadilla búlgara,3,7,23.0,RPE 9
7040,2026-05-29,Press militar,5,3,97.5,Buena técnica
7041,2026-05-18,Press militar,5,5,108.0,RPE 9
7042,2025-10-25,Curl de bíceps,2,14,100.0,Buena técnica
7043,2025-08-24,Press francés,5,15,122.5,Buena técnica
7044,2025-11-16,Sentadilla búlgara,1,13,139.5,RPE 9
7045,2026-05-03,Press francés,3,8,55.5,Normal
7046,2026-04-22,Peso muerto,3,9,70.5,Fácil
7047,2026-04-26,Remo con barra,1,13,53.5,Fallo cerca
7048,2026-07-10,Press francés,2,3,122.0,RPE 8
7049,2025-07-29,Fondos lastrados,3,7,62.5,Fallo cerca
7050,2026-05-10,Fondos lastrados,1,11,74.5,RPE 9
7051,2026-03-16,Fondos lastrados,3,15,77.0,Buena técnica
7052,2026-04-30,Press francés,4,8,141.5,Buena técnica
7053,2025-12-15,Peso muerto,5,14,15.5,Pesado
7054,2026-04-02,Press francés,4,14,100.0,Fallo cerca
7055,2026-07-09,Peso muerto,5,5,101.0,Fallo cerca
7056,2026-01-02,Fondos lastrados,1,7,110.0,RPE 8
7057,2026-06-02,Peso muerto,4,6,99.5,Fácil
7058,2025-11-18,Hip thrust,1,5,51.0,Fallo cerca
7059,2025-09-01,Press militar,3,14,52.5,Normal
7060,2026-06-04,Hip thrust,1,7,23.5,Pesado
7061,2026-03-02,Elevaciones laterales,4,5,67.0,Pesado
7062,2026-07-06,Hip thrust,5,2,27.5,Pesado
7063,2026-05-21,Press de banca,1,8,38.0,Fácil
7064,2025-08-30,Sentadilla,1,7,49.5,RPE 9
7065,2025-11-01,Remo con barra,2,12,108.0,Fallo cerca
7066,2025-11-08,Press militar,2,8,117.5,RPE 9
7067,2025-10-04,Hip thrust,2,15,127.5,Pesado
7068,2025-09-24,Press militar,5,5,41.0,Buen estímulo
7069,2026-01-09,Press militar,2,10,34.5,Fallo cerca
7070,2025-10-10,Curl de bíceps,1,13,111.5,RPE 8
7071,2026-06-28,Press de banca,1,13,60.0,Normal
7072,2025-09-28,Sentadilla búlgara,1,1,41.0,RPE 8
7073,2026-06-30,Curl de bíceps,2,14,101.0,Pesado
7074,2026-05-31,Dominadas lastradas,5,11,146.0,Pesado
7075,2025-11-07,Press militar,5,10,137.0,Normal
7076,2026-06-27,Sentadilla,4,10,44.0,Normal
7077,2025-12-06,Press francés,1,7,134.0,Pesado
7078,2025-11-10,Sentadilla búlgara,1,10,74.5,Fácil
7079,2026-07-15,Press francés,3,1,138.5,Buen estímulo
7080,2025-08-09,Peso muerto,3,2,130.5,Normal
7081,2025-12-03,Remo con barra,5,2,138.0,RPE 9
7082,2025-12-15,Peso muerto,3,12,69.5,RPE 8
7083,2026-01-17,Press militar,5,13,29.0,Buen estímulo
7084,2026-04-17,Dominadas lastradas,1,14,99.5,RPE 8
7085,2025-07-25,Sentadilla,2,15,113.0,Fácil
7086,2025-10-05,Fondos lastrados,3,3,18.5,RPE 9
7087,2025-09-02,Press militar,2,14,145.5,Buen estímulo
7088,2026-03-21,Dominadas lastradas,1,8,119.0,RPE 9
7089,2026-04-10,Fondos lastrados,2,8,106.5,Fácil
7090,2026-04-23,Press de banca,3,10,141.0,Normal
7091,2026-04-18,Dominadas lastradas,5,13,50.5,Buen estímulo
7092,2025-07-25,Press de banca,1,11,115.5,Fácil
7093,2025-08-25,Press militar,2,9,54.0,Fallo cerca
7094,2025-09-30,Sentadilla,2,5,40.5,Fácil
7095,2025-10-16,Press militar,3,13,53.0,Fácil
7096,2025-11-20,Press francés,2,13,70.5,Pesado
7097,2025-12-07,Fondos lastrados,3,6,101.0,Normal
7098,2026-04-14,Peso muerto,5,12,98.5,Pesado
7099,2026-07-03,Sentadilla búlgara,3,3,35.5,Buena técnica
7100,2026-01-15,Fondos lastrados,4,1,103.5,RPE 9
7101,2025-11-02,Fondos lastrados,3,12,119.5,Fallo cerca
7102,2025-10-27,Elevaciones laterales,5,9,71.5,Fácil
7103,2025-08-05,Elevaciones laterales,2,7,131.5,Fácil
7104,2025-08-26,Sentadilla,4,5,31.5,Buen estímulo
7105,2026-01-02,Dominadas lastradas,1,8,144.5,Normal
7106,2025-11-30,Dominadas lastradas,1,8,26.0,Buen estímulo
7107,2026-04-04,Sentadilla,3,2,128.5,Normal
7108,2025-09-09,Sentadilla búlgara,5,2,139.0,RPE 9
7109,2026-03-06,Press francés,5,3,147.5,Pesado
7110,2026-05-30,Sentadilla búlgara,2,6,103.5,RPE 8
7111,2026-05-09,Dominadas lastradas,4,6,90.0,RPE 9
7112,2026-04-27,Peso muerto,3,4,61.0,Fallo cerca
7113,2025-08-19,Fondos lastrados,4,14,34.5,RPE 8
7114,2025-07-29,Sentadilla,3,14,80.0,Normal
7115,2025-08-18,Sentadilla,5,1,24.0,RPE 8
7116,2025-10-31,Elevaciones laterales,4,9,15.5,Normal
7117,2026-06-14,Curl de bíceps,5,13,80.5,Normal
7118,2025-12-17,Press militar,2,1,129.5,Pesado
7119,2025-12-21,Press militar,4,6,111.0,Normal
7120,2025-08-30,Press de banca,3,1,83.0,Pesado
7121,2025-08-21,Sentadilla,5,9,109.5,Fallo cerca
7122,2025-11-02,Press francés,4,11,56.0,Fácil
7123,2026-05-31,Sentadilla búlgara,4,2,24.5,Fácil
7124,2025-12-20,Press de banca,2,7,67.0,Fallo cerca
7125,2025-09-27,Press francés,3,10,34.5,Normal
7126,2026-02-01,Press de banca,5,3,12.0,Normal
7127,2026-01-05,Peso muerto,2,9,88.5,Buen estímulo
7128,2026-02-17,Press de banca,1,10,27.0,Normal
7129,2026-02-22,Press de banca,3,12,128.5,Buena técnica
7130,2026-03-01,Press francés,5,5,144.5,Fácil
7131,2025-11-16,Hip thrust,1,7,113.5,Pesado
7132,2026-07-15,Dominadas lastradas,4,15,37.0,RPE 8
7133,2026-04-30,Sentadilla,1,15,22.5,Buena técnica
7134,2026-01-18,Remo con barra,5,9,66.5,Fácil
7135,2026-05-24,Remo con barra,2,2,35.5,Fácil
7136,2026-06-02,Curl de bíceps,3,3,99.5,RPE 8
7137,2025-11-05,Fondos lastrados,1,6,33.5,Buena técnica
7138,2025-12-06,Remo con barra,1,7,46.5,Pesado
7139,2026-02-02,Sentadilla,1,9,47.5,Buena técnica
7140,2026-05-26,Hip thrust,3,2,49.5,Buen estímulo
7141,2025-09-05,Dominadas lastradas,5,8,104.5,RPE 9
7142,2025-11-12,Sentadilla,4,8,76.0,Fallo cerca
7143,2025-09-03,Fondos lastrados,2,4,90.5,Fallo cerca
7144,2026-01-09,Fondos lastrados,3,10,103.0,Normal
7145,2026-01-12,Press militar,2,10,131.0,RPE 9
7146,2025-09-04,Fondos lastrados,5,9,150.0,Fallo cerca
7147,2026-03-15,Hip thrust,5,5,103.5,Buen estímulo
7148,2026-06-28,Hip thrust,1,14,36.5,Buena técnica
7149,2025-09-26,Sentadilla,1,15,87.0,RPE 9
7150,2026-05-31,Dominadas lastradas,4,15,148.0,Buena técnica
7151,2025-12-30,Press francés,5,1,82.5,Buena técnica
7152,2026-02-01,Elevaciones laterales,5,12,99.0,Pesado
7153,2025-08-18,Sentadilla,2,8,102.5,Fallo cerca
7154,2026-01-27,Sentadilla,4,6,117.5,RPE 8
7155,2026-01-08,Press de banca,2,14,24.5,Fácil
7156,2026-07-09,Remo con barra,1,2,93.0,Normal
7157,2026-01-24,Elevaciones laterales,1,12,86.0,Normal
7158,2026-02-19,Remo con barra,1,9,18.5,RPE 9
7159,2025-11-09,Remo con barra,5,6,110.5,RPE 9
7160,2025-11-23,Hip thrust,3,8,90.0,RPE 8
7161,2026-04-11,Peso muerto,5,4,103.5,RPE 9
7162,2025-10-12,Curl de bíceps,2,13,23.5,Buena técnica
7163,2025-09-15,Sentadilla,3,12,27.5,Normal
7164,2025-12-28,Hip thrust,5,1,53.0,Buena técnica
7165,2025-12-06,Press militar,5,10,103.5,Buena técnica
7166,2026-03-24,Peso muerto,2,13,144.0,RPE 9
7167,2025-11-02,Elevaciones laterales,2,8,96.0,Pesado
7168,2025-09-19,Press militar,5,10,74.0,RPE 9
7169,2025-08-16,Peso muerto,3,8,29.5,Fácil
7170,2026-02-14,Curl de bíceps,4,14,104.0,Pesado
7171,2025-08-07,Curl de bíceps,4,1,71.5,Pesado
7172,2026-07-09,Press de banca,2,11,67.0,Fácil
7173,2025-08-21,Remo con barra,3,10,17.5,Fácil
7174,2026-02-08,Hip thrust,2,12,97.0,Normal
7175,2025-07-18,Press francés,1,10,83.5,Fácil
7176,2025-12-01,Remo con barra,3,4,50.0,Pesado
7177,2026-07-05,Remo con barra,5,9,118.0,Buen estímulo
7178,2026-02-25,Sentadilla,2,5,39.5,Buena técnica
7179,2025-07-30,Press francés,3,2,66.0,RPE 8
7180,2025-11-08,Hip thrust,4,13,102.5,RPE 9
7181,2026-07-10,Sentadilla,3,6,75.5,Normal
7182,2026-01-15,Press militar,1,14,15.5,Normal
7183,2026-07-18,Dominadas lastradas,5,12,107.5,RPE 8
7184,2026-04-23,Elevaciones laterales,2,11,23.5,RPE 9
7185,2025-09-14,Curl de bíceps,2,4,99.0,Normal
7186,2025-09-30,Elevaciones laterales,1,1,91.0,RPE 9
7187,2025-10-05,Curl de bíceps,3,11,120.0,RPE 8
7188,2025-08-20,Dominadas lastradas,2,4,20.5,Normal
7189,2025-12-07,Curl de bíceps,4,13,125.0,Fallo cerca
7190,2025-10-26,Press de banca,5,7,98.5,Pesado
7191,2026-04-22,Fondos lastrados,5,5,71.5,Buen estímulo
7192,2026-02-01,Peso muerto,2,6,125.5,Normal
7193,2026-02-18,Peso muerto,3,8,116.0,Pesado
7194,2025-08-09,Sentadilla búlgara,3,12,55.5,Buena técnica
7195,2025-08-28,Hip thrust,5,8,62.0,RPE 8
7196,2026-05-26,Fondos lastrados,1,8,41.0,RPE 9
7197,2025-12-22,Fondos lastrados,1,13,101.5,RPE 9
7198,2025-09-20,Sentadilla,4,13,36.0,Fácil
7199,2025-08-29,Elevaciones laterales,2,9,24.5,Buen estímulo
7200,2026-04-27,Sentadilla búlgara,4,5,133.5,Buena técnica
7201,2026-07-08,Press de banca,4,9,60.5,Buen estímulo
7202,2026-05-26,Press francés,5,13,123.0,Fácil
7203,2025-08-13,Sentadilla búlgara,2,9,62.5,Buena técnica
7204,2025-12-12,Fondos lastrados,2,10,53.0,Fácil
7205,2026-01-22,Press francés,5,15,42.0,Buena técnica
7206,2025-09-25,Press de banca,4,2,37.5,Buen estímulo
7207,2026-05-08,Press francés,1,10,127.5,RPE 9
7208,2026-06-11,Peso muerto,5,9,74.5,Fácil
7209,2025-11-08,Curl de bíceps,1,14,116.5,Fallo cerca
7210,2026-02-04,Elevaciones laterales,3,5,23.0,Buen estímulo
7211,2026-02-15,Sentadilla búlgara,3,14,83.0,RPE 9
7212,2026-01-15,Fondos lastrados,5,12,135.0,Buen estímulo
7213,2026-02-13,Remo con barra,2,6,135.0,Normal
7214,2026-02-23,Fondos lastrados,1,5,113.0,Buen estímulo
7215,2025-09-06,Remo con barra,4,2,87.0,Buen estímulo
7216,2026-01-14,Hip thrust,3,1,69.0,RPE 8
7217,2026-03-21,Sentadilla,4,3,97.0,Buena técnica
7218,2025-08-05,Curl de bíceps,3,11,36.5,Fallo cerca
7219,2026-07-12,Press francés,5,7,33.0,RPE 8
7220,2026-04-26,Elevaciones laterales,3,13,75.0,Normal
7221,2025-10-09,Fondos lastrados,3,1,61.0,Pesado
7222,2025-10-18,Elevaciones laterales,4,5,92.0,RPE 9
7223,2025-09-17,Peso muerto,2,10,56.5,Normal
7224,2025-12-29,Press de banca,1,4,20.5,Normal
7225,2026-01-26,Curl de bíceps,3,6,101.5,Pesado
7226,2026-01-14,Press francés,3,11,84.5,Fallo cerca
7227,2025-10-16,Peso muerto,4,7,126.0,RPE 8
7228,2025-10-14,Press francés,4,13,141.5,RPE 8
7229,2025-12-24,Elevaciones laterales,2,3,128.5,RPE 9
7230,2026-06-30,Elevaciones laterales,5,5,67.5,Buen estímulo
7231,2026-02-24,Curl de bíceps,3,15,27.0,Pesado
7232,2026-03-10,Remo con barra,2,15,35.5,Buena técnica
7233,2025-08-01,Press francés,3,3,51.0,Pesado
7234,2026-03-01,Press de banca,3,3,133.0,RPE 9
7235,2026-02-17,Dominadas lastradas,2,14,36.5,RPE 8
7236,2025-09-08,Press de banca,2,13,18.5,RPE 9
7237,2026-04-15,Curl de bíceps,5,12,118.5,Pesado
7238,2025-11-16,Press de banca,1,1,73.0,Buena técnica
7239,2026-03-07,Fondos lastrados,1,2,44.0,Pesado
7240,2025-09-26,Elevaciones laterales,5,15,26.5,Normal
7241,2026-01-17,Remo con barra,4,14,69.5,Normal
7242,2025-10-13,Elevaciones laterales,3,5,91.5,RPE 8
7243,2026-02-07,Elevaciones laterales,5,3,42.5,Buen estímulo
7244,2026-03-20,Sentadilla búlgara,3,1,18.5,Pesado
7245,2026-06-19,Press militar,5,14,133.5,RPE 9
7246,2026-01-01,Sentadilla búlgara,4,12,125.5,Fácil
7247,2026-03-02,Remo con barra,2,7,123.5,Normal
7248,2026-07-14,Remo con barra,5,6,110.5,Buena técnica
7249,2025-09-07,Sentadilla,5,10,76.5,Normal
7250,2025-08-12,Curl de bíceps,3,9,146.5,Pesado
7251,2025-10-26,Press francés,5,5,147.0,Fácil
7252,2026-01-14,Elevaciones laterales,5,5,57.5,Pesado
7253,2025-08-15,Remo con barra,5,12,65.0,Fallo cerca
7254,2025-10-26,Press de banca,3,8,34.5,Pesado
7255,2026-02-19,Elevaciones laterales,2,13,57.0,Fallo cerca
7256,2026-05-07,Sentadilla,2,7,140.0,Pesado
7257,2025-11-05,Remo con barra,1,13,14.5,RPE 8
7258,2025-11-01,Curl de bíceps,4,9,134.0,Buen estímulo
7259,2026-04-12,Press de banca,3,7,26.5,Fallo cerca
7260,2025-11-09,Peso muerto,3,12,77.0,Fallo cerca
7261,2026-03-17,Press de banca,1,14,60.0,Fallo cerca
7262,2026-02-08,Peso muerto,3,14,14.0,RPE 8
7263,2026-06-21,Fondos lastrados,2,1,119.5,Fácil
7264,2025-12-30,Sentadilla búlgara,5,10,60.5,Fácil
7265,2026-05-15,Press militar,2,2,148.0,Pesado
7266,2026-06-30,Sentadilla,2,15,69.5,RPE 8
7267,2025-11-21,Sentadilla búlgara,2,12,31.0,RPE 8
7268,2025-10-05,Elevaciones laterales,4,10,122.0,RPE 8
7269,2026-03-20,Sentadilla búlgara,2,6,21.5,RPE 8
7270,2026-05-17,Hip thrust,1,13,133.0,RPE 8
7271,2025-11-17,Elevaciones laterales,4,11,67.0,RPE 8
7272,2026-07-08,Dominadas lastradas,5,13,116.5,Fácil
7273,2026-04-01,Sentadilla,1,4,119.0,Fácil
7274,2025-11-04,Press de banca,3,4,25.0,Normal
7275,2025-11-12,Peso muerto,5,1,14.0,Buena técnica
7276,2025-07-26,Sentadilla búlgara,5,1,126.0,Fácil
7277,2025-10-03,Peso muerto,2,8,90.0,Buena técnica
7278,2026-03-02,Elevaciones laterales,5,7,12.0,RPE 8
7279,2025-12-07,Elevaciones laterales,4,13,66.0,RPE 8
7280,2025-08-28,Dominadas lastradas,1,7,105.0,RPE 9
7281,2025-08-25,Remo con barra,4,4,57.5,Fallo cerca
7282,2025-11-27,Sentadilla búlgara,4,10,147.5,Fallo cerca
7283,2025-08-07,Fondos lastrados,3,3,91.0,Fácil
7284,2025-10-02,Curl de bíceps,5,3,20.0,Fallo cerca
7285,2025-10-03,Sentadilla,4,14,15.5,Buen estímulo
7286,2025-10-20,Press de banca,5,6,55.5,RPE 8
7287,2025-12-15,Curl de bíceps,4,7,89.0,Fácil
7288,2025-12-01,Dominadas lastradas,3,13,98.5,Fácil
7289,2025-10-03,Sentadilla búlgara,5,2,141.5,Fácil
7290,2026-07-16,Sentadilla,1,3,91.0,RPE 8
7291,2026-07-16,Press militar,5,3,13.5,Pesado
7292,2026-04-22,Peso muerto,2,2,141.5,RPE 9
7293,2025-11-11,Sentadilla,1,13,94.0,Buena técnica
7294,2026-01-06,Hip thrust,3,13,57.5,Buen estímulo
7295,2025-08-04,Curl de bíceps,2,5,57.5,RPE 8
7296,2026-06-19,Press de banca,3,4,37.5,Pesado
7297,2026-03-14,Curl de bíceps,4,15,11.5,Pesado
7298,2026-04-18,Press militar,3,6,11.5,RPE 9
7299,2026-06-18,Press de banca,4,13,121.5,Buen estímulo
7300,2026-07-06,Dominadas lastradas,5,3,103.5,Fácil
7301,2025-10-09,Sentadilla,2,4,71.0,Buen estímulo
7302,2025-12-08,Remo con barra,2,10,15.0,Fallo cerca
7303,2025-09-27,Peso muerto,2,13,125.0,Pesado
7304,2026-05-13,Fondos lastrados,4,5,117.5,Fallo cerca
7305,2026-04-28,Hip thrust,4,15,124.0,Normal
7306,2025-09-20,Peso muerto,3,14,39.5,Buena técnica
7307,2026-03-23,Sentadilla,3,1,115.0,RPE 8
7308,2026-03-28,Elevaciones laterales,2,2,81.5,Fallo cerca
7309,2026-05-30,Press de banca,4,12,27.0,RPE 9
7310,2025-07-23,Peso muerto,4,14,148.0,Fácil
7311,2026-07-13,Press militar,4,9,106.0,Normal
7312,2026-05-28,Sentadilla,1,9,140.0,Pesado
7313,2025-09-05,Dominadas lastradas,3,12,138.0,RPE 9
7314,2025-09-08,Peso muerto,5,2,117.0,RPE 9
7315,2026-05-17,Press francés,1,7,67.0,Buen estímulo
7316,2026-07-03,Sentadilla búlgara,4,10,11.5,Fallo cerca
7317,2025-10-19,Press francés,3,1,68.0,Pesado
7318,2026-04-21,Hip thrust,4,3,102.5,RPE 9
7319,2025-07-22,Remo con barra,3,1,85.0,Buen estímulo
7320,2026-01-23,Fondos lastrados,1,7,140.5,Buena técnica
7321,2026-06-30,Press francés,5,5,103.5,Fallo cerca
7322,2026-03-16,Press militar,2,11,129.5,Normal
7323,2026-04-14,Remo con barra,2,6,51.5,Pesado
7324,2025-12-29,Fondos lastrados,3,6,134.0,RPE 8
7325,2025-08-29,Press de banca,3,13,139.5,Pesado
7326,2025-11-01,Peso muerto,5,1,81.5,Buen estímulo
7327,2026-06-28,Dominadas lastradas,2,3,115.0,Normal
7328,2025-12-17,Press militar,2,2,125.5,Buena técnica
7329,2026-04-21,Curl de bíceps,2,5,51.5,Fallo cerca
7330,2026-04-16,Fondos lastrados,3,9,90.0,Fácil
7331,2025-11-29,Sentadilla,2,11,77.5,Normal
7332,2026-02-12,Sentadilla búlgara,1,1,66.0,Buen estímulo
7333,2026-01-17,Press francés,2,7,28.0,Pesado
7334,2025-08-22,Peso muerto,3,11,68.5,Buen estímulo
7335,2025-08-23,Press francés,5,13,141.0,RPE 9
7336,2025-10-06,Curl de bíceps,1,5,137.0,Buena técnica
7337,2025-10-08,Peso muerto,1,14,81.0,Buena técnica
7338,2026-05-10,Dominadas lastradas,4,15,101.5,Pesado
7339,2026-04-06,Fondos lastrados,2,12,143.5,Buen estímulo
7340,2026-01-28,Press militar,5,14,108.0,Buena técnica
7341,2025-08-06,Elevaciones laterales,3,12,37.0,RPE 8
7342,2025-10-19,Curl de bíceps,4,1,73.0,Pesado
7343,2026-01-24,Fondos lastrados,5,7,100.5,Fácil
7344,2025-11-28,Hip thrust,2,8,122.5,Normal
7345,2026-07-03,Curl de bíceps,3,8,20.5,Buena técnica
7346,2026-03-18,Peso muerto,4,2,133.5,RPE 9
7347,2025-09-11,Sentadilla búlgara,5,10,14.0,Buen estímulo
7348,2025-11-22,Sentadilla búlgara,2,8,82.0,RPE 9
7349,2025-08-05,Press francés,2,15,77.0,RPE 9
7350,2025-08-26,Press militar,2,8,25.0,Buen estímulo
7351,2026-05-10,Fondos lastrados,5,6,137.0,Normal
7352,2025-09-20,Remo con barra,2,4,37.0,Pesado
7353,2025-09-30,Sentadilla búlgara,2,1,46.5,Pesado
7354,2025-08-18,Press de banca,2,7,46.5,Fallo cerca
7355,2025-11-30,Fondos lastrados,1,2,109.0,Buena técnica
7356,2025-12-06,Fondos lastrados,5,14,24.0,Fallo cerca
7357,2026-06-11,Hip thrust,1,5,65.5,Fácil
7358,2026-01-31,Press militar,4,7,16.5,Fallo cerca
7359,2025-09-07,Press militar,4,14,107.0,Normal
7360,2025-11-07,Sentadilla,1,11,95.5,RPE 9
7361,2026-02-10,Sentadilla,4,9,94.5,Buen estímulo
7362,2026-01-19,Press militar,3,10,66.0,Normal
7363,2026-07-07,Sentadilla,1,7,47.5,Fallo cerca
7364,2025-11-12,Peso muerto,3,15,85.0,RPE 9
7365,2026-05-28,Sentadilla búlgara,2,2,96.5,Normal
7366,2026-05-25,Fondos lastrados,5,12,17.0,Buena técnica
7367,2026-06-20,Hip thrust,4,15,46.0,RPE 8
7368,2025-11-12,Sentadilla búlgara,5,8,23.5,Normal
7369,2025-09-20,Hip thrust,1,15,32.5,Fácil
7370,2025-11-18,Sentadilla búlgara,2,14,30.0,Normal
7371,2026-05-27,Hip thrust,2,9,63.0,Fallo cerca
7372,2025-10-18,Remo con barra,4,11,150.0,Buena técnica
7373,2025-10-19,Sentadilla,2,13,100.5,Pesado
7374,2025-11-02,Press de banca,4,15,62.0,Fallo cerca
7375,2026-01-13,Elevaciones laterales,4,1,23.0,Buen estímulo
7376,2026-06-09,Hip thrust,3,11,99.0,RPE 9
7377,2026-01-01,Curl de bíceps,1,7,73.5,RPE 8
7378,2026-02-09,Press de banca,3,5,135.5,Pesado
7379,2026-07-05,Peso muerto,4,13,49.5,RPE 9
7380,2026-07-11,Fondos lastrados,4,7,120.0,Fallo cerca
7381,2026-06-10,Sentadilla búlgara,4,1,38.5,Pesado
7382,2025-11-04,Curl de bíceps,3,15,93.5,Fácil
7383,2026-03-06,Remo con barra,4,11,95.0,RPE 8
7384,2026-03-22,Hip thrust,1,3,66.0,RPE 8
7385,2026-02-24,Curl de bíceps,5,11,80.5,Buen estímulo
7386,2026-02-22,Fondos lastrados,3,3,37.0,Fácil
7387,2026-03-30,Peso muerto,5,15,87.5,RPE 9
7388,2026-02-27,Sentadilla búlgara,2,4,77.5,RPE 8
7389,2026-04-05,Sentadilla búlgara,4,6,115.0,Fallo cerca
7390,2025-08-21,Press francés,4,7,67.0,Pesado
7391,2025-12-12,Remo con barra,5,11,71.0,RPE 9
7392,2026-06-26,Remo con barra,2,4,112.0,Buen estímulo
7393,2025-11-25,Press francés,5,4,43.5,RPE 8
7394,2026-01-17,Elevaciones laterales,3,6,20.5,Fácil
7395,2026-01-22,Sentadilla,2,1,108.5,Buen estímulo
7396,2026-05-26,Press francés,5,7,44.5,Pesado
7397,2025-11-09,Dominadas lastradas,1,6,57.5,Pesado
7398,2026-02-12,Dominadas lastradas,2,1,49.0,RPE 8
7399,2025-09-23,Dominadas lastradas,3,7,12.5,Fácil
7400,2025-08-03,Sentadilla búlgara,5,12,56.5,Normal
7401,2026-02-15,Dominadas lastradas,5,5,23.0,Buen estímulo
7402,2025-12-05,Hip thrust,3,1,106.0,Buen estímulo
7403,2025-09-06,Hip thrust,2,12,27.0,RPE 8
7404,2026-03-06,Remo con barra,5,4,91.0,Fallo cerca
7405,2025-12-23,Elevaciones laterales,2,1,18.5,RPE 9
7406,2025-12-04,Sentadilla búlgara,3,10,46.0,RPE 9
7407,2026-01-02,Press militar,5,9,25.0,RPE 8
7408,2025-12-22,Hip thrust,1,3,128.0,Fallo cerca
7409,2025-08-13,Press de banca,3,3,61.5,Fácil
7410,2025-12-28,Press militar,2,3,37.0,Buena técnica
7411,2025-12-06,Curl de bíceps,1,2,45.0,Buena técnica
7412,2026-06-26,Hip thrust,3,4,108.5,Fallo cerca
7413,2026-02-09,Sentadilla,1,7,129.5,RPE 9
7414,2026-04-22,Press de banca,2,2,53.5,Buen estímulo
7415,2026-02-26,Peso muerto,5,12,46.5,Buen estímulo
7416,2026-05-14,Dominadas lastradas,1,14,43.5,RPE 8
7417,2025-08-30,Fondos lastrados,4,5,127.5,RPE 8
7418,2026-04-15,Dominadas lastradas,4,4,67.5,RPE 9
7419,2026-07-13,Elevaciones laterales,1,11,67.5,Buen estímulo
7420,2025-11-10,Sentadilla,1,4,137.0,Pesado
7421,2026-03-10,Sentadilla,3,12,17.5,Fácil
7422,2025-12-20,Press militar,4,8,107.0,RPE 8
7423,2025-07-28,Fondos lastrados,2,14,135.0,Fácil
7424,2025-10-27,Press de banca,5,10,53.5,Fallo cerca
7425,2026-03-22,Sentadilla búlgara,2,9,11.0,Fácil
7426,2026-06-07,Press militar,1,5,46.5,Buen estímulo
7427,2026-06-05,Hip thrust,2,10,63.0,RPE 8
7428,2026-05-10,Sentadilla,1,3,19.0,RPE 8
7429,2026-04-10,Dominadas lastradas,5,3,34.5,Normal
7430,2025-12-26,Peso muerto,4,14,100.0,Fácil
7431,2026-02-18,Press de banca,4,6,36.5,RPE 9
7432,2026-04-09,Peso muerto,4,3,56.0,RPE 9
7433,2026-05-04,Hip thrust,5,2,23.5,Buen estímulo
7434,2026-04-10,Press militar,1,14,67.0,Buena técnica
7435,2026-05-15,Sentadilla búlgara,3,15,86.5,RPE 9
7436,2026-03-29,Sentadilla búlgara,5,11,24.0,Fallo cerca
7437,2026-02-27,Remo con barra,2,7,57.0,Buena técnica
7438,2025-11-06,Dominadas lastradas,2,8,145.0,Buen estímulo
7439,2025-10-25,Press francés,5,8,145.5,RPE 8
7440,2025-12-12,Sentadilla búlgara,5,11,44.0,Normal
7441,2025-07-23,Sentadilla,3,7,46.0,Normal
7442,2025-09-29,Peso muerto,1,1,142.0,RPE 8
7443,2026-01-21,Elevaciones laterales,3,15,107.0,Normal
7444,2025-08-04,Dominadas lastradas,2,10,59.0,Buen estímulo
7445,2026-05-09,Sentadilla búlgara,3,12,34.5,RPE 8
7446,2026-05-01,Curl de bíceps,5,8,57.5,Fácil
7447,2026-05-13,Sentadilla búlgara,1,7,85.5,RPE 9
7448,2026-05-07,Press de banca,1,1,116.0,Buena técnica
7449,2025-12-16,Press militar,1,5,104.5,Fácil
7450,2025-11-26,Press francés,1,13,43.5,RPE 9
7451,2026-01-05,Press francés,5,3,105.5,Fallo cerca
7452,2026-07-03,Press militar,5,9,94.0,Normal
7453,2026-07-18,Peso muerto,5,10,130.5,Fallo cerca
7454,2025-10-10,Curl de bíceps,5,8,104.5,Buena técnica
7455,2026-05-31,Press francés,3,1,113.5,Buena técnica
7456,2026-04-03,Fondos lastrados,1,8,10.0,Buen estímulo
7457,2025-11-20,Curl de bíceps,4,8,103.5,Pesado
7458,2026-05-16,Peso muerto,2,5,84.0,Pesado
7459,2026-06-17,Sentadilla,4,2,82.0,RPE 9
7460,2025-12-09,Hip thrust,1,11,66.0,Fallo cerca
7461,2025-08-23,Press militar,3,10,88.0,Pesado
7462,2025-12-07,Elevaciones laterales,1,6,47.5,Fallo cerca
7463,2025-09-12,Sentadilla,4,4,98.5,Normal
7464,2026-05-10,Press de banca,4,9,114.5,Pesado
7465,2025-11-18,Press de banca,1,6,30.0,Fácil
7466,2026-06-05,Fondos lastrados,2,1,93.0,RPE 9
7467,2026-04-21,Remo con barra,1,6,76.5,Fácil
7468,2026-06-26,Dominadas lastradas,2,4,18.0,Fallo cerca
7469,2025-12-12,Remo con barra,1,9,60.5,Buena técnica
7470,2026-05-03,Remo con barra,2,2,139.5,Normal
7471,2026-02-19,Hip thrust,3,13,53.0,Buena técnica
7472,2026-07-09,Remo con barra,5,4,120.5,Buen estímulo
7473,2025-11-02,Hip thrust,2,8,115.0,Pesado
7474,2026-03-25,Elevaciones laterales,2,4,44.5,Fácil
7475,2025-07-30,Hip thrust,4,11,96.0,Pesado
7476,2026-02-19,Dominadas lastradas,5,9,101.5,RPE 8
7477,2025-11-30,Press francés,2,5,52.0,Buena técnica
7478,2026-01-23,Curl de bíceps,3,9,42.5,Fallo cerca
7479,2026-01-16,Elevaciones laterales,5,13,136.5,RPE 9
7480,2025-11-21,Sentadilla,3,10,89.5,Normal
7481,2025-11-13,Dominadas lastradas,2,10,36.5,Buena técnica
7482,2025-10-13,Press francés,2,2,64.5,RPE 9
7483,2025-10-27,Remo con barra,5,10,42.5,Fallo cerca
7484,2025-12-06,Peso muerto,4,15,52.5,Buena técnica
7485,2026-02-01,Dominadas lastradas,5,15,118.5,Fallo cerca
7486,2026-02-14,Sentadilla búlgara,5,6,27.5,Pesado
7487,2026-05-06,Press francés,1,2,89.0,Normal
7488,2025-09-28,Hip thrust,4,14,44.0,RPE 9
7489,2026-01-15,Curl de bíceps,2,14,37.5,RPE 8
7490,2026-06-01,Sentadilla búlgara,5,14,115.5,Fácil
7491,2025-07-21,Sentadilla,5,11,58.5,RPE 9
7492,2025-09-14,Dominadas lastradas,3,13,95.5,Buena técnica
7493,2026-02-09,Elevaciones laterales,5,8,24.5,Fácil
7494,2026-03-17,Elevaciones laterales,3,5,136.0,RPE 8
7495,2026-03-25,Fondos lastrados,1,12,37.0,RPE 8
7496,2026-07-16,Press militar,2,1,93.0,Fallo cerca
7497,2025-08-03,Hip thrust,5,8,42.0,Fácil
7498,2025-10-27,Fondos lastrados,3,5,23.0,Buen estímulo
7499,2025-10-07,Sentadilla,1,13,130.5,Pesado
7500,2026-06-07,Press francés,4,14,147.0,RPE 8
7501,2026-02-14,Press de banca,4,15,133.5,Fácil
7502,2026-07-03,Fondos lastrados,2,15,147.5,Fallo cerca
7503,2026-03-17,Press francés,2,6,41.0,RPE 8
7504,2026-02-25,Elevaciones laterales,5,8,20.5,Pesado
7505,2026-04-16,Curl de bíceps,4,14,91.5,Fácil
7506,2026-03-10,Sentadilla,5,2,53.5,RPE 8
7507,2025-08-15,Press de banca,3,3,92.0,Normal
7508,2026-01-06,Hip thrust,2,12,67.5,Buena técnica
7509,2025-09-20,Hip thrust,5,9,85.0,Buena técnica
7510,2025-08-10,Press militar,1,14,61.0,Pesado
7511,2026-05-20,Sentadilla,3,1,35.0,Pesado
7512,2025-09-16,Press francés,4,12,61.5,Pesado
7513,2026-01-21,Press de banca,2,2,24.5,Pesado
7514,2026-06-18,Sentadilla,5,12,31.0,Fallo cerca
7515,2025-09-11,Sentadilla,2,13,89.0,Buen estímulo
7516,2026-01-13,Hip thrust,5,2,92.5,Fácil
7517,2026-06-30,Press de banca,2,8,127.0,Normal
7518,2026-07-01,Sentadilla,3,2,49.5,Fallo cerca
7519,2025-08-10,Press militar,3,15,147.5,RPE 9
7520,2025-08-30,Curl de bíceps,4,6,91.0,RPE 9
7521,2025-12-17,Sentadilla búlgara,4,15,129.0,Buena técnica
7522,2025-08-21,Peso muerto,3,9,18.0,RPE 8
7523,2026-06-22,Dominadas lastradas,2,15,42.0,Fallo cerca
7524,2025-09-23,Peso muerto,2,5,112.0,Buen estímulo
7525,2026-03-22,Sentadilla,1,14,125.5,Pesado
7526,2026-03-29,Fondos lastrados,2,11,11.5,Fácil
7527,2026-04-21,Elevaciones laterales,3,11,92.5,Fácil
7528,2025-11-22,Press militar,4,4,119.5,Normal
7529,2026-05-07,Peso muerto,2,2,24.5,Buena técnica
7530,2026-07-10,Press de banca,5,6,148.0,Buen estímulo
7531,2025-12-29,Curl de bíceps,5,13,21.5,RPE 9
7532,2026-07-05,Curl de bíceps,3,14,19.0,RPE 8
7533,2025-10-08,Fondos lastrados,2,5,26.5,Fallo cerca
7534,2025-12-07,Press francés,5,10,80.5,Pesado
7535,2025-10-15,Remo con barra,3,13,40.5,Pesado
7536,2025-07-25,Sentadilla,4,11,13.0,Buen estímulo
7537,2026-02-27,Peso muerto,5,15,100.5,Buena técnica
7538,2025-11-24,Sentadilla,5,11,64.0,Normal
7539,2025-07-31,Hip thrust,4,13,105.5,RPE 8
7540,2025-12-30,Press de banca,5,7,139.5,Fácil
7541,2025-11-27,Press de banca,2,1,99.0,Buen estímulo
7542,2025-10-07,Sentadilla búlgara,1,5,16.5,Normal
7543,2026-05-20,Press francés,5,1,126.0,Pesado
7544,2025-12-14,Curl de bíceps,3,14,113.0,Buen estímulo
7545,2026-01-26,Fondos lastrados,1,6,116.5,Fácil
7546,2026-07-16,Press militar,1,8,53.5,Fallo cerca
7547,2025-12-15,Dominadas lastradas,4,12,59.5,Buena técnica
7548,2026-04-03,Fondos lastrados,4,6,99.5,Buen estímulo
7549,2025-08-05,Sentadilla,3,13,101.5,Buen estímulo
7550,2026-02-03,Fondos lastrados,3,12,124.5,RPE 8
7551,2026-04-20,Fondos lastrados,5,11,89.0,Pesado
7552,2025-12-15,Hip thrust,2,5,28.0,RPE 9
7553,2026-03-15,Hip thrust,4,2,77.5,Buen estímulo
7554,2025-08-30,Fondos lastrados,2,11,37.5,RPE 8
7555,2025-12-30,Curl de bíceps,4,6,142.0,Fallo cerca
7556,2025-10-17,Remo con barra,5,2,96.0,RPE 9
7557,2026-01-25,Remo con barra,3,7,126.0,RPE 9
7558,2025-09-09,Sentadilla,3,2,44.5,Normal
7559,2025-10-19,Dominadas lastradas,3,3,143.0,Buen estímulo
7560,2026-04-11,Sentadilla,2,13,93.0,Fácil
7561,2026-02-11,Press militar,5,1,80.5,Buena técnica
7562,2026-07-17,Hip thrust,1,9,39.0,RPE 8
7563,2025-09-12,Peso muerto,1,9,33.0,Normal
7564,2026-04-26,Elevaciones laterales,2,7,114.0,Pesado
7565,2025-12-19,Press de banca,1,2,146.0,Fallo cerca
7566,2026-06-23,Peso muerto,1,10,106.0,Normal
7567,2026-06-28,Hip thrust,5,14,149.0,Fallo cerca
7568,2026-02-13,Hip thrust,2,7,79.0,Fácil
7569,2025-09-09,Press militar,4,7,93.0,RPE 8
7570,2025-11-12,Curl de bíceps,2,12,107.5,RPE 9
7571,2026-06-02,Hip thrust,5,1,37.5,Normal
7572,2026-04-24,Sentadilla búlgara,5,2,35.0,RPE 8
7573,2025-12-01,Peso muerto,2,2,34.0,Pesado
7574,2026-02-07,Press militar,4,10,67.5,Normal
7575,2026-05-30,Hip thrust,4,13,115.0,Buen estímulo
7576,2026-07-16,Sentadilla búlgara,3,11,90.5,RPE 9
7577,2025-11-10,Dominadas lastradas,5,8,86.0,Normal
7578,2025-07-21,Peso muerto,4,4,149.0,Normal
7579,2026-05-24,Fondos lastrados,3,1,74.0,Fácil
7580,2025-08-28,Press francés,4,7,12.5,Buena técnica
7581,2025-09-03,Sentadilla,1,11,143.0,Buena técnica
7582,2025-11-25,Sentadilla,5,10,29.5,RPE 8
7583,2026-01-22,Press francés,1,4,62.0,Buen estímulo
7584,2026-02-20,Fondos lastrados,1,5,115.5,Fácil
7585,2026-05-01,Fondos lastrados,5,7,93.5,Normal
7586,2025-09-05,Curl de bíceps,2,3,68.5,Buena técnica
7587,2025-07-24,Hip thrust,3,15,33.5,RPE 9
7588,2026-01-19,Sentadilla,3,11,113.0,Normal
7589,2026-04-23,Press militar,1,12,108.0,Buena técnica
7590,2025-11-30,Hip thrust,1,7,39.0,Buen estímulo
7591,2026-03-20,Press francés,2,6,31.5,Fallo cerca
7592,2026-05-07,Elevaciones laterales,1,5,14.0,Fallo cerca
7593,2026-04-19,Sentadilla búlgara,1,9,84.5,RPE 8
7594,2026-03-26,Curl de bíceps,2,14,145.5,Fácil
7595,2026-05-13,Peso muerto,5,11,67.0,Pesado
7596,2025-10-18,Press militar,3,6,83.5,RPE 9
7597,2026-02-06,Sentadilla,1,7,108.5,Buen estímulo
7598,2026-04-09,Sentadilla,4,2,113.0,Normal
7599,2026-06-15,Press militar,5,7,124.5,Normal
7600,2026-05-13,Sentadilla,1,8,124.0,RPE 8
7601,2026-07-18,Remo con barra,1,4,47.0,RPE 8
7602,2026-07-08,Elevaciones laterales,3,3,47.0,Fácil
7603,2025-09-15,Sentadilla búlgara,4,6,104.0,Buena técnica
7604,2026-06-15,Sentadilla,3,9,33.0,Fácil
7605,2025-10-03,Sentadilla búlgara,4,2,35.5,Fácil
7606,2025-09-27,Peso muerto,2,3,16.5,Fallo cerca
7607,2026-05-05,Hip thrust,3,5,32.0,Fácil
7608,2025-12-08,Press francés,5,8,41.5,Pesado
7609,2026-06-19,Press militar,4,1,90.0,RPE 9
7610,2026-07-09,Curl de bíceps,5,11,10.5,Buena técnica
7611,2026-01-03,Elevaciones laterales,2,5,11.5,Pesado
7612,2026-05-03,Fondos lastrados,5,3,17.5,Pesado
7613,2026-03-30,Press francés,1,13,38.0,Buen estímulo
7614,2025-09-14,Peso muerto,3,1,33.5,Pesado
7615,2025-12-19,Remo con barra,3,3,33.0,Buen estímulo
7616,2026-03-10,Elevaciones laterales,1,6,88.0,Normal
7617,2026-04-19,Press de banca,3,5,140.5,Pesado
7618,2026-06-05,Elevaciones laterales,4,4,76.0,RPE 8
7619,2026-04-25,Curl de bíceps,2,12,93.5,Fácil
7620,2025-11-15,Elevaciones laterales,5,10,108.0,RPE 9
7621,2025-11-08,Press francés,1,6,90.0,Buen estímulo
7622,2026-04-16,Press francés,1,6,149.5,Buen estímulo
7623,2026-05-28,Press militar,4,7,58.5,Fallo cerca
7624,2025-08-13,Peso muerto,5,4,105.5,Fácil
7625,2025-07-20,Press militar,4,2,118.5,Buena técnica
7626,2026-05-29,Press de banca,1,1,66.0,Buen estímulo
7627,2025-12-02,Press de banca,2,8,45.5,Pesado
7628,2026-01-01,Peso muerto,2,10,68.5,RPE 9
7629,2025-11-20,Fondos lastrados,3,3,77.0,RPE 8
7630,2025-12-12,Elevaciones laterales,2,13,47.5,RPE 9
7631,2026-05-23,Fondos lastrados,5,15,14.0,Fallo cerca
7632,2025-09-17,Press militar,4,14,145.5,Fallo cerca
7633,2026-05-26,Press francés,3,5,116.0,Buen estímulo
7634,2026-01-06,Press militar,2,9,40.5,Normal
7635,2025-10-06,Hip thrust,1,12,148.0,Buen estímulo
7636,2025-12-04,Dominadas lastradas,5,10,128.0,RPE 8
7637,2025-11-23,Sentadilla,5,4,64.5,Pesado
7638,2026-02-02,Curl de bíceps,5,11,98.0,Fallo cerca
7639,2025-11-21,Peso muerto,3,8,57.0,Fallo cerca
7640,2026-05-16,Hip thrust,5,15,35.5,Buen estímulo
7641,2025-08-19,Peso muerto,1,14,78.0,RPE 9
7642,2026-03-03,Press militar,1,11,49.5,Fácil
7643,2025-11-11,Peso muerto,2,3,68.5,Normal
7644,2026-07-12,Press de banca,3,1,109.5,Fácil
7645,2025-08-08,Press francés,5,4,131.5,RPE 8
7646,2025-10-24,Hip thrust,5,12,108.5,Buen estímulo
7647,2025-09-15,Dominadas lastradas,4,11,23.5,RPE 8
7648,2025-10-03,Fondos lastrados,5,5,146.5,Pesado
7649,2026-05-12,Press militar,1,14,149.5,Buen estímulo
7650,2025-09-06,Remo con barra,5,7,23.5,Pesado
7651,2026-05-08,Sentadilla búlgara,3,11,32.0,RPE 8
7652,2026-03-05,Press francés,3,15,114.5,Normal
7653,2026-06-20,Sentadilla,3,11,91.0,Buen estímulo
7654,2026-03-16,Press de banca,1,10,138.0,Fallo cerca
7655,2025-09-01,Dominadas lastradas,4,2,108.0,RPE 9
7656,2025-08-04,Elevaciones laterales,4,11,79.0,Normal
7657,2026-04-29,Press de banca,2,10,149.0,Fácil
7658,2026-07-14,Remo con barra,3,4,139.0,Normal
7659,2026-06-01,Peso muerto,5,7,73.0,Fallo cerca
7660,2026-01-11,Remo con barra,2,15,77.5,Fallo cerca
7661,2025-08-12,Press de banca,4,5,72.0,RPE 8
7662,2025-09-12,Hip thrust,4,12,66.5,Pesado
7663,2026-02-07,Elevaciones laterales,4,11,102.5,RPE 8
7664,2025-10-30,Dominadas lastradas,2,15,85.5,Buen estímulo
7665,2026-01-27,Fondos lastrados,4,4,100.5,RPE 8
7666,2026-04-06,Hip thrust,3,5,146.5,RPE 9
7667,2026-03-25,Curl de bíceps,3,9,109.5,Buen estímulo
7668,2026-01-09,Press de banca,3,10,31.0,Pesado
7669,2025-10-05,Sentadilla búlgara,5,3,63.5,RPE 9
7670,2025-10-08,Sentadilla,2,1,76.5,RPE 8
7671,2025-08-17,Press de banca,5,5,96.5,Fácil
7672,2026-01-27,Fondos lastrados,2,1,125.0,RPE 8
7673,2026-02-16,Peso muerto,3,5,95.5,Fallo cerca
7674,2025-12-07,Press francés,3,2,94.0,RPE 8
7675,2026-01-12,Remo con barra,5,3,53.5,RPE 9
7676,2026-06-09,Sentadilla búlgara,2,11,54.5,Buen estímulo
7677,2025-11-21,Press militar,3,3,32.5,RPE 9
7678,2025-12-04,Hip thrust,4,14,102.5,Fallo cerca
7679,2026-05-19,Sentadilla,4,2,29.0,Pesado
7680,2025-11-17,Fondos lastrados,1,9,115.5,Normal
7681,2026-03-02,Elevaciones laterales,5,13,123.5,Buen estímulo
7682,2026-06-09,Remo con barra,2,6,21.0,Normal
7683,2025-08-01,Peso muerto,4,14,53.0,Pesado
7684,2026-07-08,Sentadilla búlgara,2,9,43.5,Buen estímulo
7685,2025-09-13,Press de banca,2,15,90.5,Pesado
7686,2025-12-19,Hip thrust,3,8,28.5,Pesado
7687,2025-12-15,Sentadilla,4,9,64.0,Normal
7688,2026-04-05,Remo con barra,5,15,78.0,Buena técnica
7689,2025-09-09,Curl de bíceps,1,9,116.0,Normal
7690,2026-03-09,Remo con barra,3,11,73.0,Fácil
7691,2025-08-12,Dominadas lastradas,2,2,123.0,RPE 8
7692,2026-06-21,Press de banca,4,15,16.5,Fallo cerca
7693,2026-06-14,Press de banca,2,11,84.0,Fácil
7694,2026-02-04,Press de banca,1,7,45.0,Fácil
7695,2025-11-13,Dominadas lastradas,3,9,120.0,RPE 8
7696,2025-08-14,Sentadilla,5,14,76.5,Fallo cerca
7697,2025-12-16,Sentadilla búlgara,2,5,27.0,Normal
7698,2026-06-17,Sentadilla,5,6,140.5,Pesado
7699,2025-11-03,Press francés,3,10,82.5,Buen estímulo
7700,2026-04-21,Press militar,5,4,11.5,Normal
7701,2025-09-22,Press militar,2,6,19.5,RPE 9
7702,2026-07-06,Press francés,5,1,81.5,Fallo cerca
7703,2026-02-20,Press militar,5,10,26.5,Normal
7704,2026-04-07,Curl de bíceps,1,14,112.5,Buena técnica
7705,2026-06-09,Fondos lastrados,3,14,149.5,RPE 9
7706,2026-01-26,Press militar,3,7,149.0,Buen estímulo
7707,2026-06-04,Sentadilla,1,4,17.0,RPE 8
7708,2025-11-21,Peso muerto,5,3,63.0,RPE 9
7709,2025-10-07,Press francés,4,7,141.0,Fácil
7710,2025-10-17,Elevaciones laterales,3,7,71.5,Pesado
7711,2026-05-18,Elevaciones laterales,2,10,55.0,Buena técnica
7712,2026-04-13,Peso muerto,1,12,93.5,Buen estímulo
7713,2025-08-08,Hip thrust,1,14,105.5,RPE 8
7714,2026-04-27,Remo con barra,5,6,68.0,RPE 8
7715,2026-05-18,Remo con barra,2,11,150.0,RPE 9
7716,2026-04-20,Elevaciones laterales,5,10,21.5,Pesado
7717,2025-09-17,Curl de bíceps,1,11,148.5,Buena técnica
7718,2025-09-27,Press francés,2,4,84.5,RPE 9
7719,2026-05-28,Remo con barra,5,5,130.0,Fácil
7720,2026-03-25,Fondos lastrados,5,5,15.0,Buena técnica
7721,2026-05-02,Press militar,1,10,71.5,Normal
7722,2025-09-13,Peso muerto,5,15,47.0,Buen estímulo
7723,2025-12-12,Sentadilla búlgara,3,7,89.0,Buena técnica
7724,2026-05-24,Sentadilla,2,2,132.0,Normal
7725,2025-11-01,Press militar,2,12,38.5,Buen estímulo
7726,2025-08-29,Hip thrust,2,11,56.0,Fallo cerca
7727,2026-01-02,Press francés,4,11,14.0,RPE 9
7728,2026-03-30,Press militar,4,8,88.5,Buen estímulo
7729,2026-06-05,Sentadilla,5,11,67.0,Pesado
7730,2026-03-15,Remo con barra,4,12,93.5,Pesado
7731,2026-06-30,Elevaciones laterales,4,2,147.0,Buena técnica
7732,2025-11-15,Hip thrust,1,3,27.5,Normal
7733,2026-01-25,Press de banca,3,12,13.0,RPE 8
7734,2026-06-22,Press de banca,2,7,27.5,RPE 8
7735,2026-02-05,Press militar,4,2,76.0,Pesado
7736,2025-08-06,Peso muerto,1,3,42.0,Buena técnica
7737,2026-07-11,Curl de bíceps,5,13,79.0,Fallo cerca
7738,2026-07-17,Hip thrust,4,12,139.5,Fácil
7739,2025-10-17,Hip thrust,1,7,69.5,Fácil
7740,2025-08-01,Sentadilla,2,2,78.5,Fácil
7741,2026-01-07,Elevaciones laterales,3,9,134.0,Fallo cerca
7742,2025-08-17,Peso muerto,1,6,56.0,Buena técnica
7743,2025-09-07,Hip thrust,4,11,46.0,Pesado
7744,2026-05-13,Peso muerto,4,3,54.0,Normal
7745,2025-11-13,Remo con barra,5,13,109.5,Buena técnica
7746,2026-01-17,Peso muerto,5,1,12.5,Fácil
7747,2026-05-10,Hip thrust,2,4,148.5,Buen estímulo
7748,2025-08-23,Press de banca,3,13,71.0,Buen estímulo
7749,2025-11-03,Fondos lastrados,3,3,42.0,Pesado
7750,2026-03-13,Dominadas lastradas,4,1,59.0,Fallo cerca
7751,2026-03-21,Elevaciones laterales,4,4,150.0,RPE 9
7752,2025-08-20,Remo con barra,1,12,45.0,Pesado
7753,2026-04-08,Press francés,4,4,24.0,Buena técnica
7754,2026-02-24,Press de banca,3,2,84.0,Normal
7755,2026-02-27,Sentadilla,2,1,78.0,Fallo cerca
7756,2025-12-20,Peso muerto,5,9,29.5,RPE 8
7757,2026-04-05,Press de banca,1,2,31.0,Fácil
7758,2026-05-18,Press militar,2,14,121.0,Buena técnica
7759,2025-07-23,Fondos lastrados,5,5,41.0,Buen estímulo
7760,2026-03-30,Remo con barra,4,14,63.0,RPE 9
7761,2026-07-03,Hip thrust,4,10,98.0,RPE 9
7762,2026-06-19,Sentadilla,1,11,120.0,Fácil
7763,2026-03-27,Dominadas lastradas,4,11,137.5,RPE 8
7764,2026-06-10,Press de banca,1,6,83.0,Pesado
7765,2026-06-20,Fondos lastrados,5,12,90.0,RPE 8
7766,2025-09-01,Fondos lastrados,4,2,79.0,Buena técnica
7767,2025-11-10,Remo con barra,3,1,86.5,Fallo cerca
7768,2026-05-20,Press de banca,5,6,105.5,RPE 8
7769,2026-06-21,Sentadilla búlgara,3,12,87.0,Fallo cerca
7770,2026-05-10,Press francés,1,10,112.0,Normal
7771,2025-10-01,Peso muerto,1,3,42.5,RPE 9
7772,2026-03-11,Peso muerto,2,3,145.0,RPE 9
7773,2026-06-11,Sentadilla,2,13,48.0,Pesado
7774,2026-02-28,Hip thrust,1,10,59.0,Fallo cerca
7775,2026-03-28,Sentadilla,4,11,83.0,Pesado
7776,2025-10-16,Press de banca,1,11,69.0,RPE 9
7777,2026-02-06,Press de banca,3,4,69.5,Buena técnica
7778,2025-11-20,Curl de bíceps,5,8,122.5,Fallo cerca
7779,2025-09-07,Sentadilla búlgara,4,10,123.5,RPE 9
7780,2025-10-16,Press francés,3,12,73.5,Fácil
7781,2025-08-08,Elevaciones laterales,4,10,70.5,Buen estímulo
7782,2025-08-08,Press militar,5,5,54.5,Buen estímulo
7783,2025-12-13,Hip thrust,4,2,135.5,Buena técnica
7784,2026-02-07,Hip thrust,3,12,107.5,RPE 8
7785,2026-03-17,Remo con barra,3,1,99.5,RPE 9
7786,2025-10-03,Hip thrust,1,7,94.0,RPE 8
7787,2025-10-17,Curl de bíceps,2,15,26.5,Pesado
7788,2025-09-15,Press francés,1,1,90.0,Buen estímulo
7789,2025-09-30,Press militar,5,13,79.0,Pesado
7790,2025-12-27,Press de banca,5,5,142.0,RPE 9
7791,2026-02-11,Press militar,1,8,144.5,Fácil
7792,2026-03-14,Sentadilla búlgara,5,2,104.5,Fallo cerca
7793,2025-10-18,Press militar,4,7,103.0,RPE 9
7794,2026-03-15,Press militar,4,4,30.5,Fallo cerca
7795,2025-08-26,Curl de bíceps,5,10,137.5,RPE 9
7796,2026-04-07,Press francés,2,5,61.0,Buen estímulo
7797,2026-04-01,Sentadilla búlgara,3,11,81.0,Fácil
7798,2025-12-11,Peso muerto,4,11,72.5,Buena técnica
7799,2025-08-04,Remo con barra,5,8,63.5,RPE 8
7800,2026-01-17,Hip thrust,2,13,14.0,Fallo cerca
7801,2026-03-07,Sentadilla búlgara,5,12,115.5,Buena técnica
7802,2026-01-28,Press francés,5,7,85.5,Pesado
7803,2026-03-17,Fondos lastrados,4,12,138.5,Fácil
7804,2026-02-03,Remo con barra,5,15,21.0,Pesado
7805,2026-04-18,Sentadilla,1,4,126.0,Fácil
7806,2026-05-26,Press militar,4,7,12.5,Fácil
7807,2026-04-06,Dominadas lastradas,2,1,148.5,RPE 8
7808,2025-07-26,Peso muerto,3,11,137.5,Pesado
7809,2026-04-18,Curl de bíceps,4,15,111.5,Normal
7810,2025-08-17,Remo con barra,4,15,148.0,Fallo cerca
7811,2025-08-21,Hip thrust,1,9,104.0,Buena técnica
7812,2025-09-24,Remo con barra,1,4,52.5,Pesado
7813,2025-07-30,Press de banca,5,3,39.0,Fallo cerca
7814,2026-06-07,Press militar,2,1,127.5,RPE 9
7815,2025-08-15,Curl de bíceps,1,9,63.5,Buen estímulo
7816,2026-06-10,Remo con barra,3,4,130.5,RPE 9
7817,2026-07-13,Press francés,1,14,79.5,Pesado
7818,2026-03-03,Fondos lastrados,5,1,121.5,RPE 9
7819,2026-04-03,Curl de bíceps,5,8,136.0,Pesado
7820,2025-11-09,Hip thrust,5,4,139.5,Fácil
7821,2026-04-26,Press de banca,5,15,62.5,Pesado
7822,2026-04-24,Sentadilla búlgara,5,6,144.0,Fácil
7823,2025-11-06,Peso muerto,2,12,106.5,RPE 8
7824,2026-03-26,Sentadilla,3,12,52.5,Normal
7825,2026-01-13,Sentadilla búlgara,5,9,144.0,Fallo cerca
7826,2025-08-08,Curl de bíceps,2,11,33.5,Pesado
7827,2026-04-29,Press militar,5,11,35.0,Fácil
7828,2025-11-23,Dominadas lastradas,5,11,34.5,Fácil
7829,2025-12-13,Remo con barra,4,9,12.5,Buen estímulo
7830,2025-12-04,Fondos lastrados,4,9,134.5,Fácil
7831,2026-03-06,Elevaciones laterales,1,10,141.5,Fácil
7832,2026-04-26,Remo con barra,1,8,26.0,Fácil
7833,2025-10-31,Sentadilla,3,15,104.5,Pesado
7834,2026-02-16,Curl de bíceps,4,12,122.5,Pesado
7835,2026-01-14,Remo con barra,2,14,124.0,RPE 9
7836,2026-03-01,Press de banca,4,1,53.0,Fácil
7837,2025-09-17,Hip thrust,2,12,135.0,Normal
7838,2026-07-05,Sentadilla búlgara,2,8,120.0,RPE 8
7839,2025-07-19,Press de banca,1,9,115.5,Buena técnica
7840,2025-11-03,Press de banca,1,4,55.5,Buena técnica
7841,2025-07-20,Dominadas lastradas,5,8,80.5,Buena técnica
7842,2025-09-25,Press de banca,1,9,110.0,Fácil
7843,2026-05-28,Elevaciones laterales,4,12,70.5,RPE 9
7844,2025-07-25,Hip thrust,5,10,144.5,Fallo cerca
7845,2026-06-10,Hip thrust,2,3,147.0,Buena técnica
7846,2026-05-01,Press francés,2,5,117.0,Pesado
7847,2026-03-05,Press francés,3,12,55.0,RPE 9
7848,2026-05-29,Remo con barra,3,12,75.5,RPE 8
7849,2025-07-21,Curl de bíceps,1,3,147.5,RPE 9
7850,2026-01-10,Press de banca,2,10,115.0,Fallo cerca
7851,2026-03-22,Press militar,4,8,148.0,Pesado
7852,2025-11-29,Fondos lastrados,2,7,36.5,RPE 8
7853,2026-02-26,Press francés,5,3,117.5,Buen estímulo
7854,2025-12-29,Remo con barra,5,4,75.5,Buen estímulo
7855,2026-04-24,Curl de bíceps,2,9,67.0,Pesado
7856,2025-08-25,Fondos lastrados,2,3,101.5,RPE 9
7857,2026-02-22,Dominadas lastradas,1,10,46.0,Normal
7858,2025-12-30,Sentadilla búlgara,2,15,63.5,Normal
7859,2026-01-04,Curl de bíceps,1,5,144.0,Normal
7860,2025-11-18,Press militar,1,13,13.5,Pesado
7861,2026-01-18,Press de banca,2,8,101.0,Normal
7862,2026-01-13,Hip thrust,1,13,71.5,Normal
7863,2025-09-22,Fondos lastrados,3,13,64.5,Buena técnica
7864,2025-12-30,Press de banca,4,3,28.0,Pesado
7865,2026-01-18,Fondos lastrados,2,3,111.5,Fácil
7866,2026-06-03,Press de banca,4,3,143.5,Buena técnica
7867,2025-11-24,Press francés,3,8,21.5,Normal
7868,2026-05-14,Dominadas lastradas,4,8,139.5,RPE 9
7869,2026-02-07,Elevaciones laterales,4,15,54.5,Pesado
7870,2026-01-24,Elevaciones laterales,4,5,85.5,Buena técnica
7871,2025-08-22,Peso muerto,2,6,113.0,Pesado
7872,2025-12-06,Sentadilla,2,15,71.0,Fallo cerca
7873,2025-10-10,Sentadilla,5,5,21.5,Pesado
7874,2025-09-18,Elevaciones laterales,5,1,98.0,Buena técnica
7875,2025-10-06,Elevaciones laterales,4,10,114.5,RPE 8
7876,2025-08-29,Press francés,1,8,63.0,RPE 8
7877,2025-11-08,Fondos lastrados,4,11,33.0,RPE 8
7878,2026-05-23,Press francés,4,2,131.0,RPE 8
7879,2025-07-21,Elevaciones laterales,1,11,93.5,Buena técnica
7880,2025-12-29,Press francés,4,4,37.0,Buena técnica
7881,2025-08-16,Curl de bíceps,5,9,68.0,Pesado
7882,2025-08-26,Peso muerto,3,13,89.0,Fácil
7883,2026-03-26,Sentadilla búlgara,5,11,33.0,RPE 9
7884,2026-05-04,Sentadilla,2,3,74.5,Pesado
7885,2026-03-21,Dominadas lastradas,5,13,47.0,RPE 8
7886,2026-04-21,Sentadilla búlgara,4,13,54.0,Fallo cerca
7887,2026-05-28,Remo con barra,2,6,146.5,RPE 9
7888,2026-04-05,Press militar,5,13,108.5,Buen estímulo
7889,2025-11-04,Fondos lastrados,2,14,117.5,Fácil
7890,2026-05-04,Remo con barra,1,8,120.0,RPE 9
7891,2025-12-26,Hip thrust,3,8,27.0,RPE 9
7892,2026-05-03,Sentadilla búlgara,4,3,38.0,Buen estímulo
7893,2025-08-11,Hip thrust,2,9,116.5,Fallo cerca
7894,2026-02-10,Press de banca,3,15,90.0,Buen estímulo
7895,2025-10-27,Elevaciones laterales,1,4,77.0,Pesado
7896,2025-10-25,Press de banca,4,6,115.0,RPE 9
7897,2025-08-27,Remo con barra,3,2,12.0,Fallo cerca
7898,2026-03-28,Press militar,1,2,71.0,Fallo cerca
7899,2025-09-16,Press de banca,4,13,69.0,Fácil
7900,2026-05-05,Fondos lastrados,5,11,132.0,RPE 9
7901,2025-12-08,Peso muerto,2,6,16.0,Buen estímulo
7902,2026-02-18,Elevaciones laterales,2,3,127.5,Fácil
7903,2025-12-01,Press de banca,3,2,140.0,Buena técnica
7904,2026-05-20,Curl de bíceps,1,2,54.5,Buena técnica
7905,2025-09-05,Press francés,1,7,69.5,Fácil
7906,2025-08-06,Sentadilla búlgara,1,10,146.0,Pesado
7907,2026-01-31,Press militar,2,14,106.0,Pesado
7908,2026-03-03,Press francés,5,3,73.5,Normal
7909,2025-10-21,Elevaciones laterales,3,2,32.0,Pesado
7910,2025-10-13,Hip thrust,5,7,21.5,RPE 9
7911,2026-04-16,Press francés,2,6,122.0,Buen estímulo
7912,2026-04-04,Fondos lastrados,2,9,78.5,Buena técnica
7913,2025-10-17,Hip thrust,4,1,85.0,Normal
7914,2025-08-15,Press francés,4,5,132.0,Pesado
7915,2025-11-22,Fondos lastrados,3,3,132.0,RPE 9
7916,2026-04-19,Remo con barra,2,5,110.0,RPE 8
7917,2026-06-25,Peso muerto,5,4,43.5,RPE 9
7918,2026-01-09,Sentadilla búlgara,3,4,137.0,RPE 8
7919,2025-12-24,Press militar,4,5,23.5,Fácil
7920,2026-06-29,Remo con barra,5,9,69.0,Fácil
7921,2026-03-06,Press militar,1,1,147.0,RPE 9
7922,2026-06-17,Press de banca,3,5,121.5,Fallo cerca
7923,2026-02-03,Hip thrust,1,4,110.5,Fácil
7924,2025-09-16,Fondos lastrados,4,11,84.5,Buena técnica
7925,2025-09-21,Press francés,3,8,129.0,RPE 9
7926,2025-10-20,Dominadas lastradas,4,3,91.0,Buena técnica
7927,2026-01-06,Fondos lastrados,4,8,140.5,Fácil
7928,2025-09-02,Dominadas lastradas,3,14,133.5,Pesado
7929,2026-01-09,Dominadas lastradas,2,11,80.0,Buen estímulo
7930,2025-12-20,Hip thrust,2,11,43.0,RPE 8
7931,2026-02-11,Press de banca,1,11,61.0,Normal
7932,2026-01-25,Dominadas lastradas,1,2,74.5,Fácil
7933,2026-03-12,Sentadilla búlgara,1,1,30.5,Fallo cerca
7934,2026-03-07,Remo con barra,4,4,13.5,Buena técnica
7935,2025-09-18,Press francés,5,11,108.5,Fallo cerca
7936,2026-01-03,Press militar,3,7,13.5,RPE 8
7937,2026-03-02,Remo con barra,3,9,44.0,RPE 8
7938,2026-03-25,Curl de bíceps,1,13,16.0,RPE 9
7939,2025-10-22,Curl de bíceps,3,3,40.0,Normal
7940,2026-02-07,Press de banca,5,9,101.0,Buena técnica
7941,2026-04-05,Press militar,1,15,110.5,Normal
7942,2026-02-01,Dominadas lastradas,2,1,143.5,Normal
7943,2026-05-30,Dominadas lastradas,2,7,141.0,RPE 8
7944,2026-05-21,Press militar,4,4,22.0,Pesado
7945,2026-01-26,Peso muerto,5,12,80.5,RPE 9
7946,2025-11-06,Remo con barra,1,13,129.5,Fácil
7947,2026-02-16,Press militar,4,10,23.0,Buen estímulo
7948,2025-09-20,Press militar,5,1,28.0,RPE 9
7949,2025-11-24,Peso muerto,3,15,98.0,RPE 9
7950,2026-04-10,Sentadilla búlgara,5,9,67.5,Buen estímulo
7951,2026-01-13,Remo con barra,5,5,139.0,RPE 8
7952,2026-07-01,Curl de bíceps,1,6,55.5,RPE 8
7953,2026-03-28,Curl de bíceps,1,12,149.5,RPE 8
7954,2026-03-29,Remo con barra,1,3,147.0,RPE 9
7955,2026-05-06,Fondos lastrados,4,1,108.0,Buena técnica
7956,2025-08-13,Hip thrust,3,6,89.5,Fácil
7957,2025-11-26,Dominadas lastradas,5,13,146.0,Fácil
7958,2026-05-30,Press de banca,3,2,94.0,Fácil
7959,2025-11-05,Sentadilla,5,9,105.0,Fallo cerca
7960,2025-11-11,Press francés,2,4,104.5,Buen estímulo
7961,2026-02-10,Peso muerto,4,8,47.5,Buen estímulo
7962,2026-05-12,Sentadilla búlgara,1,13,109.0,Fallo cerca
7963,2026-06-13,Dominadas lastradas,3,8,76.0,Normal
7964,2025-09-24,Press francés,5,10,86.5,Fácil
7965,2025-08-31,Hip thrust,1,4,78.5,Fallo cerca
7966,2026-04-08,Peso muerto,3,3,53.5,Normal
7967,2025-11-02,Sentadilla búlgara,1,5,55.5,Buen estímulo
7968,2026-05-22,Sentadilla búlgara,2,14,35.0,Pesado
7969,2025-12-03,Curl de bíceps,5,7,136.5,Pesado
7970,2025-07-20,Press francés,2,14,82.5,Pesado
7971,2026-06-28,Sentadilla,5,3,134.0,RPE 8
7972,2026-06-07,Peso muerto,5,10,111.5,Fácil
7973,2025-07-23,Peso muerto,3,9,117.0,Pesado
7974,2026-02-18,Curl de bíceps,2,1,108.5,Fallo cerca
7975,2025-10-01,Press militar,5,9,84.5,RPE 8
7976,2026-05-27,Press francés,2,13,105.5,Normal
7977,2025-09-09,Fondos lastrados,3,6,49.0,Pesado
7978,2026-04-14,Press de banca,2,10,30.5,Fácil
7979,2025-11-02,Press de banca,3,9,25.5,Buen estímulo
7980,2026-05-26,Peso muerto,4,10,105.0,RPE 9
7981,2025-10-10,Sentadilla,2,7,135.5,Normal
7982,2025-08-18,Press de banca,3,11,143.5,Fallo cerca
7983,2025-10-09,Elevaciones laterales,3,14,49.5,Normal
7984,2026-01-04,Press de banca,2,6,62.0,Fallo cerca
7985,2025-08-09,Remo con barra,3,11,91.5,Fácil
7986,2026-02-21,Dominadas lastradas,3,5,46.0,Pesado
7987,2026-05-25,Remo con barra,2,13,84.5,Fácil
7988,2026-03-26,Press militar,5,15,113.0,Buen estímulo
7989,2025-10-30,Press francés,2,14,68.0,RPE 8
7990,2026-05-25,Hip thrust,2,6,42.0,Buena técnica
7991,2026-07-18,Press militar,4,3,100.5,Buena técnica
7992,2026-01-10,Sentadilla búlgara,1,12,99.0,Normal
7993,2026-03-25,Press de banca,2,6,47.0,Normal
7994,2026-01-01,Press de banca,3,6,82.5,Buena técnica
7995,2026-04-25,Peso muerto,3,13,66.5,Normal
7996,2026-03-31,Dominadas lastradas,3,2,71.0,Pesado
7997,2026-06-04,Remo con barra,4,11,69.0,Buena técnica
7998,2026-06-15,Hip thrust,3,6,21.5,Fallo cerca
7999,2026-02-11,Elevaciones laterales,4,4,63.5,Buen estímulo
8000,2026-05-26,Curl de bíceps,5,13,80.0,Pesado
8001,2026-02-07,Sentadilla,5,3,117.0,Normal
8002,2025-09-20,Press francés,4,10,90.5,Buen estímulo
8003,2025-09-15,Dominadas lastradas,3,8,147.5,Pesado
8004,2026-02-22,Dominadas lastradas,3,4,48.0,Buena técnica
8005,2026-04-22,Elevaciones laterales,4,4,42.5,Fácil
8006,2026-04-11,Dominadas lastradas,4,6,103.0,Buena técnica
8007,2026-05-17,Elevaciones laterales,5,6,33.5,Normal
8008,2025-08-23,Sentadilla búlgara,1,6,82.0,RPE 9
8009,2026-06-06,Remo con barra,5,3,95.5,Normal
8010,2026-02-19,Fondos lastrados,2,14,141.5,Buen estímulo
8011,2025-07-24,Remo con barra,1,7,51.5,RPE 8
8012,2026-06-03,Press francés,2,12,108.5,Buen estímulo
8013,2025-12-15,Sentadilla búlgara,5,8,12.5,Buen estímulo
8014,2026-07-03,Remo con barra,2,5,114.5,Normal
8015,2026-02-16,Dominadas lastradas,1,2,43.0,Pesado
8016,2025-07-22,Sentadilla búlgara,4,15,119.5,Buena técnica
8017,2026-03-08,Elevaciones laterales,1,4,48.0,RPE 9
8018,2026-06-26,Curl de bíceps,5,14,37.0,Pesado
8019,2025-08-21,Elevaciones laterales,1,2,45.0,Normal
8020,2025-08-08,Sentadilla búlgara,3,6,19.5,Normal
8021,2025-12-27,Press militar,3,5,105.0,Normal
8022,2025-08-22,Dominadas lastradas,2,9,111.5,Pesado
8023,2026-05-15,Sentadilla,5,6,107.0,RPE 9
8024,2025-08-09,Press militar,5,6,26.0,Pesado
8025,2025-10-28,Press de banca,3,3,85.5,Buen estímulo
8026,2026-06-25,Peso muerto,1,13,13.0,Fácil
8027,2025-10-17,Press de banca,5,8,25.5,Buena técnica
8028,2025-10-08,Elevaciones laterales,4,14,74.5,Pesado
8029,2025-09-11,Remo con barra,4,14,112.5,Fallo cerca
8030,2025-12-10,Sentadilla,2,9,126.0,Buena técnica
8031,2026-01-12,Sentadilla búlgara,3,2,115.5,RPE 9
8032,2026-05-11,Elevaciones laterales,5,5,91.0,Fácil
8033,2026-01-26,Curl de bíceps,2,9,138.0,RPE 9
8034,2026-04-09,Peso muerto,2,6,148.5,Pesado
8035,2026-05-06,Press militar,1,9,100.5,Buena técnica
8036,2026-05-08,Dominadas lastradas,1,13,39.5,RPE 8
8037,2026-02-22,Curl de bíceps,5,14,99.5,Fácil
8038,2026-02-11,Elevaciones laterales,2,11,73.5,Buena técnica
8039,2026-03-15,Press de banca,3,4,122.0,Fácil
8040,2025-10-27,Sentadilla búlgara,4,1,17.5,Fácil
8041,2025-10-13,Fondos lastrados,1,9,140.0,RPE 9
8042,2026-02-09,Remo con barra,4,6,49.0,Normal
8043,2025-11-27,Peso muerto,5,13,148.5,Buen estímulo
8044,2025-10-07,Remo con barra,4,4,19.5,Fallo cerca
8045,2026-07-08,Press francés,4,6,122.0,Pesado
8046,2026-03-02,Hip thrust,2,8,43.0,Fallo cerca
8047,2025-12-24,Peso muerto,5,13,112.5,Fácil
8048,2026-06-16,Curl de bíceps,1,4,109.5,Fallo cerca
8049,2025-11-29,Sentadilla,4,3,39.5,Buen estímulo
8050,2026-01-15,Sentadilla búlgara,1,2,75.5,Fácil
8051,2025-09-03,Sentadilla,3,13,92.5,Pesado
8052,2025-11-30,Peso muerto,2,9,72.0,Pesado
8053,2026-05-01,Dominadas lastradas,5,1,23.0,Buen estímulo
8054,2026-06-20,Elevaciones laterales,3,7,73.5,RPE 8
8055,2025-09-17,Remo con barra,4,11,13.0,RPE 8
8056,2026-01-08,Press de banca,2,1,28.5,Normal
8057,2026-06-01,Fondos lastrados,4,15,95.0,Fácil
8058,2026-04-09,Elevaciones laterales,3,3,111.0,Buena técnica
8059,2026-04-06,Curl de bíceps,5,1,22.0,Fallo cerca
8060,2025-08-17,Fondos lastrados,5,2,80.0,RPE 8
8061,2026-06-19,Press de banca,2,15,113.0,RPE 9
8062,2026-04-27,Sentadilla,2,2,134.0,Buen estímulo
8063,2026-05-09,Elevaciones laterales,5,1,66.5,Buen estímulo
8064,2025-11-17,Sentadilla búlgara,2,7,49.5,Normal
8065,2025-09-26,Fondos lastrados,3,4,29.5,Normal
8066,2025-09-03,Sentadilla,1,5,58.0,Normal
8067,2025-09-25,Sentadilla,4,3,49.0,RPE 8
8068,2026-03-29,Press de banca,5,6,97.5,Normal
8069,2025-10-02,Dominadas lastradas,4,5,45.5,Normal
8070,2025-12-29,Press militar,3,9,132.5,Buena técnica
8071,2026-07-16,Dominadas lastradas,4,9,78.5,Pesado
8072,2026-04-04,Dominadas lastradas,3,9,44.0,Buen estímulo
8073,2026-07-01,Sentadilla búlgara,4,2,144.0,Normal
8074,2025-11-30,Press francés,2,13,95.5,Normal
8075,2026-06-04,Peso muerto,5,1,150.0,Fallo cerca
8076,2025-12-22,Curl de bíceps,5,7,119.0,Normal
8077,2025-11-02,Dominadas lastradas,5,12,15.0,Pesado
8078,2025-08-08,Dominadas lastradas,4,7,102.0,RPE 8
8079,2026-05-27,Remo con barra,3,3,75.0,Buen estímulo
8080,2026-04-12,Curl de bíceps,4,6,125.0,Normal
8081,2026-05-29,Sentadilla búlgara,5,7,94.5,Buena técnica
8082,2025-11-03,Dominadas lastradas,5,7,112.5,Buena técnica
8083,2025-08-14,Press de banca,4,12,83.0,Buena técnica
8084,2026-04-26,Remo con barra,4,5,84.5,RPE 9
8085,2026-03-14,Remo con barra,4,4,128.0,RPE 8
8086,2026-05-31,Fondos lastrados,4,6,57.0,RPE 8
8087,2025-12-26,Press francés,3,12,10.0,RPE 8
8088,2025-08-13,Remo con barra,2,6,95.0,Buena técnica
8089,2025-11-11,Dominadas lastradas,2,1,53.0,Buena técnica
8090,2025-11-01,Curl de bíceps,2,11,110.5,Buena técnica
8091,2025-11-15,Curl de bíceps,3,9,61.5,Fallo cerca
8092,2026-03-23,Press militar,1,3,75.5,Normal
8093,2025-08-22,Peso muerto,4,4,63.5,RPE 8
8094,2026-06-16,Sentadilla búlgara,3,7,80.5,Pesado
8095,2026-01-10,Press de banca,5,13,38.5,Fallo cerca
8096,2025-07-26,Press de banca,1,15,94.5,Buena técnica
8097,2025-09-11,Elevaciones laterales,3,2,101.5,Buena técnica
8098,2025-09-11,Sentadilla,3,3,67.5,Fácil
8099,2026-01-14,Fondos lastrados,3,6,73.5,Buen estímulo
8100,2025-09-17,Sentadilla,5,11,131.0,Pesado
8101,2025-10-04,Dominadas lastradas,4,11,28.0,Buen estímulo
8102,2026-03-11,Hip thrust,5,6,132.5,Buena técnica
8103,2025-08-25,Sentadilla,4,2,56.5,Buena técnica
8104,2025-07-23,Peso muerto,5,6,71.0,RPE 9
8105,2025-10-08,Dominadas lastradas,2,3,44.0,Buen estímulo
8106,2026-05-29,Remo con barra,5,6,120.5,Fácil
8107,2026-04-21,Dominadas lastradas,2,2,96.5,RPE 8
8108,2026-02-26,Fondos lastrados,3,14,95.0,Buena técnica
8109,2026-01-11,Fondos lastrados,2,10,55.0,Normal
8110,2026-01-08,Sentadilla búlgara,4,12,71.5,Pesado
8111,2025-09-23,Sentadilla,1,13,82.5,Normal
8112,2025-07-23,Fondos lastrados,4,9,100.0,RPE 8
8113,2026-06-08,Dominadas lastradas,3,2,79.5,RPE 9
8114,2025-10-15,Press militar,2,15,114.0,Buena técnica
8115,2026-06-05,Hip thrust,1,1,16.0,RPE 8
8116,2026-02-16,Fondos lastrados,4,8,128.0,RPE 9
8117,2025-07-23,Sentadilla,1,2,71.0,Buena técnica
8118,2026-01-25,Dominadas lastradas,2,5,115.5,Buena técnica
8119,2025-12-27,Hip thrust,3,15,92.0,Pesado
8120,2026-02-01,Press de banca,3,5,52.5,Normal
8121,2026-07-09,Curl de bíceps,4,10,42.5,Buen estímulo
8122,2025-12-10,Fondos lastrados,4,10,110.5,Pesado
8123,2026-06-11,Press militar,4,4,128.0,Fácil
8124,2026-04-19,Fondos lastrados,4,1,118.0,Fallo cerca
8125,2025-07-22,Dominadas lastradas,5,4,62.5,RPE 9
8126,2026-05-30,Fondos lastrados,4,2,35.5,Pesado
8127,2026-05-27,Curl de bíceps,4,15,145.5,Buena técnica
8128,2026-01-25,Peso muerto,1,13,139.0,Buen estímulo
8129,2025-11-23,Remo con barra,5,1,100.0,Fallo cerca
8130,2026-07-12,Hip thrust,4,13,92.5,Buen estímulo
8131,2026-07-04,Sentadilla,4,2,117.0,Normal
8132,2026-05-25,Press de banca,2,1,62.0,RPE 8
8133,2025-08-16,Press de banca,1,15,89.0,Normal
8134,2025-12-18,Hip thrust,1,15,85.0,Buena técnica
8135,2025-10-11,Press francés,2,9,71.0,Fallo cerca
8136,2025-12-21,Fondos lastrados,4,5,22.5,Fácil
8137,2026-06-19,Fondos lastrados,5,11,108.0,Fácil
8138,2025-07-31,Press francés,1,5,61.0,Buena técnica
8139,2025-10-22,Press francés,1,3,62.0,Buen estímulo
8140,2026-04-20,Sentadilla búlgara,2,5,23.0,RPE 8
8141,2025-10-01,Sentadilla búlgara,4,13,125.0,Fácil
8142,2026-02-17,Remo con barra,1,9,81.0,Buena técnica
8143,2026-06-22,Dominadas lastradas,1,8,70.0,RPE 9
8144,2026-02-27,Press francés,5,14,22.0,RPE 8
8145,2025-07-27,Press militar,2,15,116.5,Fácil
8146,2026-05-31,Sentadilla búlgara,4,6,121.0,Buena técnica
8147,2026-04-06,Press militar,5,9,24.0,RPE 8
8148,2025-07-25,Dominadas lastradas,1,5,43.0,Pesado
8149,2026-07-17,Remo con barra,1,11,44.0,Fallo cerca
8150,2025-11-23,Hip thrust,1,8,134.5,Fallo cerca
8151,2025-12-21,Press militar,1,15,51.0,Fácil
8152,2026-01-14,Press de banca,4,15,109.5,Buena técnica
8153,2026-06-26,Press francés,3,6,134.5,Buen estímulo
8154,2025-10-01,Curl de bíceps,4,3,105.5,RPE 9
8155,2026-04-28,Curl de bíceps,2,12,139.5,Buena técnica
8156,2025-10-12,Press de banca,5,11,11.0,Fallo cerca
8157,2025-09-12,Elevaciones laterales,1,15,46.0,Buena técnica
8158,2026-07-05,Elevaciones laterales,5,3,105.5,RPE 8
8159,2026-01-30,Fondos lastrados,3,12,101.0,Pesado
8160,2025-10-23,Elevaciones laterales,5,13,85.5,Pesado
8161,2026-07-05,Press francés,4,15,136.5,Buen estímulo
8162,2026-07-06,Press militar,2,11,82.0,RPE 9
8163,2025-11-18,Press francés,3,10,109.5,Buena técnica
8164,2026-04-02,Hip thrust,5,7,137.0,Buen estímulo
8165,2025-12-14,Elevaciones laterales,5,4,57.0,RPE 8
8166,2025-08-27,Press militar,3,8,64.0,RPE 8
8167,2026-04-17,Press de banca,3,13,126.0,Normal
8168,2026-04-10,Sentadilla,2,7,43.5,Normal
8169,2025-11-08,Hip thrust,2,13,114.0,RPE 9
8170,2025-09-03,Press francés,3,2,110.0,RPE 8
8171,2026-02-19,Press de banca,5,2,48.5,RPE 8
8172,2025-07-26,Press militar,3,1,125.5,Buen estímulo
8173,2026-04-30,Press militar,2,9,31.5,Fallo cerca
8174,2025-08-07,Press militar,5,13,147.5,Buen estímulo
8175,2026-02-02,Sentadilla búlgara,5,14,85.0,RPE 8
8176,2025-08-16,Elevaciones laterales,4,14,110.0,Pesado
8177,2025-11-28,Sentadilla búlgara,5,9,135.5,RPE 9
8178,2026-07-16,Curl de bíceps,4,14,103.5,RPE 9
8179,2026-05-04,Elevaciones laterales,1,4,83.0,Buena técnica
8180,2025-09-13,Press francés,3,13,140.0,Pesado
8181,2026-01-13,Hip thrust,5,7,98.0,Normal
8182,2026-02-16,Hip thrust,4,2,146.0,Buen estímulo
8183,2026-05-01,Press militar,1,14,48.5,RPE 9
8184,2025-11-26,Curl de bíceps,5,10,54.5,RPE 9
8185,2025-09-10,Press francés,3,5,127.5,Fácil
8186,2025-08-25,Remo con barra,1,10,148.5,Fácil
8187,2025-11-13,Curl de bíceps,1,10,86.5,Buena técnica
8188,2025-10-15,Elevaciones laterales,4,7,117.0,RPE 8
8189,2026-04-25,Fondos lastrados,3,6,36.0,Normal
8190,2026-05-31,Peso muerto,5,3,73.0,Buen estímulo
8191,2026-05-16,Press francés,4,8,88.5,Pesado
8192,2025-09-26,Press militar,5,15,63.5,Fácil
8193,2025-10-15,Remo con barra,3,2,33.5,RPE 9
8194,2026-02-05,Curl de bíceps,1,7,18.0,Normal
8195,2026-05-19,Elevaciones laterales,2,12,130.0,Buena técnica
8196,2026-04-25,Dominadas lastradas,1,4,63.0,RPE 9
8197,2025-11-23,Hip thrust,2,10,29.5,Buena técnica
8198,2025-08-31,Hip thrust,1,14,51.0,Fallo cerca
8199,2026-05-20,Dominadas lastradas,2,4,94.0,Fallo cerca
8200,2025-09-12,Elevaciones laterales,1,15,91.5,Pesado
8201,2026-07-08,Remo con barra,1,6,23.0,Fallo cerca
8202,2025-09-30,Press militar,1,1,130.5,Buena técnica
8203,2026-03-31,Peso muerto,5,4,95.5,Buen estímulo
8204,2026-05-29,Press de banca,1,6,28.5,Fácil
8205,2025-10-28,Curl de bíceps,2,12,132.5,Fácil
8206,2025-11-09,Hip thrust,5,15,114.0,Buen estímulo
8207,2025-09-14,Remo con barra,3,14,127.0,Buena técnica
8208,2025-09-22,Press francés,2,8,105.0,Buen estímulo
8209,2025-12-09,Peso muerto,3,8,28.5,Buen estímulo
8210,2026-05-29,Remo con barra,1,8,19.5,Fácil
8211,2025-08-30,Elevaciones laterales,4,1,81.5,Buena técnica
8212,2025-12-04,Press de banca,4,10,130.0,Fallo cerca
8213,2026-06-30,Sentadilla búlgara,4,14,116.0,Fallo cerca
8214,2025-07-30,Press francés,2,5,34.0,RPE 8
8215,2026-06-14,Curl de bíceps,3,12,65.5,Fallo cerca
8216,2025-09-27,Hip thrust,3,5,27.5,Buen estímulo
8217,2026-02-27,Sentadilla búlgara,4,3,79.0,Normal
8218,2026-02-21,Dominadas lastradas,4,3,26.5,Fácil
8219,2025-08-02,Remo con barra,5,15,11.5,RPE 8
8220,2026-01-30,Curl de bíceps,3,3,14.0,RPE 9
8221,2026-02-23,Press de banca,4,3,21.5,Pesado
8222,2025-07-30,Remo con barra,2,2,112.5,RPE 9
8223,2025-12-22,Dominadas lastradas,3,14,58.5,Normal
8224,2026-06-10,Press francés,4,12,139.0,Fallo cerca
8225,2026-01-03,Press militar,2,10,37.5,Buen estímulo
8226,2026-02-08,Elevaciones laterales,2,13,146.0,Fallo cerca
8227,2026-05-28,Remo con barra,3,13,131.5,Pesado
8228,2025-08-09,Sentadilla,3,11,139.5,Fácil
8229,2025-11-05,Press de banca,2,14,146.5,Pesado
8230,2025-09-30,Hip thrust,2,5,84.5,Buen estímulo
8231,2026-06-05,Press de banca,1,5,18.5,RPE 8
8232,2026-02-27,Curl de bíceps,3,10,44.5,RPE 8
8233,2026-02-19,Dominadas lastradas,4,10,85.5,RPE 9
8234,2026-05-26,Hip thrust,5,2,129.5,Fallo cerca
8235,2025-08-25,Hip thrust,5,7,108.5,Buena técnica
8236,2025-11-20,Press de banca,4,7,94.5,Normal
8237,2025-11-02,Press militar,4,14,117.0,Buen estímulo
8238,2026-02-05,Remo con barra,4,2,104.5,RPE 9
8239,2026-02-25,Peso muerto,3,12,103.0,Pesado
8240,2026-07-07,Press francés,3,10,38.0,RPE 8
8241,2025-11-16,Sentadilla,5,3,111.0,RPE 8
8242,2026-05-20,Remo con barra,5,6,26.0,Buen estímulo
8243,2026-05-28,Press francés,1,5,136.0,Buena técnica
8244,2026-06-28,Hip thrust,1,7,24.5,Normal
8245,2025-08-30,Press de banca,5,12,51.5,Buen estímulo
8246,2025-11-20,Elevaciones laterales,4,13,96.5,RPE 9
8247,2026-05-27,Sentadilla,3,8,113.0,Fácil
8248,2026-06-26,Hip thrust,1,7,113.5,Fácil
8249,2025-12-09,Press militar,4,3,92.5,Buen estímulo
8250,2026-02-24,Press militar,2,11,68.0,Normal
8251,2026-03-29,Dominadas lastradas,1,13,81.5,Fácil
8252,2025-08-23,Curl de bíceps,3,6,11.0,Buen estímulo
8253,2026-06-22,Sentadilla,5,11,79.5,Pesado
8254,2025-10-09,Press de banca,3,10,18.0,Buena técnica
8255,2026-06-06,Press francés,4,15,54.0,Buen estímulo
8256,2025-07-31,Dominadas lastradas,3,12,103.5,Buen estímulo
8257,2025-10-10,Hip thrust,2,10,48.0,RPE 8
8258,2026-01-04,Press militar,1,12,138.0,Fallo cerca
8259,2025-09-08,Press militar,2,14,47.5,Pesado
8260,2026-07-01,Sentadilla,1,3,137.5,RPE 9
8261,2026-07-17,Remo con barra,5,2,57.0,RPE 9
8262,2025-12-09,Dominadas lastradas,4,9,86.0,RPE 9
8263,2026-01-27,Press militar,5,14,19.5,Fácil
8264,2026-06-24,Fondos lastrados,2,12,139.0,Fallo cerca
8265,2025-09-07,Hip thrust,2,14,65.5,Buena técnica
8266,2025-08-16,Dominadas lastradas,2,12,28.0,Buen estímulo
8267,2025-07-28,Press militar,2,13,33.5,RPE 9
8268,2025-11-07,Press francés,3,9,134.5,Fallo cerca
8269,2026-03-06,Sentadilla búlgara,1,5,84.5,Buen estímulo
8270,2025-07-23,Fondos lastrados,4,2,127.0,Buena técnica
8271,2025-11-08,Press militar,5,15,101.5,Normal
8272,2025-08-14,Curl de bíceps,3,12,117.0,Fallo cerca
8273,2025-07-20,Peso muerto,2,13,64.5,Normal
8274,2025-12-24,Curl de bíceps,2,14,103.5,RPE 8
8275,2025-12-17,Dominadas lastradas,5,3,142.0,Buen estímulo
8276,2026-07-01,Press militar,5,14,16.0,Pesado
8277,2025-11-13,Press francés,3,3,116.5,Buen estímulo
8278,2026-05-19,Elevaciones laterales,2,10,67.5,RPE 9
8279,2026-07-15,Sentadilla,1,10,16.5,RPE 8
8280,2026-07-10,Sentadilla,1,3,117.0,Fallo cerca
8281,2025-09-19,Sentadilla,4,4,42.0,Fácil
8282,2026-01-05,Elevaciones laterales,5,15,91.5,RPE 9
8283,2026-06-11,Fondos lastrados,2,2,133.5,Buen estímulo
8284,2026-01-18,Press militar,4,15,126.5,RPE 8
8285,2025-11-18,Sentadilla,5,15,31.5,Buena técnica
8286,2026-07-11,Fondos lastrados,3,8,99.0,Pesado
8287,2025-07-30,Press de banca,2,5,145.5,Pesado
8288,2025-12-17,Curl de bíceps,1,11,121.5,RPE 9
8289,2025-11-28,Peso muerto,5,12,134.0,RPE 9
8290,2025-10-01,Remo con barra,2,2,47.0,Buen estímulo
8291,2025-10-02,Fondos lastrados,1,14,30.0,Buen estímulo
8292,2026-01-12,Press militar,1,4,139.0,Fallo cerca
8293,2025-12-16,Curl de bíceps,4,14,139.5,Normal
8294,2026-06-01,Press militar,5,11,46.5,RPE 9
8295,2026-03-25,Remo con barra,3,2,103.0,Normal
8296,2026-01-10,Elevaciones laterales,2,6,61.0,RPE 8
8297,2026-01-25,Curl de bíceps,5,7,107.0,Pesado
8298,2026-07-16,Peso muerto,3,1,89.0,Normal
8299,2026-06-14,Fondos lastrados,1,1,40.5,Fácil
8300,2026-05-14,Press militar,4,14,25.5,RPE 9
8301,2026-05-28,Sentadilla,1,3,90.0,Buen estímulo
8302,2025-11-06,Sentadilla,3,1,14.0,Buen estímulo
8303,2026-01-10,Remo con barra,4,15,89.5,Fácil
8304,2026-07-16,Elevaciones laterales,5,3,41.5,Fácil
8305,2026-05-12,Fondos lastrados,2,15,147.0,Buena técnica
8306,2026-01-10,Press de banca,1,12,91.5,Fácil
8307,2026-01-21,Elevaciones laterales,1,9,129.5,RPE 9
8308,2025-09-21,Peso muerto,4,3,45.0,Fácil
8309,2025-08-02,Curl de bíceps,5,2,12.0,Normal
8310,2026-03-29,Press de banca,1,10,26.0,Normal
8311,2025-11-13,Press militar,5,3,23.5,Fácil
8312,2026-07-03,Sentadilla,5,11,20.0,Normal
8313,2025-08-05,Hip thrust,4,8,72.5,RPE 8
8314,2026-04-05,Sentadilla búlgara,3,2,15.5,Normal
8315,2025-07-28,Elevaciones laterales,2,2,69.0,Fácil
8316,2025-07-27,Curl de bíceps,2,9,71.5,Fácil
8317,2025-08-22,Press francés,4,3,102.0,Fallo cerca
8318,2026-07-14,Press francés,4,10,120.0,Normal
8319,2026-07-07,Sentadilla,4,2,77.0,Buen estímulo
8320,2025-07-22,Curl de bíceps,2,3,99.0,Normal
8321,2026-06-16,Press de banca,5,13,128.0,Buena técnica
8322,2026-05-20,Sentadilla búlgara,1,7,75.0,Fácil
8323,2025-10-12,Remo con barra,2,8,52.5,RPE 8
8324,2025-08-10,Press militar,3,15,101.0,Fallo cerca
8325,2025-11-24,Dominadas lastradas,2,13,106.5,RPE 9
8326,2025-09-15,Sentadilla búlgara,2,8,98.5,RPE 9
8327,2025-08-07,Fondos lastrados,1,7,24.0,Normal
8328,2025-11-24,Press francés,1,13,124.0,Normal
8329,2025-10-26,Elevaciones laterales,2,11,79.0,Buen estímulo
8330,2026-02-05,Fondos lastrados,3,9,21.5,Fallo cerca
8331,2025-07-30,Elevaciones laterales,3,1,122.5,Fallo cerca
8332,2026-03-06,Dominadas lastradas,2,10,148.0,Pesado
8333,2025-08-20,Dominadas lastradas,1,4,34.0,RPE 8
8334,2026-07-08,Remo con barra,4,10,21.0,RPE 8
8335,2026-02-01,Dominadas lastradas,4,7,91.0,RPE 9
8336,2026-03-12,Peso muerto,4,7,90.0,Buena técnica
8337,2025-11-27,Hip thrust,4,7,51.0,Buen estímulo
8338,2026-01-14,Hip thrust,5,12,135.0,Buena técnica
8339,2026-03-07,Sentadilla,5,4,120.0,Buena técnica
8340,2025-08-03,Sentadilla búlgara,3,12,50.5,Pesado
8341,2025-11-25,Sentadilla,1,3,108.0,Fallo cerca
8342,2025-11-26,Sentadilla búlgara,3,4,85.5,Fácil
8343,2026-05-28,Remo con barra,2,10,40.5,RPE 8
8344,2026-04-23,Press militar,1,14,31.0,Fácil
8345,2025-08-07,Press militar,1,8,68.5,Buena técnica
8346,2025-12-25,Peso muerto,1,13,32.0,RPE 9
8347,2025-09-17,Curl de bíceps,4,13,109.5,Fallo cerca
8348,2026-06-03,Peso muerto,1,12,10.0,Fácil
8349,2025-10-22,Press de banca,1,14,122.5,RPE 8
8350,2026-04-23,Press de banca,2,15,65.5,Fallo cerca
8351,2026-05-10,Fondos lastrados,2,1,52.5,Fallo cerca
8352,2026-03-06,Hip thrust,4,12,117.5,Fallo cerca
8353,2026-01-27,Press de banca,2,11,148.0,Buena técnica
8354,2026-02-10,Sentadilla,5,1,115.0,Pesado
8355,2025-09-01,Dominadas lastradas,1,10,118.5,Buena técnica
8356,2026-06-02,Fondos lastrados,5,13,97.5,RPE 8
8357,2026-03-11,Press de banca,1,6,15.0,RPE 8
8358,2026-01-04,Fondos lastrados,4,5,126.0,Fácil
8359,2026-07-04,Press francés,1,10,58.0,Buen estímulo
8360,2025-11-16,Dominadas lastradas,2,11,34.5,Fácil
8361,2026-07-17,Sentadilla búlgara,4,3,81.0,RPE 9
8362,2026-02-15,Peso muerto,1,9,18.0,Fácil
8363,2025-10-09,Press de banca,2,6,94.5,RPE 8
8364,2026-01-19,Hip thrust,5,7,82.0,Pesado
8365,2026-01-13,Sentadilla,2,8,111.0,Buen estímulo
8366,2025-11-14,Dominadas lastradas,5,10,100.5,Fallo cerca
8367,2025-08-29,Peso muerto,5,12,95.5,Fallo cerca
8368,2026-04-11,Hip thrust,2,10,122.5,Buen estímulo
8369,2025-08-06,Dominadas lastradas,4,4,34.0,Normal
8370,2025-09-09,Peso muerto,3,7,132.5,Fácil
8371,2026-03-01,Fondos lastrados,2,10,126.0,Buen estímulo
8372,2025-12-26,Hip thrust,1,5,88.5,RPE 8
8373,2026-03-13,Elevaciones laterales,5,10,65.0,Pesado
8374,2025-12-26,Dominadas lastradas,2,11,18.0,RPE 8
8375,2025-09-15,Sentadilla,1,12,16.5,Buen estímulo
8376,2026-02-25,Remo con barra,1,5,56.5,Fallo cerca
8377,2026-01-31,Dominadas lastradas,2,1,49.0,Buena técnica
8378,2026-01-02,Hip thrust,3,12,43.0,Buena técnica
8379,2025-08-29,Fondos lastrados,3,8,129.0,Buen estímulo
8380,2025-08-23,Curl de bíceps,4,10,38.5,Fallo cerca
8381,2026-06-12,Press militar,4,1,75.5,Normal
8382,2025-10-13,Sentadilla búlgara,1,12,112.0,RPE 8
8383,2026-03-15,Dominadas lastradas,1,6,84.5,RPE 9
8384,2026-04-23,Sentadilla,4,2,49.0,RPE 9
8385,2026-06-22,Sentadilla búlgara,4,11,74.5,Normal
8386,2025-08-31,Fondos lastrados,4,13,30.5,Normal
8387,2025-07-30,Elevaciones laterales,4,12,122.5,Normal
8388,2026-01-01,Dominadas lastradas,1,14,29.5,Pesado
8389,2025-11-12,Fondos lastrados,4,6,43.5,Buena técnica
8390,2026-03-13,Press militar,1,10,141.0,Pesado
8391,2025-12-30,Peso muerto,4,6,29.5,Fallo cerca
8392,2025-12-23,Fondos lastrados,3,9,64.0,Pesado
8393,2025-12-09,Sentadilla,1,13,134.0,RPE 8
8394,2025-08-10,Curl de bíceps,1,14,20.5,RPE 9
8395,2026-01-01,Hip thrust,4,8,139.5,Buena técnica
8396,2026-06-01,Sentadilla,5,14,50.0,RPE 9
8397,2025-12-09,Fondos lastrados,1,5,26.5,RPE 8
8398,2026-03-17,Sentadilla,3,4,60.5,Buena técnica
8399,2025-09-02,Sentadilla,4,8,128.5,Normal
8400,2026-01-23,Fondos lastrados,5,1,106.0,Normal
8401,2026-06-25,Press de banca,5,8,76.0,Fácil
8402,2026-04-18,Press francés,3,2,86.5,RPE 9
8403,2026-02-16,Press militar,2,11,118.0,RPE 9
8404,2025-12-16,Press francés,4,6,63.5,RPE 9
8405,2025-11-21,Peso muerto,1,1,117.0,Fácil
8406,2026-07-18,Sentadilla,5,8,104.0,Fallo cerca
8407,2026-03-05,Curl de bíceps,3,12,78.5,RPE 8
8408,2025-12-11,Press francés,5,7,24.0,RPE 9
8409,2026-05-18,Fondos lastrados,4,6,114.5,RPE 8
8410,2025-09-11,Press militar,5,4,80.5,Normal
8411,2025-09-14,Press militar,1,13,56.5,Pesado
8412,2025-12-11,Peso muerto,3,12,14.5,RPE 8
8413,2026-04-15,Peso muerto,2,7,31.5,Normal
8414,2026-07-13,Press militar,4,11,57.5,RPE 8
8415,2025-12-24,Press francés,5,2,140.0,Pesado
8416,2025-10-10,Remo con barra,1,13,79.5,Buena técnica
8417,2025-12-27,Elevaciones laterales,5,3,40.5,RPE 8
8418,2026-06-22,Press de banca,3,14,120.5,Normal
8419,2025-08-02,Hip thrust,4,15,123.0,Normal
8420,2026-02-20,Sentadilla búlgara,1,8,136.0,RPE 9
8421,2026-03-25,Hip thrust,1,15,112.0,RPE 8
8422,2026-07-07,Press de banca,5,7,71.0,Fácil
8423,2026-06-07,Press militar,2,13,77.5,RPE 9
8424,2025-12-20,Hip thrust,1,10,69.0,Buena técnica
8425,2025-08-27,Hip thrust,4,6,142.5,Pesado
8426,2025-10-08,Hip thrust,5,15,71.0,Fallo cerca
8427,2025-10-09,Fondos lastrados,5,8,66.5,Pesado
8428,2025-11-23,Press militar,2,9,81.0,Pesado
8429,2025-11-21,Elevaciones laterales,4,13,40.0,Pesado
8430,2025-11-23,Press francés,2,7,86.0,Fácil
8431,2025-10-21,Remo con barra,2,7,95.0,RPE 8
8432,2025-09-04,Press de banca,3,10,55.0,Fallo cerca
8433,2026-07-13,Press militar,2,3,86.0,Fácil
8434,2026-01-23,Remo con barra,5,3,102.5,RPE 9
8435,2025-11-14,Press francés,4,9,109.5,Fácil
8436,2026-04-18,Press militar,1,5,22.0,RPE 9
8437,2025-09-28,Hip thrust,3,2,78.0,RPE 8
8438,2025-12-29,Press francés,1,14,60.5,Fácil
8439,2025-09-07,Hip thrust,2,12,41.0,RPE 8
8440,2026-04-21,Remo con barra,5,4,134.5,Pesado
8441,2025-09-27,Press militar,3,6,53.0,Fallo cerca
8442,2025-09-01,Fondos lastrados,2,12,36.0,Fácil
8443,2025-08-25,Fondos lastrados,2,5,25.5,RPE 8
8444,2026-04-05,Elevaciones laterales,4,11,118.5,Fallo cerca
8445,2026-01-29,Hip thrust,5,9,69.5,Normal
8446,2026-04-08,Sentadilla búlgara,2,4,24.5,Fácil
8447,2026-03-09,Curl de bíceps,2,4,20.0,Fallo cerca
8448,2026-01-17,Remo con barra,4,5,34.0,Buen estímulo
8449,2025-07-22,Peso muerto,4,6,84.5,Fallo cerca
8450,2026-05-14,Press militar,4,15,72.0,Fácil
8451,2026-01-13,Sentadilla búlgara,4,4,80.0,Buen estímulo
8452,2026-02-03,Sentadilla búlgara,4,5,89.0,RPE 9
8453,2026-02-22,Curl de bíceps,2,1,55.0,Fallo cerca
8454,2026-07-05,Elevaciones laterales,1,13,41.0,Buen estímulo
8455,2025-10-27,Peso muerto,5,5,100.0,Normal
8456,2026-03-08,Fondos lastrados,4,13,11.5,Fallo cerca
8457,2026-06-19,Press militar,5,2,104.5,Buen estímulo
8458,2026-07-17,Sentadilla,3,8,99.5,Buen estímulo
8459,2026-02-13,Elevaciones laterales,1,9,107.0,Fácil
8460,2025-07-20,Sentadilla búlgara,3,4,146.5,Buen estímulo
8461,2025-12-31,Press de banca,1,10,135.0,Fallo cerca
8462,2026-02-17,Sentadilla,5,4,11.0,Pesado
8463,2026-02-12,Sentadilla búlgara,1,9,52.0,Normal
8464,2026-01-13,Peso muerto,4,10,102.5,RPE 9
8465,2025-12-10,Sentadilla búlgara,1,10,73.5,Normal
8466,2025-08-14,Press militar,5,10,11.5,RPE 8
8467,2026-03-12,Curl de bíceps,1,12,24.0,Normal
8468,2025-10-05,Press militar,4,11,86.5,Fallo cerca
8469,2026-02-23,Hip thrust,5,12,112.0,RPE 8
8470,2025-10-04,Elevaciones laterales,2,4,76.5,Pesado
8471,2025-10-10,Curl de bíceps,2,3,81.5,Fallo cerca
8472,2026-02-08,Press militar,1,11,131.5,RPE 9
8473,2025-11-09,Peso muerto,5,13,88.5,Buen estímulo
8474,2026-05-08,Dominadas lastradas,5,2,16.5,Normal
8475,2026-04-25,Dominadas lastradas,1,13,32.0,RPE 8
8476,2026-06-29,Press francés,3,4,18.0,Normal
8477,2025-12-09,Dominadas lastradas,2,8,42.5,Fallo cerca
8478,2026-03-07,Press de banca,5,10,49.5,Fallo cerca
8479,2025-12-28,Curl de bíceps,2,7,52.5,Buena técnica
8480,2026-03-10,Elevaciones laterales,2,1,98.0,Buen estímulo
8481,2026-03-25,Hip thrust,2,9,13.5,RPE 9
8482,2026-02-27,Peso muerto,3,15,42.0,Fácil
8483,2025-08-11,Press de banca,3,5,138.0,RPE 8
8484,2026-03-28,Sentadilla búlgara,3,1,27.0,Buena técnica
8485,2026-04-03,Press militar,5,5,33.0,Buena técnica
8486,2026-01-27,Hip thrust,1,1,18.0,RPE 9
8487,2026-02-03,Dominadas lastradas,2,3,88.5,Buena técnica
8488,2026-03-22,Fondos lastrados,5,7,73.5,RPE 9
8489,2026-01-16,Remo con barra,2,11,10.5,RPE 8
8490,2026-02-02,Peso muerto,1,13,64.0,Normal
8491,2026-05-02,Fondos lastrados,5,5,95.0,Fácil
8492,2026-03-09,Peso muerto,2,12,13.0,Buen estímulo
8493,2025-10-15,Remo con barra,5,4,147.0,RPE 9
8494,2026-07-16,Sentadilla búlgara,3,6,50.5,Fallo cerca
8495,2026-06-10,Press francés,1,8,15.5,RPE 8
8496,2025-10-02,Press militar,3,1,36.0,Fallo cerca
8497,2025-10-29,Curl de bíceps,1,7,63.0,Buena técnica
8498,2026-02-08,Elevaciones laterales,3,5,43.5,RPE 8
8499,2026-01-27,Press francés,1,8,99.0,Fácil
8500,2026-04-24,Press militar,3,11,89.0,Fácil
8501,2026-01-21,Elevaciones laterales,2,10,16.5,Fácil
8502,2025-10-01,Remo con barra,5,13,71.5,RPE 8
8503,2026-01-25,Curl de bíceps,4,12,99.0,Normal
8504,2026-01-02,Elevaciones laterales,1,8,19.0,RPE 8
8505,2026-05-07,Peso muerto,5,7,58.0,Normal
8506,2026-03-17,Sentadilla búlgara,5,1,99.0,Fácil
8507,2026-06-22,Peso muerto,5,9,87.0,Pesado
8508,2025-11-08,Press francés,5,14,82.0,RPE 9
8509,2025-11-22,Sentadilla,5,13,92.5,Fácil
8510,2026-05-22,Sentadilla,2,9,65.5,Buena técnica
8511,2025-09-30,Press de banca,4,12,93.5,Buen estímulo
8512,2025-12-22,Press de banca,1,11,39.0,RPE 9
8513,2025-11-18,Elevaciones laterales,4,8,138.5,Pesado
8514,2026-06-09,Remo con barra,2,4,24.5,RPE 8
8515,2026-07-15,Dominadas lastradas,2,10,23.5,Pesado
8516,2025-12-05,Curl de bíceps,5,9,52.5,Fácil
8517,2026-06-04,Elevaciones laterales,1,2,84.5,Fácil
8518,2026-02-15,Hip thrust,4,6,25.0,Buena técnica
8519,2026-05-12,Fondos lastrados,2,7,57.5,Pesado
8520,2025-10-20,Hip thrust,4,15,93.0,RPE 9
8521,2025-12-12,Hip thrust,4,5,63.0,RPE 9
8522,2025-09-15,Fondos lastrados,3,12,65.5,Normal
8523,2026-02-18,Sentadilla,1,3,128.5,Fallo cerca
8524,2025-09-05,Hip thrust,4,13,34.0,RPE 9
8525,2025-12-30,Press francés,2,2,36.0,Pesado
8526,2025-08-18,Sentadilla,4,9,62.0,Fallo cerca
8527,2026-01-12,Elevaciones laterales,3,15,71.5,RPE 9
8528,2025-08-23,Hip thrust,2,15,135.0,RPE 9
8529,2026-05-18,Press militar,5,8,68.5,Buena técnica
8530,2026-06-29,Press de banca,4,3,82.5,Buen estímulo
8531,2025-10-18,Press militar,2,2,116.5,RPE 8
8532,2025-10-24,Fondos lastrados,3,10,102.0,Fallo cerca
8533,2025-09-06,Press militar,5,4,140.0,RPE 8
8534,2026-06-27,Dominadas lastradas,2,11,142.5,RPE 8
8535,2026-04-19,Sentadilla,5,7,76.0,RPE 8
8536,2025-12-15,Press francés,4,15,38.5,Buena técnica
8537,2026-06-03,Remo con barra,3,7,59.0,Fácil
8538,2025-11-30,Curl de bíceps,1,8,47.0,RPE 9
8539,2026-01-18,Sentadilla,3,10,134.5,Fácil
8540,2025-11-28,Curl de bíceps,3,8,141.5,Fácil
8541,2026-03-21,Dominadas lastradas,4,11,111.0,Buen estímulo
8542,2026-03-20,Remo con barra,3,13,44.0,RPE 9
8543,2026-04-06,Sentadilla búlgara,1,14,43.5,RPE 8
8544,2025-09-02,Sentadilla búlgara,5,14,56.5,Fallo cerca
8545,2026-03-04,Curl de bíceps,4,4,100.0,Fallo cerca
8546,2025-08-20,Remo con barra,1,5,71.5,Pesado
8547,2026-06-27,Hip thrust,3,13,95.0,RPE 8
8548,2025-12-11,Peso muerto,4,10,19.0,Buena técnica
8549,2025-10-16,Hip thrust,3,1,24.0,Buen estímulo
8550,2026-01-05,Fondos lastrados,5,9,83.5,Pesado
8551,2025-10-17,Elevaciones laterales,3,5,21.0,Pesado
8552,2026-01-23,Sentadilla búlgara,3,5,116.0,RPE 9
8553,2026-03-21,Fondos lastrados,3,13,57.0,RPE 9
8554,2026-01-14,Peso muerto,3,5,49.5,Buena técnica
8555,2025-11-16,Peso muerto,4,15,20.0,RPE 9
8556,2026-02-10,Fondos lastrados,5,13,36.0,RPE 8
8557,2025-08-01,Press francés,3,4,147.0,Normal
8558,2026-04-03,Dominadas lastradas,3,1,59.5,RPE 8
8559,2026-07-16,Peso muerto,4,9,31.5,RPE 8
8560,2026-03-05,Hip thrust,1,6,80.5,Fallo cerca
8561,2026-03-05,Remo con barra,1,4,80.0,RPE 8
8562,2026-05-13,Press de banca,3,13,38.5,RPE 9
8563,2026-07-01,Curl de bíceps,2,14,107.0,Fallo cerca
8564,2026-01-18,Curl de bíceps,1,7,136.5,Normal
8565,2025-12-02,Remo con barra,3,3,108.0,RPE 8
8566,2026-06-22,Press francés,2,3,62.0,Buen estímulo
8567,2025-10-25,Hip thrust,2,7,40.5,Pesado
8568,2026-04-08,Press militar,1,8,120.5,Fallo cerca
8569,2026-03-21,Press de banca,3,15,133.5,Fallo cerca
8570,2025-07-28,Dominadas lastradas,5,11,85.0,Buena técnica
8571,2025-11-30,Dominadas lastradas,2,14,56.0,RPE 9
8572,2026-01-28,Press francés,2,8,53.5,RPE 8
8573,2025-08-25,Peso muerto,5,2,140.5,Buena técnica
8574,2026-02-15,Hip thrust,3,9,59.0,Buena técnica
8575,2026-02-14,Elevaciones laterales,3,12,26.0,RPE 8
8576,2026-02-25,Press militar,1,15,146.0,Buen estímulo
8577,2025-09-14,Press de banca,5,14,96.0,Normal
8578,2026-04-12,Peso muerto,5,7,72.0,Buena técnica
8579,2025-09-10,Peso muerto,4,4,25.5,Fácil
8580,2026-01-03,Fondos lastrados,1,1,141.0,Pesado
8581,2026-01-05,Sentadilla búlgara,5,13,62.0,Pesado
8582,2026-01-12,Fondos lastrados,1,7,79.0,Fallo cerca
8583,2025-09-05,Sentadilla,3,11,49.0,RPE 8
8584,2026-04-07,Remo con barra,4,4,55.5,Fallo cerca
8585,2025-11-19,Remo con barra,3,3,128.5,RPE 8
8586,2026-06-17,Peso muerto,3,2,10.0,RPE 9
8587,2025-08-31,Fondos lastrados,2,11,141.5,Buena técnica
8588,2026-06-03,Curl de bíceps,2,1,95.0,Pesado
8589,2026-03-05,Press de banca,4,7,96.0,RPE 9
8590,2026-04-20,Sentadilla,2,7,25.5,Pesado
8591,2026-05-27,Sentadilla,1,4,85.0,Pesado
8592,2025-09-21,Elevaciones laterales,4,2,12.0,RPE 8
8593,2026-02-19,Remo con barra,1,7,48.5,Buen estímulo
8594,2026-05-20,Hip thrust,3,9,93.5,Fácil
8595,2026-06-16,Hip thrust,2,10,113.0,RPE 9
8596,2025-09-12,Press francés,3,10,77.5,Pesado
8597,2025-07-27,Elevaciones laterales,4,3,77.0,Normal
8598,2025-09-04,Sentadilla búlgara,4,9,102.5,Buena técnica
8599,2026-01-16,Hip thrust,1,1,98.0,Buena técnica
8600,2026-02-08,Hip thrust,3,2,98.5,Pesado
8601,2026-05-09,Press francés,1,7,104.0,RPE 9
8602,2026-05-17,Sentadilla,4,3,87.5,RPE 9
8603,2026-06-27,Peso muerto,5,12,124.5,Normal
8604,2026-04-04,Elevaciones laterales,1,8,42.5,Fallo cerca
8605,2026-04-19,Dominadas lastradas,2,10,137.0,Buen estímulo
8606,2026-05-18,Dominadas lastradas,1,5,44.5,Fallo cerca
8607,2026-06-18,Sentadilla,3,4,147.5,RPE 9
8608,2026-01-19,Peso muerto,4,4,80.0,RPE 8
8609,2026-02-02,Press de banca,3,11,12.0,Buena técnica
8610,2026-06-19,Press francés,1,14,26.5,Pesado
8611,2026-05-23,Sentadilla,5,15,104.0,Normal
8612,2025-11-07,Sentadilla,5,10,31.0,Fallo cerca
8613,2026-03-26,Dominadas lastradas,4,1,12.5,Fallo cerca
8614,2025-08-12,Press francés,3,2,10.5,Buen estímulo
8615,2026-02-24,Fondos lastrados,5,7,82.0,Buena técnica
8616,2026-01-17,Press francés,3,10,126.0,Fallo cerca
8617,2025-10-30,Press militar,5,10,115.5,Fallo cerca
8618,2025-11-06,Dominadas lastradas,4,4,82.0,Fallo cerca
8619,2025-10-26,Dominadas lastradas,4,5,29.5,Pesado
8620,2025-12-02,Dominadas lastradas,1,8,120.0,Pesado
8621,2026-07-15,Sentadilla,5,2,59.0,Buena técnica
8622,2026-03-18,Remo con barra,2,7,150.0,Buen estímulo
8623,2026-06-05,Remo con barra,1,12,92.0,Buena técnica
8624,2026-04-28,Peso muerto,1,4,114.0,Normal
8625,2026-03-29,Dominadas lastradas,2,6,88.5,Buen estímulo
8626,2026-06-03,Fondos lastrados,1,10,126.0,Buena técnica
8627,2026-04-02,Press de banca,1,13,113.0,Pesado
8628,2025-09-26,Hip thrust,2,15,118.5,Buena técnica
8629,2026-06-21,Press militar,1,14,49.5,Normal
8630,2026-01-14,Remo con barra,1,4,45.5,Buen estímulo
8631,2025-12-06,Dominadas lastradas,4,14,59.0,RPE 9
8632,2026-01-09,Press militar,4,11,107.0,RPE 8
8633,2026-05-30,Sentadilla,4,12,30.0,Buena técnica
8634,2026-04-09,Sentadilla búlgara,3,7,47.5,RPE 9
8635,2025-09-01,Dominadas lastradas,2,13,79.0,Pesado
8636,2025-08-17,Press francés,5,3,18.5,RPE 8
8637,2026-05-01,Sentadilla búlgara,5,11,110.0,RPE 9
8638,2026-01-16,Press militar,2,5,121.5,RPE 9
8639,2025-10-05,Press de banca,3,13,60.0,Fácil
8640,2025-10-02,Sentadilla,2,12,22.5,Normal
8641,2025-12-04,Remo con barra,5,7,95.0,RPE 8
8642,2025-11-28,Remo con barra,4,2,149.0,Normal
8643,2026-03-23,Press de banca,1,4,126.5,RPE 9
8644,2026-05-03,Sentadilla búlgara,4,7,110.0,RPE 9
8645,2026-04-08,Press de banca,5,11,133.5,RPE 9
8646,2026-04-20,Fondos lastrados,1,4,73.0,Fácil
8647,2025-08-09,Sentadilla,3,1,40.0,Buen estímulo
8648,2025-12-23,Elevaciones laterales,1,1,50.5,RPE 9
8649,2026-06-10,Fondos lastrados,1,4,92.0,RPE 9
8650,2025-08-03,Press de banca,2,8,69.0,Fácil
8651,2025-08-25,Elevaciones laterales,1,11,132.0,Buen estímulo
8652,2025-10-12,Curl de bíceps,1,7,82.5,Fallo cerca
8653,2025-08-06,Fondos lastrados,4,5,77.0,Fallo cerca
8654,2025-10-19,Press de banca,2,7,22.0,RPE 8
8655,2025-10-05,Press militar,2,14,126.0,Pesado
8656,2026-07-15,Peso muerto,5,14,10.0,RPE 9
8657,2025-11-22,Sentadilla,3,3,14.0,Buena técnica
8658,2025-09-28,Hip thrust,4,14,79.0,Normal
8659,2025-12-06,Curl de bíceps,4,3,83.0,Fácil
8660,2025-07-25,Press de banca,2,6,104.0,Normal
8661,2025-12-05,Sentadilla,1,7,86.5,Normal
8662,2026-03-30,Elevaciones laterales,5,13,87.0,RPE 9
8663,2026-05-05,Press de banca,2,13,149.5,RPE 8
8664,2026-01-26,Peso muerto,2,8,68.5,RPE 9
8665,2026-01-12,Remo con barra,4,2,123.0,RPE 8
8666,2026-05-19,Peso muerto,4,2,74.0,Fallo cerca
8667,2026-04-20,Hip thrust,4,14,93.5,Fácil
8668,2026-02-27,Peso muerto,1,1,117.5,Pesado
8669,2026-06-25,Remo con barra,1,12,103.5,Fácil
8670,2026-02-19,Press de banca,2,6,85.5,Fácil
8671,2025-08-23,Elevaciones laterales,1,15,80.5,RPE 8
8672,2026-07-03,Sentadilla,1,2,41.0,Buen estímulo
8673,2026-05-17,Remo con barra,1,5,63.0,Normal
8674,2026-03-30,Sentadilla búlgara,3,3,117.5,Buena técnica
8675,2026-03-30,Peso muerto,3,2,150.0,Fallo cerca
8676,2026-03-02,Press francés,1,1,124.5,Normal
8677,2025-09-17,Fondos lastrados,1,7,41.5,Buena técnica
8678,2025-10-29,Fondos lastrados,4,6,51.0,Buen estímulo
8679,2026-03-03,Remo con barra,4,15,103.0,Buena técnica
8680,2025-09-22,Remo con barra,2,7,119.0,Normal
8681,2026-03-23,Peso muerto,4,14,36.0,Fácil
8682,2026-02-26,Press de banca,1,5,116.5,Pesado
8683,2026-05-20,Elevaciones laterales,3,3,109.0,Buen estímulo
8684,2026-06-29,Sentadilla búlgara,4,14,60.5,Pesado
8685,2025-11-12,Elevaciones laterales,5,6,87.5,Buena técnica
8686,2026-02-14,Remo con barra,1,11,121.5,Buen estímulo
8687,2026-06-18,Remo con barra,2,14,76.5,Normal
8688,2026-01-07,Press francés,5,3,105.0,RPE 9
8689,2026-01-11,Peso muerto,1,14,23.5,Fallo cerca
8690,2025-07-26,Curl de bíceps,3,12,90.0,RPE 8
8691,2026-02-26,Sentadilla búlgara,3,9,129.5,Fallo cerca
8692,2026-06-13,Fondos lastrados,4,8,53.5,RPE 8
8693,2025-08-12,Sentadilla,5,2,85.0,Buena técnica
8694,2026-03-02,Press francés,2,14,61.0,RPE 9
8695,2025-09-26,Elevaciones laterales,1,13,18.0,Fácil
8696,2025-09-16,Hip thrust,3,4,96.5,Normal
8697,2026-03-05,Dominadas lastradas,5,9,72.0,Normal
8698,2026-07-15,Elevaciones laterales,2,8,58.0,RPE 8
8699,2025-07-26,Elevaciones laterales,1,13,104.0,Buena técnica
8700,2025-11-29,Press francés,4,7,27.0,Buen estímulo
8701,2026-05-08,Dominadas lastradas,3,5,78.5,RPE 8
8702,2026-06-09,Press francés,2,1,95.0,Fácil
8703,2026-02-23,Press francés,1,2,140.5,RPE 8
8704,2026-04-30,Fondos lastrados,1,2,115.0,Buen estímulo
8705,2026-07-06,Press militar,3,6,123.5,Buena técnica
8706,2026-05-24,Curl de bíceps,3,5,88.5,Buena técnica
8707,2026-06-05,Hip thrust,5,8,52.5,Fácil
8708,2026-02-17,Sentadilla búlgara,3,6,93.5,Fácil
8709,2026-03-03,Remo con barra,2,14,145.0,Fácil
8710,2026-03-01,Press francés,4,15,116.0,Normal
8711,2025-11-26,Sentadilla,4,12,35.0,Fácil
8712,2026-07-02,Fondos lastrados,4,1,98.5,Buen estímulo
8713,2025-08-03,Elevaciones laterales,1,15,17.0,RPE 9
8714,2026-06-04,Hip thrust,4,11,135.5,Fallo cerca
8715,2026-06-04,Fondos lastrados,5,14,83.5,Buen estímulo
8716,2026-06-05,Elevaciones laterales,1,11,59.0,Normal
8717,2026-02-08,Dominadas lastradas,5,14,30.5,Buena técnica
8718,2026-02-21,Sentadilla,4,11,128.0,Buena técnica
8719,2026-02-23,Fondos lastrados,2,15,73.5,Fácil
8720,2025-12-08,Fondos lastrados,5,14,93.0,Fácil
8721,2025-07-20,Peso muerto,1,4,82.5,Buen estímulo
8722,2026-06-12,Sentadilla,2,8,113.5,Buena técnica
8723,2026-06-09,Curl de bíceps,1,7,35.0,RPE 9
8724,2025-11-17,Sentadilla búlgara,5,6,71.5,RPE 9
8725,2026-07-09,Press militar,2,6,33.5,Pesado
8726,2026-04-27,Curl de bíceps,5,14,21.0,Buen estímulo
8727,2026-06-22,Curl de bíceps,1,7,135.0,RPE 9
8728,2026-01-02,Peso muerto,4,10,63.5,Buena técnica
8729,2026-05-23,Sentadilla búlgara,4,11,68.5,Buena técnica
8730,2026-05-19,Curl de bíceps,4,3,55.5,Buen estímulo
8731,2026-02-27,Peso muerto,1,7,60.5,RPE 9
8732,2025-09-22,Press militar,1,1,123.5,Fallo cerca
8733,2025-11-24,Remo con barra,3,7,86.0,Fallo cerca
8734,2026-06-19,Curl de bíceps,4,1,135.5,Buen estímulo
8735,2026-03-08,Curl de bíceps,1,3,28.0,Fácil
8736,2026-01-03,Remo con barra,1,15,41.5,Buen estímulo
8737,2026-02-18,Fondos lastrados,5,11,116.0,Pesado
8738,2025-09-15,Sentadilla búlgara,1,5,73.5,RPE 8
8739,2025-10-13,Dominadas lastradas,1,1,129.5,RPE 8
8740,2026-03-14,Elevaciones laterales,4,6,70.5,Fácil
8741,2026-04-13,Dominadas lastradas,4,9,116.0,Buena técnica
8742,2026-03-26,Sentadilla búlgara,3,6,114.5,Buen estímulo
8743,2025-08-26,Sentadilla búlgara,5,11,84.0,Fácil
8744,2026-05-07,Curl de bíceps,5,3,92.0,Fácil
8745,2025-12-20,Press de banca,4,12,44.5,Buen estímulo
8746,2026-05-28,Press militar,2,4,128.0,Normal
8747,2026-03-04,Peso muerto,5,9,107.5,Buen estímulo
8748,2025-11-22,Curl de bíceps,5,12,134.0,RPE 8
8749,2025-08-31,Press francés,1,11,40.0,Fácil
8750,2025-11-18,Sentadilla,3,1,44.5,Buen estímulo
8751,2026-05-07,Press de banca,2,14,82.5,Fallo cerca
8752,2026-03-15,Elevaciones laterales,2,6,127.0,RPE 8
8753,2025-10-22,Fondos lastrados,4,15,50.0,Fallo cerca
8754,2026-06-15,Press de banca,2,10,131.0,Fácil
8755,2026-03-14,Remo con barra,4,15,58.0,Fallo cerca
8756,2026-02-19,Remo con barra,3,5,15.5,RPE 8
8757,2025-12-03,Dominadas lastradas,1,13,81.0,RPE 8
8758,2026-06-12,Hip thrust,5,1,61.5,RPE 9
8759,2025-12-16,Sentadilla,3,5,31.0,Fácil
8760,2026-01-02,Sentadilla búlgara,1,3,112.5,RPE 8
8761,2026-05-01,Hip thrust,4,6,137.0,Buena técnica
8762,2025-08-09,Dominadas lastradas,3,5,88.0,Pesado
8763,2025-08-28,Peso muerto,2,1,122.0,RPE 9
8764,2025-12-23,Elevaciones laterales,5,1,132.5,RPE 9
8765,2026-04-19,Dominadas lastradas,1,10,61.0,RPE 9
8766,2026-05-23,Curl de bíceps,1,6,67.5,Normal
8767,2026-05-10,Peso muerto,5,6,147.0,Normal
8768,2026-05-31,Dominadas lastradas,3,4,19.5,Normal
8769,2025-12-07,Sentadilla búlgara,4,6,145.0,RPE 9
8770,2026-07-15,Sentadilla,5,10,81.0,Fácil
8771,2025-12-21,Curl de bíceps,1,12,117.5,RPE 8
8772,2026-03-04,Peso muerto,4,10,131.0,Fallo cerca
8773,2025-10-08,Sentadilla búlgara,4,3,143.5,Buen estímulo
8774,2026-02-25,Press militar,2,5,87.5,Buena técnica
8775,2025-10-21,Curl de bíceps,2,13,74.0,Normal
8776,2025-09-22,Curl de bíceps,5,4,59.0,RPE 8
8777,2026-01-27,Remo con barra,2,6,99.0,Normal
8778,2025-12-13,Sentadilla,3,1,116.0,Buena técnica
8779,2026-06-25,Sentadilla,4,3,54.0,RPE 8
8780,2025-11-16,Press militar,4,15,57.0,Buen estímulo
8781,2025-07-27,Press de banca,4,8,84.0,Buena técnica
8782,2026-06-08,Press francés,1,3,19.5,Pesado
8783,2026-01-10,Press de banca,1,9,24.5,Fallo cerca
8784,2026-06-21,Press militar,5,14,30.5,Pesado
8785,2026-02-21,Fondos lastrados,2,5,108.0,Normal
8786,2025-09-23,Peso muerto,3,4,61.0,Fallo cerca
8787,2026-02-06,Press militar,4,8,96.5,Normal
8788,2026-03-03,Press francés,5,13,45.0,RPE 9
8789,2025-11-11,Press de banca,3,13,77.0,Buena técnica
8790,2026-04-15,Press militar,1,15,146.5,Fallo cerca
8791,2026-07-01,Peso muerto,4,6,32.0,Fallo cerca
8792,2026-06-03,Press de banca,4,14,78.0,Normal
8793,2026-02-08,Remo con barra,5,4,64.0,Normal
8794,2026-06-28,Sentadilla búlgara,3,6,51.0,Fácil
8795,2026-02-17,Curl de bíceps,2,7,84.0,Normal
8796,2026-07-17,Dominadas lastradas,3,2,62.5,Fácil
8797,2026-03-08,Curl de bíceps,1,3,12.0,Pesado
8798,2025-08-04,Press de banca,2,9,56.0,RPE 8
8799,2026-05-29,Dominadas lastradas,5,7,48.5,RPE 8
8800,2026-05-14,Remo con barra,5,9,48.0,Buen estímulo
8801,2026-02-26,Hip thrust,3,2,116.0,Buena técnica
8802,2025-12-09,Sentadilla búlgara,3,5,68.0,RPE 8
8803,2025-10-14,Peso muerto,2,15,124.5,RPE 9
8804,2026-03-12,Curl de bíceps,2,4,10.0,Fallo cerca
8805,2026-04-10,Remo con barra,1,8,71.0,RPE 9
8806,2025-12-18,Sentadilla búlgara,3,8,135.0,Buena técnica
8807,2026-06-25,Remo con barra,3,4,137.5,Buena técnica
8808,2026-07-11,Dominadas lastradas,2,11,74.5,Buen estímulo
8809,2026-06-10,Sentadilla búlgara,5,15,102.5,Fallo cerca
8810,2026-06-05,Curl de bíceps,1,11,101.5,Buen estímulo
8811,2025-08-29,Press francés,2,7,37.0,Buena técnica
8812,2026-06-15,Press francés,2,13,99.0,Normal
8813,2025-12-11,Press militar,1,15,84.0,Buen estímulo
8814,2025-11-19,Remo con barra,2,3,111.5,RPE 8
8815,2025-10-13,Fondos lastrados,4,3,58.5,Pesado
8816,2025-09-30,Fondos lastrados,1,13,110.5,Normal
8817,2025-11-23,Press de banca,4,14,107.0,Buen estímulo
8818,2025-12-19,Peso muerto,5,9,69.0,Fallo cerca
8819,2026-06-12,Curl de bíceps,5,13,59.5,Buen estímulo
8820,2026-03-05,Press francés,3,8,56.0,Fácil
8821,2025-07-27,Fondos lastrados,2,6,127.5,Buen estímulo
8822,2026-03-26,Remo con barra,2,12,121.0,Fallo cerca
8823,2026-06-09,Elevaciones laterales,4,3,92.5,Buen estímulo
8824,2025-08-27,Press militar,3,8,134.0,Normal
8825,2025-08-20,Remo con barra,2,10,54.0,RPE 9
8826,2026-01-29,Press de banca,1,3,78.0,Buena técnica
8827,2026-03-03,Sentadilla,3,8,136.0,Normal
8828,2026-03-23,Hip thrust,5,3,123.5,Pesado
8829,2025-12-15,Press de banca,2,7,22.5,Fallo cerca
8830,2026-03-19,Sentadilla búlgara,5,3,118.5,RPE 8
8831,2026-06-12,Dominadas lastradas,3,13,82.5,RPE 8
8832,2026-04-14,Press francés,1,11,54.5,Buena técnica
8833,2025-11-25,Press militar,4,2,74.5,RPE 8
8834,2025-09-21,Sentadilla,3,15,115.5,Buena técnica
8835,2026-06-26,Remo con barra,2,10,85.0,RPE 9
8836,2026-01-10,Sentadilla,5,11,65.0,Fácil
8837,2026-06-04,Fondos lastrados,5,8,110.0,Normal
8838,2026-06-25,Press militar,5,1,70.5,RPE 9
8839,2026-01-17,Sentadilla,2,11,60.5,Buen estímulo
8840,2026-02-14,Elevaciones laterales,2,10,52.0,Fallo cerca
8841,2025-12-20,Elevaciones laterales,4,7,39.0,Normal
8842,2025-10-07,Curl de bíceps,3,15,80.0,RPE 9
8843,2025-10-10,Elevaciones laterales,1,13,124.5,RPE 9
8844,2026-07-01,Dominadas lastradas,3,1,23.0,RPE 9
8845,2025-10-09,Sentadilla búlgara,4,8,52.0,Fácil
8846,2025-09-09,Press de banca,2,3,91.0,RPE 8
8847,2026-03-21,Press de banca,5,15,50.5,Fallo cerca
8848,2025-11-02,Press militar,4,3,112.0,Normal
8849,2025-12-30,Press francés,1,3,78.5,RPE 9
8850,2026-02-24,Press militar,5,8,138.0,RPE 8
8851,2026-04-16,Elevaciones laterales,4,2,146.5,Fácil
8852,2025-12-15,Peso muerto,4,4,82.0,RPE 8
8853,2025-10-15,Elevaciones laterales,5,12,112.5,Normal
8854,2026-02-15,Elevaciones laterales,2,15,39.5,Buena técnica
8855,2025-07-19,Hip thrust,1,6,66.5,RPE 9
8856,2026-02-16,Sentadilla búlgara,2,13,120.0,Buen estímulo
8857,2026-03-10,Elevaciones laterales,4,7,96.5,Fácil
8858,2026-03-10,Fondos lastrados,3,13,109.0,Normal
8859,2026-05-07,Sentadilla,1,4,118.0,Pesado
8860,2025-12-25,Press de banca,2,8,29.0,Fácil
8861,2026-06-05,Hip thrust,4,8,74.5,RPE 8
8862,2025-07-19,Peso muerto,3,12,110.5,Buen estímulo
8863,2026-07-18,Sentadilla búlgara,5,4,147.5,RPE 8
8864,2026-04-27,Peso muerto,3,1,68.0,Pesado
8865,2026-02-21,Curl de bíceps,3,5,62.0,Fallo cerca
8866,2026-02-13,Peso muerto,4,13,21.0,Pesado
8867,2025-11-23,Curl de bíceps,1,15,38.0,Normal
8868,2025-09-02,Dominadas lastradas,5,10,91.0,Normal
8869,2026-02-03,Sentadilla,1,11,73.0,Fácil
8870,2026-01-20,Dominadas lastradas,5,14,20.0,RPE 9
8871,2026-04-21,Sentadilla búlgara,1,4,132.5,Buena técnica
8872,2025-10-02,Sentadilla,2,14,52.0,RPE 9
8873,2026-03-28,Dominadas lastradas,1,3,29.0,Buen estímulo
8874,2026-07-16,Curl de bíceps,5,6,20.0,Normal
8875,2026-04-25,Peso muerto,4,11,42.5,Buen estímulo
8876,2026-06-25,Dominadas lastradas,1,6,16.0,Fallo cerca
8877,2025-10-10,Peso muerto,5,4,123.0,RPE 9
8878,2026-02-25,Hip thrust,3,13,149.5,Fácil
8879,2025-07-27,Dominadas lastradas,3,15,25.5,Pesado
8880,2025-12-17,Elevaciones laterales,2,14,96.0,RPE 8
8881,2026-06-04,Sentadilla,4,10,101.0,Pesado
8882,2025-09-19,Sentadilla,5,3,117.5,RPE 8
8883,2026-06-26,Press militar,5,14,107.0,Fácil
8884,2025-09-03,Hip thrust,1,7,129.0,Pesado
8885,2026-04-04,Fondos lastrados,2,8,134.5,Buena técnica
8886,2026-05-26,Press militar,4,6,123.0,Fácil
8887,2025-09-16,Press de banca,1,2,90.0,Fácil
8888,2026-05-21,Press francés,5,11,26.5,Fallo cerca
8889,2025-09-29,Fondos lastrados,3,1,34.0,Fácil
8890,2025-10-21,Peso muerto,5,2,127.0,Pesado
8891,2026-02-26,Press militar,1,7,115.5,Pesado
8892,2026-05-28,Peso muerto,4,8,118.0,Fallo cerca
8893,2025-08-11,Press francés,4,9,110.5,RPE 9
8894,2026-06-14,Dominadas lastradas,2,4,36.0,RPE 9
8895,2026-01-22,Press militar,1,6,41.0,Fallo cerca
8896,2026-07-05,Press militar,2,9,94.5,Buen estímulo
8897,2025-12-18,Remo con barra,4,1,130.0,Buen estímulo
8898,2025-09-09,Peso muerto,4,12,51.5,Fácil
8899,2025-08-29,Press de banca,4,2,54.0,Pesado
8900,2025-12-03,Fondos lastrados,5,15,44.0,Buena técnica
8901,2025-12-02,Press militar,3,1,144.0,RPE 9
8902,2026-03-25,Press de banca,4,13,124.0,Buena técnica
8903,2026-05-10,Elevaciones laterales,1,10,77.0,Normal
8904,2026-05-24,Peso muerto,4,9,79.0,Normal
8905,2026-06-03,Curl de bíceps,3,1,114.0,Normal
8906,2026-07-07,Sentadilla,1,2,80.0,Fácil
8907,2025-07-30,Remo con barra,4,10,80.5,Buena técnica
8908,2025-10-21,Fondos lastrados,5,6,74.5,Fácil
8909,2025-09-26,Hip thrust,1,7,32.0,Normal
8910,2026-04-01,Fondos lastrados,4,15,43.5,RPE 8
8911,2025-08-11,Sentadilla búlgara,2,3,98.5,Pesado
8912,2025-10-27,Peso muerto,4,12,26.5,RPE 9
8913,2025-09-09,Press francés,4,7,101.5,Pesado
8914,2026-06-29,Press francés,3,6,105.0,Buena técnica
8915,2026-06-13,Dominadas lastradas,1,11,21.0,RPE 8
8916,2026-05-13,Press de banca,4,14,40.0,Normal
8917,2026-01-19,Remo con barra,4,5,131.0,RPE 9
8918,2025-12-08,Sentadilla,5,14,82.0,Buen estímulo
8919,2025-10-29,Press francés,2,14,136.0,RPE 8
8920,2025-09-19,Press militar,3,5,55.5,RPE 9
8921,2025-11-04,Fondos lastrados,2,15,122.5,Buen estímulo
8922,2026-07-12,Press de banca,1,15,31.0,Pesado
8923,2025-08-17,Remo con barra,5,7,125.5,Fallo cerca
8924,2025-11-26,Hip thrust,4,1,45.0,Fácil
8925,2025-07-24,Press militar,2,9,75.0,Normal
8926,2025-08-31,Fondos lastrados,2,1,52.5,RPE 8
8927,2026-04-16,Remo con barra,1,11,104.5,Fácil
8928,2026-07-05,Curl de bíceps,5,3,26.0,Fallo cerca
8929,2025-12-01,Remo con barra,4,8,21.5,Fallo cerca
8930,2025-12-16,Curl de bíceps,3,5,16.0,Fácil
8931,2026-03-20,Fondos lastrados,5,9,115.5,RPE 8
8932,2025-12-15,Remo con barra,4,3,90.5,Pesado
8933,2026-02-20,Hip thrust,4,8,13.0,Buen estímulo
8934,2026-07-07,Sentadilla,5,9,98.0,RPE 9
8935,2025-08-19,Dominadas lastradas,1,9,47.0,RPE 9
8936,2026-03-21,Fondos lastrados,2,14,78.0,Normal
8937,2026-05-09,Elevaciones laterales,4,14,19.0,Fácil
8938,2026-03-19,Sentadilla,2,9,136.0,Buen estímulo
8939,2025-07-22,Remo con barra,3,10,60.0,Fácil
8940,2026-05-04,Press militar,3,15,144.0,Buen estímulo
8941,2025-07-19,Sentadilla búlgara,4,13,77.5,Buen estímulo
8942,2025-12-24,Sentadilla,4,2,42.5,Normal
8943,2025-09-30,Press militar,1,5,100.0,RPE 8
8944,2026-07-17,Elevaciones laterales,4,6,21.0,Pesado
8945,2025-12-28,Hip thrust,3,10,53.0,Fácil
8946,2026-07-13,Press de banca,5,9,75.5,Pesado
8947,2026-05-31,Fondos lastrados,1,3,58.0,Normal
8948,2025-12-25,Peso muerto,2,5,49.0,Pesado
8949,2026-04-09,Hip thrust,2,5,16.5,Fácil
8950,2025-10-25,Elevaciones laterales,2,4,93.5,Fallo cerca
8951,2026-04-06,Remo con barra,3,12,81.0,Buen estímulo
8952,2025-08-30,Dominadas lastradas,4,8,37.0,Fácil
8953,2026-04-21,Sentadilla,2,10,23.5,Fácil
8954,2025-08-18,Hip thrust,3,4,127.5,RPE 8
8955,2026-03-25,Curl de bíceps,1,8,124.0,Pesado
8956,2026-07-09,Elevaciones laterales,3,2,20.5,Fácil
8957,2026-07-15,Curl de bíceps,4,11,51.5,RPE 8
8958,2025-11-02,Sentadilla,5,4,22.0,Buena técnica
8959,2026-02-21,Press militar,1,15,46.5,Fácil
8960,2026-01-20,Press de banca,3,12,67.5,Fallo cerca
8961,2026-07-14,Hip thrust,5,6,137.5,Pesado
8962,2026-05-07,Elevaciones laterales,1,5,75.5,Normal
8963,2026-07-18,Sentadilla,1,13,88.0,RPE 8
8964,2026-06-11,Press francés,4,5,15.0,Fallo cerca
8965,2026-06-10,Remo con barra,5,14,86.5,RPE 8
8966,2026-05-03,Elevaciones laterales,4,10,47.0,RPE 9
8967,2026-02-09,Dominadas lastradas,4,15,48.0,RPE 9
8968,2026-03-01,Hip thrust,3,8,22.0,Buen estímulo
8969,2026-06-29,Fondos lastrados,5,2,21.0,RPE 8
8970,2025-09-09,Dominadas lastradas,5,12,116.0,Normal
8971,2025-11-29,Curl de bíceps,5,2,44.0,Fallo cerca
8972,2026-04-30,Sentadilla,4,7,145.0,Pesado
8973,2025-09-23,Elevaciones laterales,5,14,150.0,Fallo cerca
8974,2026-05-30,Dominadas lastradas,5,13,140.5,Fácil
8975,2026-06-07,Remo con barra,3,5,77.5,Pesado
8976,2026-01-01,Elevaciones laterales,3,11,39.5,RPE 8
8977,2025-08-23,Press francés,3,8,47.5,Normal
8978,2025-12-06,Curl de bíceps,5,11,134.0,Buen estímulo
8979,2025-11-20,Hip thrust,4,12,99.5,Fácil
8980,2025-12-02,Press militar,2,13,81.0,RPE 9
8981,2025-11-25,Dominadas lastradas,1,3,106.0,Pesado
8982,2026-07-06,Hip thrust,4,3,137.5,Fácil
8983,2026-05-19,Peso muerto,3,14,84.0,Buena técnica
8984,2026-03-13,Remo con barra,2,1,98.0,Fallo cerca
8985,2026-05-06,Press militar,3,6,119.5,Buena técnica
8986,2026-03-29,Press militar,5,12,21.5,Pesado
8987,2026-04-01,Curl de bíceps,5,15,101.5,Pesado
8988,2025-09-21,Sentadilla búlgara,1,6,67.5,Fácil
8989,2026-03-17,Press francés,2,12,38.5,Pesado
8990,2026-05-13,Remo con barra,4,1,44.0,RPE 9
8991,2025-07-22,Sentadilla búlgara,3,10,22.5,Fallo cerca
8992,2026-06-18,Dominadas lastradas,1,12,34.5,Buen estímulo
8993,2026-02-13,Press francés,2,10,133.5,Buena técnica
8994,2026-03-30,Sentadilla búlgara,1,6,128.5,Fácil
8995,2026-05-13,Peso muerto,1,6,46.5,RPE 8
8996,2025-11-10,Press de banca,5,11,25.5,RPE 8
8997,2025-12-06,Peso muerto,4,8,67.5,Buen estímulo
8998,2026-01-25,Peso muerto,2,12,40.5,RPE 8
8999,2025-07-21,Sentadilla,1,15,70.0,Buena técnica
9000,2026-06-21,Fondos lastrados,4,9,121.5,Fácil
9001,2025-11-28,Remo con barra,4,8,134.5,Fácil
9002,2025-09-07,Sentadilla búlgara,3,1,32.5,Buen estímulo
9003,2025-08-10,Dominadas lastradas,3,7,94.0,RPE 8
9004,2026-03-21,Press militar,3,13,77.5,Buena técnica
9005,2026-02-15,Peso muerto,2,6,94.0,RPE 8
9006,2025-11-28,Press militar,4,11,52.5,RPE 9
9007,2026-02-17,Press militar,2,3,37.0,Pesado
9008,2026-05-08,Elevaciones laterales,3,1,149.0,RPE 8
9009,2025-11-26,Elevaciones laterales,5,2,93.0,Buen estímulo
9010,2025-11-29,Sentadilla,1,3,86.5,Buen estímulo
9011,2025-10-19,Press militar,3,5,57.0,Pesado
9012,2026-04-04,Fondos lastrados,5,8,78.5,Buen estímulo
9013,2025-11-09,Hip thrust,1,13,32.0,Buen estímulo
9014,2026-04-01,Sentadilla búlgara,4,4,42.5,RPE 8
9015,2026-06-20,Peso muerto,2,10,131.0,Buen estímulo
9016,2026-06-27,Dominadas lastradas,2,10,101.5,Fácil
9017,2026-05-31,Hip thrust,2,14,66.5,RPE 9
9018,2026-02-13,Sentadilla búlgara,3,9,126.0,Buen estímulo
9019,2026-04-25,Fondos lastrados,2,9,12.0,Fallo cerca
9020,2025-08-23,Dominadas lastradas,3,6,73.0,Fallo cerca
9021,2026-05-13,Elevaciones laterales,2,13,25.5,Buena técnica
9022,2026-04-21,Elevaciones laterales,4,12,24.5,Fácil
9023,2025-12-29,Fondos lastrados,2,7,66.5,RPE 8
9024,2025-12-23,Peso muerto,3,7,100.0,Pesado
9025,2025-09-21,Sentadilla búlgara,5,3,38.0,Pesado
9026,2026-02-03,Hip thrust,5,9,131.0,Normal
9027,2026-04-08,Peso muerto,4,7,36.0,Fallo cerca
9028,2025-09-24,Fondos lastrados,5,4,48.5,Pesado
9029,2026-06-13,Dominadas lastradas,2,5,89.0,Fácil
9030,2026-02-01,Remo con barra,4,15,78.5,Pesado
9031,2026-06-26,Elevaciones laterales,5,13,19.0,Fallo cerca
9032,2025-12-04,Hip thrust,1,14,76.5,Buena técnica
9033,2026-04-27,Press militar,5,9,136.5,RPE 8
9034,2026-03-11,Dominadas lastradas,4,10,117.5,Normal
9035,2025-09-05,Dominadas lastradas,4,9,21.0,Fácil
9036,2025-09-16,Elevaciones laterales,3,13,126.5,Buena técnica
9037,2026-06-24,Remo con barra,5,1,110.0,Fácil
9038,2025-08-18,Remo con barra,4,14,54.0,Buen estímulo
9039,2025-08-20,Dominadas lastradas,2,10,28.0,Pesado
9040,2026-05-10,Peso muerto,5,8,55.5,Buen estímulo
9041,2026-07-03,Remo con barra,5,6,90.0,Buena técnica
9042,2026-05-04,Fondos lastrados,3,1,126.5,Normal
9043,2026-04-15,Elevaciones laterales,4,2,144.5,Pesado
9044,2026-05-17,Press de banca,2,1,47.5,Normal
9045,2025-12-04,Sentadilla búlgara,4,11,103.5,Buen estímulo
9046,2025-12-13,Dominadas lastradas,5,4,142.0,Normal
9047,2025-12-30,Elevaciones laterales,2,4,19.5,Normal
9048,2025-10-11,Curl de bíceps,5,3,130.5,Fácil
9049,2025-08-06,Peso muerto,1,8,43.0,RPE 8
9050,2026-05-30,Press francés,5,10,121.5,Pesado
9051,2026-05-22,Curl de bíceps,5,10,142.5,Buena técnica
9052,2026-01-17,Fondos lastrados,1,4,103.5,RPE 9
9053,2026-03-07,Peso muerto,1,9,135.5,Normal
9054,2025-12-26,Hip thrust,3,2,63.5,Fácil
9055,2025-11-04,Press francés,2,5,80.0,RPE 8
9056,2025-12-30,Press de banca,2,10,140.5,Normal
9057,2025-12-09,Fondos lastrados,2,7,89.5,Normal
9058,2025-12-16,Peso muerto,2,12,136.0,RPE 8
9059,2025-12-26,Sentadilla búlgara,1,14,14.5,Buena técnica
9060,2026-05-11,Fondos lastrados,4,4,142.5,Buen estímulo
9061,2025-08-09,Curl de bíceps,1,2,143.0,RPE 8
9062,2025-07-21,Hip thrust,4,8,124.0,RPE 9
9063,2026-01-04,Press francés,5,2,125.0,Pesado
9064,2025-10-05,Sentadilla búlgara,2,9,102.0,Pesado
9065,2025-12-03,Peso muerto,3,7,26.5,Fácil
9066,2025-11-28,Sentadilla,1,8,36.5,Normal
9067,2025-11-16,Press militar,2,10,109.0,RPE 9
9068,2026-02-06,Curl de bíceps,5,11,145.0,Buena técnica
9069,2025-10-14,Dominadas lastradas,1,9,12.5,Pesado
9070,2025-11-02,Curl de bíceps,3,5,130.5,Normal
9071,2026-06-16,Press militar,2,8,145.5,RPE 9
9072,2026-05-20,Press francés,5,10,88.5,Buena técnica
9073,2026-06-27,Remo con barra,5,3,72.5,RPE 9
9074,2026-01-10,Elevaciones laterales,5,4,104.0,Pesado
9075,2026-05-27,Hip thrust,4,13,51.5,RPE 8
9076,2025-08-13,Fondos lastrados,4,5,135.5,Fallo cerca
9077,2025-11-06,Peso muerto,5,4,100.0,Normal
9078,2026-02-05,Sentadilla búlgara,1,2,112.0,Buena técnica
9079,2025-10-02,Elevaciones laterales,5,2,116.0,Fácil
9080,2026-06-15,Sentadilla,3,3,42.0,Buena técnica
9081,2026-04-21,Press de banca,4,10,71.0,Fácil
9082,2025-08-25,Sentadilla,5,7,88.0,RPE 9
9083,2025-08-11,Remo con barra,3,14,119.0,Buena técnica
9084,2026-02-08,Fondos lastrados,3,15,94.0,Buena técnica
9085,2026-03-17,Dominadas lastradas,2,6,64.0,Normal
9086,2026-02-08,Elevaciones laterales,1,14,63.5,RPE 8
9087,2026-07-04,Curl de bíceps,3,9,78.0,Normal
9088,2025-12-24,Hip thrust,1,12,17.5,Fácil
9089,2025-09-30,Remo con barra,5,11,14.5,Pesado
9090,2025-11-15,Press militar,5,3,111.0,Fallo cerca
9091,2026-07-01,Press de banca,4,10,99.0,RPE 8
9092,2025-07-18,Remo con barra,5,9,99.5,RPE 8
9093,2025-12-29,Sentadilla búlgara,2,14,83.0,Buen estímulo
9094,2026-03-03,Dominadas lastradas,1,6,79.5,Normal
9095,2025-12-28,Press militar,1,11,136.5,Buena técnica
9096,2025-11-13,Peso muerto,2,13,95.5,Buen estímulo
9097,2026-02-27,Sentadilla búlgara,5,2,17.0,Buen estímulo
9098,2025-12-19,Elevaciones laterales,2,9,107.0,RPE 9
9099,2026-04-29,Hip thrust,3,8,55.0,Buen estímulo
9100,2025-10-18,Peso muerto,5,7,15.0,RPE 9
9101,2026-02-16,Press de banca,5,5,123.5,Fácil
9102,2025-08-05,Sentadilla,5,15,36.0,Buen estímulo
9103,2026-05-03,Sentadilla,1,7,69.5,Pesado
9104,2026-02-06,Fondos lastrados,3,4,144.5,Pesado
9105,2026-04-09,Dominadas lastradas,4,4,67.5,Fácil
9106,2026-02-04,Press de banca,1,8,83.0,Fácil
9107,2025-11-17,Press militar,4,6,49.5,Buen estímulo
9108,2025-12-04,Peso muerto,2,7,95.5,Pesado
9109,2026-04-13,Curl de bíceps,1,1,29.0,RPE 9
9110,2025-10-24,Elevaciones laterales,5,2,92.0,Buena técnica
9111,2026-01-13,Press francés,4,6,65.5,Fallo cerca
9112,2025-10-22,Curl de bíceps,4,3,111.0,Normal
9113,2025-08-01,Fondos lastrados,5,8,94.0,Buena técnica
9114,2026-06-18,Hip thrust,3,13,117.5,Buen estímulo
9115,2025-11-06,Press francés,3,15,140.0,Buena técnica
9116,2026-04-28,Press francés,4,9,130.0,RPE 8
9117,2025-07-18,Press militar,4,5,26.5,Fallo cerca
9118,2026-07-02,Fondos lastrados,2,6,132.0,RPE 8
9119,2026-02-28,Peso muerto,3,12,77.0,Buena técnica
9120,2026-01-30,Press francés,1,9,28.5,Fallo cerca
9121,2025-07-21,Elevaciones laterales,5,14,141.0,Pesado
9122,2026-01-11,Press militar,2,15,146.5,RPE 8
9123,2026-01-16,Dominadas lastradas,1,8,125.0,Fallo cerca
9124,2026-06-15,Press de banca,3,10,108.0,Buen estímulo
9125,2026-02-07,Curl de bíceps,2,6,65.5,RPE 8
9126,2025-12-29,Sentadilla búlgara,3,13,141.0,Normal
9127,2025-08-19,Press de banca,2,11,69.5,Fallo cerca
9128,2025-07-28,Sentadilla búlgara,1,11,59.5,Fallo cerca
9129,2026-07-08,Curl de bíceps,3,3,108.5,Fácil
9130,2025-08-22,Remo con barra,1,15,36.0,RPE 8
9131,2026-07-06,Sentadilla búlgara,1,6,111.0,RPE 9
9132,2026-04-17,Press francés,1,8,135.5,Fácil
9133,2026-05-21,Press militar,2,4,47.5,RPE 9
9134,2026-04-10,Sentadilla búlgara,2,5,88.5,Buen estímulo
9135,2025-08-19,Elevaciones laterales,3,8,129.5,Buen estímulo
9136,2025-12-26,Press de banca,5,13,128.0,RPE 9
9137,2025-08-24,Hip thrust,4,7,49.0,Buena técnica
9138,2026-06-28,Fondos lastrados,1,2,85.0,RPE 8
9139,2026-02-04,Hip thrust,5,14,65.5,RPE 9
9140,2026-05-27,Curl de bíceps,2,4,71.0,RPE 8
9141,2025-12-01,Peso muerto,2,14,93.0,Fácil
9142,2025-10-07,Press militar,5,7,84.5,Fallo cerca
9143,2026-06-25,Hip thrust,1,14,125.0,RPE 9
9144,2025-09-13,Sentadilla,5,12,20.0,Buena técnica
9145,2026-01-14,Press militar,1,6,25.0,Pesado
9146,2026-05-14,Remo con barra,2,12,114.0,Normal
9147,2026-06-10,Elevaciones laterales,1,15,130.0,RPE 8
9148,2025-08-14,Press militar,2,12,61.0,RPE 9
9149,2026-04-21,Peso muerto,5,10,142.5,Fallo cerca
9150,2025-09-16,Sentadilla,4,8,128.0,Normal
9151,2025-08-24,Elevaciones laterales,3,9,75.0,RPE 9
9152,2025-09-25,Dominadas lastradas,3,12,110.0,Buen estímulo
9153,2026-03-03,Press francés,3,3,24.0,Fallo cerca
9154,2025-08-12,Hip thrust,1,5,106.5,RPE 8
9155,2025-09-25,Curl de bíceps,1,9,29.0,RPE 8
9156,2026-03-02,Elevaciones laterales,4,15,128.0,Buen estímulo
9157,2026-05-03,Fondos lastrados,3,14,92.0,Buen estímulo
9158,2025-09-11,Sentadilla búlgara,3,4,60.5,RPE 8
9159,2026-02-17,Hip thrust,4,12,23.5,Pesado
9160,2026-02-05,Remo con barra,3,3,14.5,Fallo cerca
9161,2025-08-04,Elevaciones laterales,1,6,88.0,Pesado
9162,2026-01-22,Remo con barra,1,14,111.0,Pesado
9163,2025-11-20,Press militar,1,1,93.0,Pesado
9164,2025-12-04,Sentadilla búlgara,1,7,88.0,Buena técnica
9165,2026-01-15,Peso muerto,1,1,134.5,Normal
9166,2025-11-12,Dominadas lastradas,5,8,19.5,Normal
9167,2026-06-20,Elevaciones laterales,1,10,69.0,Buena técnica
9168,2026-02-04,Elevaciones laterales,5,3,51.0,Normal
9169,2026-01-14,Press militar,2,10,81.5,RPE 9
9170,2025-10-24,Sentadilla,5,10,58.5,RPE 8
9171,2025-07-25,Peso muerto,5,3,149.0,RPE 8
9172,2026-02-05,Elevaciones laterales,2,5,100.5,Normal
9173,2026-07-11,Sentadilla,3,3,21.5,Pesado
9174,2025-10-26,Press de banca,2,10,80.5,Pesado
9175,2026-07-15,Remo con barra,5,9,38.5,Fácil
9176,2025-09-23,Fondos lastrados,5,7,67.5,RPE 8
9177,2025-11-12,Sentadilla,5,12,26.0,Buena técnica
9178,2025-10-07,Press de banca,4,15,16.5,Normal
9179,2026-05-20,Peso muerto,4,12,109.5,Fácil
9180,2026-07-04,Dominadas lastradas,4,10,35.5,Normal
9181,2025-08-22,Curl de bíceps,5,5,108.5,RPE 8
9182,2026-01-27,Press militar,3,9,129.0,Pesado
9183,2025-09-10,Dominadas lastradas,3,3,106.0,Normal
9184,2025-09-05,Elevaciones laterales,2,10,58.0,Buena técnica
9185,2025-08-14,Remo con barra,2,3,72.5,RPE 9
9186,2026-03-22,Sentadilla,3,6,56.5,Fácil
9187,2025-11-30,Hip thrust,3,1,95.0,Pesado
9188,2025-07-23,Press de banca,4,12,100.5,Buena técnica
9189,2025-12-05,Sentadilla búlgara,1,1,85.5,Normal
9190,2026-03-16,Elevaciones laterales,1,3,110.5,Fallo cerca
9191,2025-12-01,Dominadas lastradas,3,7,147.0,RPE 9
9192,2025-11-19,Sentadilla,1,7,103.0,Pesado
9193,2025-09-09,Peso muerto,3,11,89.0,Pesado
9194,2025-11-12,Peso muerto,3,5,51.5,RPE 8
9195,2026-06-17,Peso muerto,4,1,91.5,Pesado
9196,2026-07-04,Hip thrust,2,7,48.0,Pesado
9197,2025-09-02,Remo con barra,4,9,78.5,RPE 9
9198,2025-07-18,Press militar,5,6,115.0,Pesado
9199,2025-09-17,Press militar,2,7,142.0,Buen estímulo
9200,2026-07-17,Dominadas lastradas,4,5,15.5,Normal
9201,2025-12-09,Press de banca,4,9,55.5,Pesado
9202,2026-01-17,Sentadilla,3,6,101.5,Buena técnica
9203,2025-11-29,Hip thrust,3,11,80.5,Buena técnica
9204,2025-12-19,Sentadilla búlgara,5,15,55.5,Buen estímulo
9205,2026-01-27,Curl de bíceps,2,15,145.0,Buena técnica
9206,2025-10-10,Hip thrust,2,13,37.5,Fácil
9207,2025-11-24,Hip thrust,2,13,148.0,Buena técnica
9208,2026-04-17,Press de banca,1,3,15.0,Normal
9209,2025-07-25,Fondos lastrados,5,6,107.5,Normal
9210,2025-10-26,Press francés,2,5,47.0,Fallo cerca
9211,2025-12-31,Press francés,3,10,67.5,Buena técnica
9212,2026-05-11,Sentadilla,3,11,83.5,Fácil
9213,2025-07-25,Elevaciones laterales,5,1,49.5,Normal
9214,2025-11-19,Press militar,4,13,120.0,RPE 9
9215,2026-06-08,Hip thrust,1,5,135.5,RPE 8
9216,2026-07-01,Dominadas lastradas,5,4,21.0,Buen estímulo
9217,2025-12-09,Dominadas lastradas,3,2,87.5,RPE 8
9218,2026-06-11,Press de banca,5,2,90.0,Buena técnica
9219,2026-06-28,Elevaciones laterales,1,1,144.5,Buena técnica
9220,2026-06-08,Remo con barra,1,3,84.5,Pesado
9221,2025-10-31,Dominadas lastradas,4,7,30.5,Buena técnica
9222,2026-04-16,Fondos lastrados,5,1,86.0,Fallo cerca
9223,2026-01-26,Sentadilla búlgara,1,7,79.0,RPE 8
9224,2026-04-11,Peso muerto,2,13,48.5,Pesado
9225,2025-07-21,Press de banca,4,13,106.0,Buen estímulo
9226,2026-04-24,Fondos lastrados,2,7,106.0,Buen estímulo
9227,2026-07-06,Remo con barra,2,3,144.0,RPE 8
9228,2026-02-20,Elevaciones laterales,4,8,112.5,RPE 9
9229,2025-08-06,Dominadas lastradas,2,8,21.0,Buen estímulo
9230,2025-08-20,Curl de bíceps,4,4,38.5,Normal
9231,2026-05-11,Press militar,1,15,87.0,Buen estímulo
9232,2025-09-04,Remo con barra,2,4,17.5,RPE 9
9233,2026-06-20,Curl de bíceps,5,4,19.5,Buena técnica
9234,2026-02-21,Press de banca,1,8,34.5,Fallo cerca
9235,2026-01-19,Press militar,2,7,122.5,Buen estímulo
9236,2025-11-18,Press de banca,4,11,83.5,RPE 9
9237,2025-08-04,Elevaciones laterales,4,15,31.5,Pesado
9238,2026-06-10,Sentadilla,1,13,55.0,Fallo cerca
9239,2025-09-17,Hip thrust,3,6,107.0,RPE 8
9240,2026-05-14,Press de banca,2,1,14.0,Normal
9241,2025-12-17,Peso muerto,2,4,69.0,Pesado
9242,2026-03-24,Press militar,1,7,23.0,Fácil
9243,2025-08-09,Fondos lastrados,1,13,126.0,Fácil
9244,2025-10-20,Fondos lastrados,1,13,85.5,Buena técnica
9245,2026-05-25,Sentadilla búlgara,3,5,32.0,Fallo cerca
9246,2026-05-27,Press militar,5,3,114.0,Fácil
9247,2026-06-30,Fondos lastrados,3,10,104.5,Fallo cerca
9248,2025-07-18,Dominadas lastradas,1,3,12.0,Fácil
9249,2025-10-13,Dominadas lastradas,1,14,121.5,Pesado
9250,2026-02-17,Remo con barra,2,5,30.5,Pesado
9251,2026-05-07,Hip thrust,4,11,108.5,Fácil
9252,2026-06-28,Press francés,2,13,135.5,Buen estímulo
9253,2026-01-19,Remo con barra,3,3,16.0,Fallo cerca
9254,2026-05-14,Dominadas lastradas,3,8,68.5,RPE 8
9255,2025-09-01,Press francés,3,10,41.0,RPE 9
9256,2026-02-14,Peso muerto,4,15,87.5,Pesado
9257,2026-06-03,Fondos lastrados,3,10,10.0,Pesado
9258,2025-07-22,Peso muerto,2,4,12.5,Buena técnica
9259,2025-11-09,Press francés,4,15,68.0,RPE 9
9260,2025-11-14,Press militar,3,1,98.5,Normal
9261,2026-06-23,Hip thrust,4,13,146.0,RPE 9
9262,2026-05-19,Curl de bíceps,4,11,138.5,Pesado
9263,2026-06-30,Curl de bíceps,5,4,112.5,Fallo cerca
9264,2026-01-11,Sentadilla,4,14,14.0,Fácil
9265,2026-02-08,Dominadas lastradas,3,14,20.5,RPE 9
9266,2026-02-18,Remo con barra,5,3,24.0,Buen estímulo
9267,2026-06-22,Sentadilla búlgara,5,15,53.5,Normal
9268,2026-05-25,Sentadilla búlgara,5,13,106.0,Pesado
9269,2026-03-04,Sentadilla,3,5,57.5,Fallo cerca
9270,2026-02-26,Press militar,3,2,16.0,RPE 8
9271,2026-02-15,Elevaciones laterales,5,7,139.0,Buena técnica
9272,2025-10-18,Sentadilla,4,9,10.5,RPE 9
9273,2026-05-12,Remo con barra,2,4,85.5,Normal
9274,2026-07-02,Press francés,3,6,126.5,RPE 8
9275,2025-09-14,Press francés,1,9,83.5,Normal
9276,2026-07-15,Elevaciones laterales,3,10,142.5,Buen estímulo
9277,2026-06-16,Peso muerto,5,3,109.0,Buen estímulo
9278,2025-07-19,Curl de bíceps,3,12,80.0,Buena técnica
9279,2025-07-19,Curl de bíceps,3,13,128.5,Normal
9280,2026-02-13,Elevaciones laterales,2,10,99.5,RPE 8
9281,2025-12-15,Press francés,3,6,149.5,Normal
9282,2026-01-20,Peso muerto,5,3,130.5,RPE 9
9283,2026-01-05,Sentadilla búlgara,5,13,86.0,RPE 9
9284,2026-03-14,Peso muerto,2,9,102.0,RPE 8
9285,2026-06-20,Press militar,3,7,38.5,Buen estímulo
9286,2026-01-15,Elevaciones laterales,1,14,54.0,Pesado
9287,2026-06-05,Elevaciones laterales,3,12,97.0,RPE 9
9288,2026-04-06,Elevaciones laterales,3,5,73.5,Buen estímulo
9289,2026-01-03,Press militar,4,4,101.0,Pesado
9290,2025-08-22,Sentadilla búlgara,1,11,78.0,Fallo cerca
9291,2025-09-12,Remo con barra,2,4,14.5,Fácil
9292,2025-09-21,Sentadilla,3,13,48.0,Buena técnica
9293,2025-10-15,Press militar,5,8,88.5,Buena técnica
9294,2026-02-11,Remo con barra,4,5,65.5,Fallo cerca
9295,2026-01-05,Curl de bíceps,4,6,13.0,RPE 9
9296,2025-12-19,Press militar,1,6,12.0,Buena técnica
9297,2026-06-01,Press francés,4,12,116.5,Normal
9298,2026-05-21,Remo con barra,3,5,99.5,Fácil
9299,2026-07-18,Sentadilla búlgara,1,4,89.0,Fallo cerca
9300,2026-03-16,Dominadas lastradas,4,10,42.5,Fallo cerca
9301,2025-08-17,Press de banca,5,12,71.0,Buena técnica
9302,2026-05-07,Remo con barra,4,12,58.5,RPE 9
9303,2026-03-15,Press francés,5,15,91.0,RPE 8
9304,2026-03-15,Dominadas lastradas,3,9,58.5,Normal
9305,2026-04-27,Hip thrust,5,6,88.5,Normal
9306,2026-03-23,Elevaciones laterales,3,11,137.0,Normal
9307,2026-05-25,Sentadilla,3,2,86.0,Fácil
9308,2026-04-24,Hip thrust,5,3,143.5,Normal
9309,2026-04-10,Remo con barra,2,6,84.5,Normal
9310,2026-02-25,Dominadas lastradas,3,3,128.0,Fallo cerca
9311,2025-07-20,Press francés,2,1,127.5,RPE 8
9312,2026-04-03,Elevaciones laterales,4,11,27.0,Buena técnica
9313,2026-06-02,Curl de bíceps,1,6,90.0,Fallo cerca
9314,2026-05-24,Dominadas lastradas,3,2,102.5,Buena técnica
9315,2026-01-22,Sentadilla búlgara,1,4,67.5,Normal
9316,2025-11-27,Curl de bíceps,3,14,12.5,Normal
9317,2025-08-01,Peso muerto,1,10,105.5,Pesado
9318,2026-05-07,Fondos lastrados,4,12,12.5,Fácil
9319,2025-09-08,Sentadilla búlgara,3,10,72.5,Buena técnica
9320,2026-02-18,Press francés,3,8,111.5,Fallo cerca
9321,2026-03-02,Sentadilla búlgara,4,3,117.0,Buen estímulo
9322,2026-02-27,Hip thrust,4,8,36.0,RPE 9
9323,2025-08-15,Remo con barra,1,12,125.5,Buena técnica
9324,2026-06-22,Fondos lastrados,5,14,35.5,Buena técnica
9325,2025-09-26,Sentadilla búlgara,5,10,72.5,Buena técnica
9326,2025-10-15,Press de banca,4,8,132.0,RPE 8
9327,2026-07-13,Curl de bíceps,5,14,12.5,Normal
9328,2025-08-24,Curl de bíceps,4,8,20.5,Pesado
9329,2025-09-23,Hip thrust,4,14,134.0,Fallo cerca
9330,2025-10-30,Press de banca,2,2,101.5,Fácil
9331,2025-12-23,Peso muerto,4,6,87.0,Normal
9332,2025-12-03,Remo con barra,5,6,17.5,Fallo cerca
9333,2026-01-20,Peso muerto,2,5,123.5,Normal
9334,2025-11-10,Press de banca,2,11,105.5,Pesado
9335,2025-10-03,Press de banca,3,4,135.0,Normal
9336,2025-09-05,Press francés,4,2,12.5,RPE 8
9337,2026-04-17,Elevaciones laterales,2,9,97.0,Fallo cerca
9338,2025-12-28,Hip thrust,1,1,27.0,RPE 8
9339,2026-03-30,Remo con barra,1,9,98.0,Fallo cerca
9340,2026-05-23,Press francés,5,15,77.0,Normal
9341,2026-01-16,Sentadilla búlgara,2,15,114.5,Pesado
9342,2025-10-14,Remo con barra,2,11,14.0,Pesado
9343,2026-05-25,Press francés,1,4,142.5,RPE 9
9344,2025-11-10,Press militar,5,4,72.0,Fácil
9345,2025-11-26,Press francés,4,11,110.5,Normal
9346,2025-09-23,Elevaciones laterales,2,10,150.0,RPE 8
9347,2026-04-05,Elevaciones laterales,2,14,102.5,Normal
9348,2025-10-21,Press de banca,2,15,112.0,RPE 9
9349,2025-09-22,Peso muerto,1,7,134.0,Buen estímulo
9350,2026-01-10,Remo con barra,3,8,100.5,Pesado
9351,2025-08-02,Remo con barra,4,13,62.5,Buen estímulo
9352,2026-06-23,Dominadas lastradas,1,4,144.5,Buena técnica
9353,2026-07-16,Fondos lastrados,1,8,28.0,RPE 8
9354,2025-09-12,Sentadilla búlgara,5,2,77.5,RPE 8
9355,2026-07-18,Dominadas lastradas,3,1,133.5,Normal
9356,2026-04-07,Curl de bíceps,2,15,62.0,Buena técnica
9357,2025-12-21,Hip thrust,1,1,52.5,RPE 9
9358,2025-12-06,Peso muerto,3,5,10.5,Buen estímulo
9359,2025-10-30,Elevaciones laterales,1,8,121.0,Fallo cerca
9360,2026-04-08,Elevaciones laterales,3,8,34.5,RPE 9
9361,2026-04-25,Fondos lastrados,3,15,58.5,Pesado
9362,2026-01-10,Peso muerto,5,9,50.0,RPE 9
9363,2026-01-30,Sentadilla,3,11,146.0,RPE 8
9364,2026-02-06,Curl de bíceps,4,5,97.0,Buen estímulo
9365,2025-09-30,Sentadilla búlgara,2,3,76.5,Fácil
9366,2025-11-10,Peso muerto,3,10,65.0,Pesado
9367,2025-08-05,Dominadas lastradas,3,9,130.5,RPE 9
9368,2026-01-29,Sentadilla búlgara,4,11,39.5,Pesado
9369,2025-11-27,Fondos lastrados,3,13,60.0,Buena técnica
9370,2026-06-06,Elevaciones laterales,2,1,102.0,RPE 8
9371,2026-06-21,Sentadilla búlgara,4,14,24.0,Buen estímulo
9372,2025-07-24,Press de banca,5,12,22.5,Fallo cerca
9373,2026-05-11,Press de banca,1,3,49.5,Buen estímulo
9374,2026-02-22,Fondos lastrados,4,14,13.0,Pesado
9375,2025-07-18,Sentadilla búlgara,5,13,99.5,RPE 8
9376,2026-04-17,Sentadilla,5,12,22.0,RPE 8
9377,2026-01-23,Sentadilla,1,14,140.0,RPE 8
9378,2026-02-09,Hip thrust,3,13,76.5,Fácil
9379,2025-08-24,Remo con barra,5,10,32.0,Buena técnica
9380,2025-11-15,Curl de bíceps,3,6,93.5,RPE 9
9381,2026-03-19,Hip thrust,3,7,88.0,Fácil
9382,2026-03-09,Sentadilla,4,11,58.5,Normal
9383,2025-12-22,Curl de bíceps,4,10,95.0,Fácil
9384,2026-05-11,Elevaciones laterales,1,6,79.5,Normal
9385,2026-04-03,Curl de bíceps,1,15,136.5,Normal
9386,2025-09-29,Elevaciones laterales,4,12,110.5,Fallo cerca
9387,2026-06-14,Sentadilla búlgara,5,11,27.0,RPE 9
9388,2025-08-05,Press francés,5,11,28.0,Buen estímulo
9389,2026-03-13,Sentadilla,5,11,48.5,RPE 8
9390,2026-03-20,Dominadas lastradas,3,9,110.5,RPE 9
9391,2025-10-29,Press de banca,4,3,70.0,RPE 9
9392,2026-03-28,Press militar,4,5,50.5,Fallo cerca
9393,2026-07-13,Press de banca,5,2,138.0,Buen estímulo
9394,2025-08-18,Peso muerto,2,11,10.5,Fallo cerca
9395,2025-08-13,Press francés,3,2,131.0,Pesado
9396,2026-01-29,Sentadilla,2,13,40.0,RPE 8
9397,2026-02-14,Hip thrust,3,12,144.5,Normal
9398,2025-08-14,Press francés,5,15,31.0,RPE 9
9399,2025-08-04,Press de banca,2,3,134.5,Fácil
9400,2026-02-07,Curl de bíceps,2,8,43.0,Normal
9401,2025-10-09,Press francés,4,2,115.5,Buen estímulo
9402,2025-12-01,Elevaciones laterales,4,2,70.5,RPE 8
9403,2026-03-06,Elevaciones laterales,4,2,20.0,Fallo cerca
9404,2026-05-05,Curl de bíceps,3,15,72.5,RPE 9
9405,2025-12-05,Dominadas lastradas,1,5,89.0,Normal
9406,2026-05-15,Sentadilla,3,10,30.0,Buen estímulo
9407,2025-07-22,Sentadilla búlgara,2,8,68.5,Fallo cerca
9408,2026-03-12,Dominadas lastradas,2,8,61.5,Normal
9409,2025-11-19,Peso muerto,2,5,82.0,Fallo cerca
9410,2026-02-23,Sentadilla,1,9,144.0,Buena técnica
9411,2026-06-08,Elevaciones laterales,1,5,86.5,Fallo cerca
9412,2026-02-11,Fondos lastrados,4,13,49.5,RPE 9
9413,2025-12-12,Dominadas lastradas,4,5,74.0,Fallo cerca
9414,2025-08-02,Sentadilla búlgara,1,14,80.5,Buen estímulo
9415,2025-08-02,Remo con barra,5,2,126.0,Pesado
9416,2025-12-06,Press militar,2,9,37.5,Buen estímulo
9417,2026-05-31,Elevaciones laterales,1,11,103.0,RPE 9
9418,2025-10-05,Sentadilla búlgara,3,7,69.5,Normal
9419,2026-05-01,Fondos lastrados,1,11,15.5,Pesado
9420,2025-12-07,Press militar,1,12,144.5,Fallo cerca
9421,2025-07-22,Hip thrust,5,15,90.0,Fácil
9422,2025-08-06,Press francés,2,6,43.5,Buena técnica
9423,2026-05-13,Fondos lastrados,1,4,134.0,Pesado
9424,2026-01-23,Press de banca,5,10,87.0,RPE 8
9425,2025-08-05,Press francés,2,15,13.0,Normal
9426,2025-10-04,Remo con barra,5,14,81.0,Normal
9427,2026-02-14,Curl de bíceps,3,6,22.5,Buen estímulo
9428,2026-07-03,Peso muerto,5,2,132.5,RPE 8
9429,2025-07-18,Peso muerto,4,12,23.0,Pesado
9430,2025-09-14,Elevaciones laterales,5,11,119.5,RPE 9
9431,2025-10-27,Dominadas lastradas,1,4,54.0,Buen estímulo
9432,2026-03-06,Sentadilla,1,15,106.5,RPE 8
9433,2025-11-19,Press de banca,4,7,135.0,Fallo cerca
9434,2025-08-28,Elevaciones laterales,2,12,62.0,Fácil
9435,2026-07-12,Sentadilla,3,12,118.0,Pesado
9436,2026-01-04,Press francés,5,6,53.5,Fácil
9437,2026-06-15,Elevaciones laterales,4,8,102.0,RPE 8
9438,2025-09-03,Remo con barra,1,1,22.0,RPE 8
9439,2025-11-20,Peso muerto,2,8,117.0,Buena técnica
9440,2026-05-20,Elevaciones laterales,5,6,39.5,Fallo cerca
9441,2025-12-27,Fondos lastrados,3,11,136.0,Normal
9442,2026-05-07,Curl de bíceps,2,10,35.0,Buena técnica
9443,2026-04-14,Elevaciones laterales,3,6,88.5,Fallo cerca
9444,2025-09-25,Sentadilla búlgara,4,14,37.5,Buena técnica
9445,2026-07-04,Dominadas lastradas,4,11,48.0,RPE 9
9446,2026-01-03,Sentadilla,3,11,55.0,Pesado
9447,2026-02-16,Peso muerto,3,1,133.0,Fácil
9448,2026-05-08,Press francés,3,8,125.0,Fácil
9449,2025-10-05,Sentadilla,3,15,135.5,Fácil
9450,2026-02-03,Press de banca,3,9,122.5,Pesado
9451,2025-09-25,Fondos lastrados,3,1,66.0,Buen estímulo
9452,2026-03-22,Peso muerto,4,4,132.5,Pesado
9453,2025-09-19,Sentadilla,2,5,75.5,Fácil
9454,2026-05-26,Dominadas lastradas,1,13,104.0,RPE 8
9455,2025-08-29,Peso muerto,5,5,122.0,Fácil
9456,2025-12-05,Remo con barra,5,9,75.5,RPE 8
9457,2026-01-05,Elevaciones laterales,1,9,10.0,Fallo cerca
9458,2025-11-11,Sentadilla búlgara,5,8,112.0,Normal
9459,2026-04-03,Press militar,3,9,118.5,RPE 9
9460,2026-04-13,Peso muerto,3,1,22.5,RPE 8
9461,2025-07-20,Peso muerto,5,3,90.0,RPE 8
9462,2026-06-17,Press militar,4,6,55.5,Buena técnica
9463,2025-07-20,Peso muerto,2,2,35.5,Fallo cerca
9464,2026-06-14,Hip thrust,2,1,60.0,RPE 9
9465,2025-08-18,Curl de bíceps,5,4,132.0,Normal
9466,2026-06-24,Press francés,2,8,123.5,Pesado
9467,2025-08-15,Elevaciones laterales,2,3,65.5,RPE 8
9468,2025-10-16,Fondos lastrados,2,1,124.0,RPE 8
9469,2026-01-23,Remo con barra,5,14,84.5,Fácil
9470,2025-09-23,Sentadilla,5,3,51.0,RPE 8
9471,2025-08-31,Dominadas lastradas,3,15,91.5,RPE 9
9472,2026-01-07,Hip thrust,4,7,72.0,Pesado
9473,2026-07-07,Press militar,4,13,25.5,Pesado
9474,2026-06-09,Sentadilla,4,13,121.5,Pesado
9475,2026-04-14,Fondos lastrados,4,14,112.5,RPE 8
9476,2025-11-20,Press militar,5,7,26.0,RPE 8
9477,2025-09-11,Sentadilla búlgara,1,14,33.0,Buena técnica
9478,2026-07-13,Dominadas lastradas,2,12,67.0,Buena técnica
9479,2026-05-07,Dominadas lastradas,3,11,113.0,Fácil
9480,2025-11-22,Peso muerto,4,5,74.0,Pesado
9481,2026-07-13,Press militar,4,4,64.5,Buena técnica
9482,2026-05-31,Sentadilla búlgara,2,11,98.0,Buena técnica
9483,2026-02-16,Hip thrust,5,2,79.5,Fallo cerca
9484,2025-10-09,Press francés,1,1,74.0,RPE 8
9485,2025-12-12,Peso muerto,4,10,95.5,Fallo cerca
9486,2026-03-04,Fondos lastrados,4,1,43.5,Pesado
9487,2025-09-14,Hip thrust,2,3,84.0,Buena técnica
9488,2026-07-05,Curl de bíceps,2,4,58.5,Fallo cerca
9489,2026-07-06,Press francés,1,5,45.0,Pesado
9490,2025-10-16,Hip thrust,1,7,133.5,RPE 9
9491,2025-10-21,Sentadilla,5,4,83.5,Normal
9492,2026-06-03,Sentadilla,4,11,94.5,Pesado
9493,2026-03-28,Fondos lastrados,3,1,88.5,Fallo cerca
9494,2026-02-03,Curl de bíceps,1,7,38.5,Pesado
9495,2025-08-13,Sentadilla búlgara,3,6,56.5,Buen estímulo
9496,2026-03-14,Sentadilla búlgara,1,8,33.0,Buena técnica
9497,2026-02-23,Curl de bíceps,3,8,10.5,Buen estímulo
9498,2026-01-27,Sentadilla búlgara,3,14,39.0,RPE 9
9499,2026-04-05,Sentadilla,4,10,57.0,RPE 8
9500,2025-12-02,Sentadilla búlgara,5,13,102.0,RPE 9
9501,2025-08-10,Peso muerto,4,1,85.0,Normal
9502,2025-12-04,Elevaciones laterales,5,10,144.5,Fallo cerca
9503,2025-10-08,Press de banca,1,7,85.5,Normal
9504,2025-12-25,Curl de bíceps,3,11,91.5,RPE 9
9505,2026-04-28,Sentadilla,2,14,149.5,Buena técnica
9506,2026-02-17,Hip thrust,2,10,31.0,RPE 8
9507,2026-04-30,Curl de bíceps,5,11,95.5,Normal
9508,2025-09-04,Elevaciones laterales,1,8,60.0,RPE 9
9509,2025-11-27,Remo con barra,4,8,60.5,Normal
9510,2026-01-11,Remo con barra,1,4,98.5,Normal
9511,2026-01-21,Fondos lastrados,4,13,19.5,Buena técnica
9512,2025-10-23,Hip thrust,4,11,149.0,Buena técnica
9513,2026-02-09,Hip thrust,1,12,10.0,Fallo cerca
9514,2025-10-28,Sentadilla,3,4,60.5,Buena técnica
9515,2026-01-26,Press militar,2,2,24.5,Normal
9516,2026-06-20,Dominadas lastradas,2,13,21.0,Buen estímulo
9517,2025-07-23,Dominadas lastradas,5,2,81.5,RPE 8
9518,2025-09-17,Sentadilla,1,9,68.5,Buena técnica
9519,2026-02-23,Press francés,2,6,104.5,RPE 8
9520,2026-03-19,Sentadilla,3,6,23.0,Fácil
9521,2025-09-30,Sentadilla búlgara,5,8,34.0,Fácil
9522,2025-11-16,Press francés,1,3,122.5,Buena técnica
9523,2026-03-28,Curl de bíceps,2,2,147.0,Fácil
9524,2026-04-06,Sentadilla búlgara,3,11,14.0,RPE 9
9525,2025-10-31,Fondos lastrados,2,12,32.5,RPE 8
9526,2026-04-27,Sentadilla búlgara,5,6,47.5,Normal
9527,2025-10-11,Remo con barra,3,15,129.5,RPE 8
9528,2026-02-08,Fondos lastrados,3,6,62.0,Buen estímulo
9529,2026-06-17,Press francés,4,5,103.0,Buena técnica
9530,2025-08-24,Remo con barra,1,15,31.0,Normal
9531,2025-09-04,Elevaciones laterales,3,11,15.0,Pesado
9532,2026-07-08,Sentadilla,1,2,148.0,RPE 8
9533,2025-08-18,Dominadas lastradas,4,3,77.0,Pesado
9534,2026-02-11,Peso muerto,4,7,71.0,RPE 9
9535,2026-06-11,Press de banca,4,11,13.5,Normal
9536,2025-09-04,Press militar,3,7,96.0,Buen estímulo
9537,2026-05-10,Elevaciones laterales,4,3,105.0,Buena técnica
9538,2025-10-02,Fondos lastrados,2,14,128.5,Fácil
9539,2025-11-19,Peso muerto,5,12,117.5,RPE 8
9540,2025-10-31,Fondos lastrados,2,12,26.5,Fallo cerca
9541,2026-02-26,Press de banca,2,7,90.0,RPE 9
9542,2026-05-08,Sentadilla,4,8,41.5,Buena técnica
9543,2026-01-03,Sentadilla,3,1,125.0,RPE 9
9544,2025-12-05,Remo con barra,4,12,29.0,Normal
9545,2026-03-04,Press militar,2,5,50.5,RPE 9
9546,2026-03-08,Peso muerto,1,14,61.5,Buena técnica
9547,2026-01-10,Press francés,1,2,145.5,Buen estímulo
9548,2026-01-10,Dominadas lastradas,3,3,43.0,Fácil
9549,2026-05-25,Dominadas lastradas,4,5,109.0,RPE 8
9550,2026-05-11,Peso muerto,1,8,126.5,Buena técnica
9551,2026-04-08,Press francés,5,14,59.0,Buena técnica
9552,2026-03-23,Remo con barra,4,12,36.0,Normal
9553,2026-01-18,Press francés,5,13,46.5,Normal
9554,2025-12-18,Remo con barra,3,12,120.0,Fácil
9555,2026-06-05,Remo con barra,2,4,85.0,RPE 8
9556,2026-06-22,Elevaciones laterales,5,3,53.5,Fácil
9557,2025-10-08,Fondos lastrados,4,14,91.5,Normal
9558,2026-01-26,Peso muerto,5,8,120.5,Normal
9559,2026-05-02,Elevaciones laterales,3,12,41.0,Buen estímulo
9560,2025-11-19,Press francés,5,15,64.5,Normal
9561,2025-08-30,Peso muerto,4,14,55.5,Pesado
9562,2025-08-30,Elevaciones laterales,5,13,144.5,RPE 9
9563,2026-02-26,Peso muerto,3,13,104.5,Pesado
9564,2026-03-18,Peso muerto,1,11,23.5,RPE 9
9565,2026-06-28,Curl de bíceps,5,1,77.0,Pesado
9566,2026-07-12,Elevaciones laterales,3,3,64.5,Buena técnica
9567,2026-04-01,Dominadas lastradas,3,12,50.5,Fácil
9568,2025-07-26,Press militar,1,14,64.0,Pesado
9569,2026-05-30,Curl de bíceps,4,12,72.0,Normal
9570,2026-07-16,Fondos lastrados,4,2,119.5,RPE 9
9571,2026-02-21,Press francés,4,1,33.5,RPE 8
9572,2026-02-22,Press francés,4,2,102.0,Normal
9573,2026-01-15,Fondos lastrados,3,9,102.5,Buen estímulo
9574,2025-11-07,Press francés,2,10,34.5,Buen estímulo
9575,2025-08-18,Sentadilla búlgara,4,6,126.0,Pesado
9576,2026-07-12,Elevaciones laterales,2,2,65.0,Buena técnica
9577,2025-08-26,Peso muerto,5,1,87.5,Pesado
9578,2026-07-12,Dominadas lastradas,1,7,84.0,RPE 9
9579,2026-01-07,Peso muerto,1,4,16.5,Normal
9580,2026-03-19,Sentadilla búlgara,1,12,138.0,Buena técnica
9581,2025-11-06,Peso muerto,3,5,101.0,Pesado
9582,2025-10-15,Elevaciones laterales,5,8,84.5,Fallo cerca
9583,2025-07-19,Dominadas lastradas,5,8,108.5,Buena técnica
9584,2025-08-22,Fondos lastrados,4,9,34.5,RPE 8
9585,2025-09-13,Sentadilla,5,12,137.0,Buena técnica
9586,2026-02-02,Fondos lastrados,5,9,48.0,Buena técnica
9587,2025-08-26,Dominadas lastradas,3,8,86.5,Buen estímulo
9588,2026-05-14,Elevaciones laterales,4,2,119.5,Pesado
9589,2026-06-16,Press de banca,3,3,131.5,Normal
9590,2025-12-17,Elevaciones laterales,2,4,36.0,RPE 9
9591,2026-06-08,Sentadilla búlgara,4,13,148.0,Buena técnica
9592,2026-07-14,Fondos lastrados,5,2,116.0,Fácil
9593,2025-10-15,Hip thrust,5,13,125.5,Fallo cerca
9594,2026-06-01,Peso muerto,3,2,34.0,Normal
9595,2026-04-19,Remo con barra,2,5,84.0,RPE 8
9596,2025-12-04,Sentadilla búlgara,1,3,18.0,RPE 9
9597,2026-02-28,Peso muerto,3,7,97.0,Buen estímulo
9598,2026-01-31,Press militar,1,7,86.5,RPE 8
9599,2025-10-25,Dominadas lastradas,1,9,95.5,RPE 9
9600,2026-02-13,Sentadilla búlgara,5,2,86.5,RPE 8
9601,2026-06-07,Curl de bíceps,3,8,86.5,RPE 9
9602,2026-06-09,Elevaciones laterales,2,15,139.5,RPE 9
9603,2025-08-17,Sentadilla,5,6,91.0,Pesado
9604,2026-03-01,Peso muerto,1,5,140.0,RPE 9
9605,2025-08-28,Peso muerto,5,7,126.0,Fácil
9606,2025-07-28,Press de banca,3,3,25.5,Buen estímulo
9607,2026-01-25,Sentadilla,5,3,48.5,Buena técnica
9608,2026-05-26,Curl de bíceps,2,7,150.0,Buena técnica
9609,2025-09-25,Hip thrust,4,4,146.5,RPE 8
9610,2025-09-23,Elevaciones laterales,5,4,90.0,Normal
9611,2026-05-12,Sentadilla búlgara,2,1,113.5,Fácil
9612,2025-12-24,Press de banca,3,9,35.5,Fácil
9613,2025-09-26,Elevaciones laterales,1,11,93.0,Buen estímulo
9614,2025-08-16,Curl de bíceps,5,5,36.0,Buen estímulo
9615,2025-09-07,Elevaciones laterales,3,2,76.5,Normal
9616,2026-02-15,Curl de bíceps,3,2,72.5,Fallo cerca
9617,2026-04-05,Fondos lastrados,2,4,138.0,Fallo cerca
9618,2026-02-16,Press militar,3,8,129.5,Fácil
9619,2025-08-19,Remo con barra,3,9,61.0,Pesado
9620,2025-10-12,Press de banca,4,3,33.5,Buen estímulo
9621,2025-11-12,Dominadas lastradas,4,5,15.0,RPE 9
9622,2025-12-01,Press francés,3,8,17.0,Pesado
9623,2026-06-26,Dominadas lastradas,5,3,77.0,Fácil
9624,2026-04-17,Sentadilla búlgara,4,13,72.0,Normal
9625,2026-06-09,Sentadilla,1,5,10.5,RPE 8
9626,2025-10-23,Elevaciones laterales,4,5,30.5,Buen estímulo
9627,2026-06-17,Press militar,2,15,75.5,Fallo cerca
9628,2026-06-14,Press militar,2,13,102.0,RPE 9
9629,2025-08-25,Dominadas lastradas,4,2,76.5,Normal
9630,2026-04-10,Press militar,2,10,104.5,Buena técnica
9631,2025-09-13,Sentadilla búlgara,3,10,54.5,Buen estímulo
9632,2026-07-13,Press francés,5,10,71.5,Pesado
9633,2026-03-12,Elevaciones laterales,1,1,120.5,Buena técnica
9634,2025-08-22,Press de banca,3,15,21.0,Fallo cerca
9635,2025-10-27,Peso muerto,5,2,90.5,Buena técnica
9636,2026-03-27,Curl de bíceps,1,2,140.0,Fácil
9637,2025-12-13,Remo con barra,3,7,123.0,Pesado
9638,2025-12-18,Sentadilla,3,2,133.0,Normal
9639,2026-05-16,Remo con barra,5,15,85.0,Buen estímulo
9640,2026-03-05,Remo con barra,1,6,136.0,Buen estímulo
9641,2025-09-07,Dominadas lastradas,5,12,13.0,Fácil
9642,2025-12-07,Dominadas lastradas,5,5,68.5,RPE 8
9643,2025-10-16,Press francés,1,9,76.5,RPE 9
9644,2026-04-26,Press francés,3,14,39.0,Fácil
9645,2026-05-23,Press militar,3,6,67.0,Fallo cerca
9646,2026-04-21,Hip thrust,2,8,131.5,RPE 9
9647,2026-01-26,Press francés,2,12,100.0,Fallo cerca
9648,2025-12-20,Remo con barra,4,9,144.0,RPE 8
9649,2026-04-15,Press francés,2,4,52.0,Buen estímulo
9650,2025-12-03,Fondos lastrados,1,7,96.5,RPE 9
9651,2026-06-14,Sentadilla búlgara,3,10,95.0,Buen estímulo
9652,2026-06-26,Fondos lastrados,2,10,22.0,Buen estímulo
9653,2025-09-26,Hip thrust,3,15,84.0,Fallo cerca
9654,2025-08-05,Dominadas lastradas,2,12,25.5,RPE 8
9655,2026-02-12,Press de banca,5,9,106.0,Pesado
9656,2025-07-30,Peso muerto,4,12,50.0,Pesado
9657,2026-07-12,Fondos lastrados,5,12,107.5,Buena técnica
9658,2026-06-23,Press francés,4,2,10.0,Fallo cerca
9659,2026-02-01,Press de banca,1,12,126.5,Fallo cerca
9660,2026-05-22,Curl de bíceps,1,15,108.5,Fácil
9661,2026-03-11,Hip thrust,5,13,10.5,RPE 9
9662,2026-02-11,Sentadilla,2,11,54.0,Buen estímulo
9663,2026-01-11,Curl de bíceps,4,11,98.5,Fácil
9664,2026-03-11,Sentadilla,5,4,75.0,Buena técnica
9665,2026-02-25,Fondos lastrados,1,1,53.0,Normal
9666,2025-10-16,Elevaciones laterales,4,11,43.5,RPE 8
9667,2025-11-28,Elevaciones laterales,4,1,79.5,Fallo cerca
9668,2026-01-05,Curl de bíceps,2,3,79.0,Buen estímulo
9669,2026-01-21,Press francés,5,8,125.0,Normal
9670,2026-03-08,Press francés,5,7,102.0,Buen estímulo
9671,2026-03-19,Remo con barra,2,12,79.0,Fácil
9672,2025-12-07,Sentadilla búlgara,1,5,17.0,Pesado
9673,2026-03-04,Press de banca,4,1,148.5,Pesado
9674,2026-06-20,Dominadas lastradas,2,8,96.0,Fácil
9675,2025-12-29,Remo con barra,1,14,55.5,Fallo cerca
9676,2025-12-29,Sentadilla,2,15,128.0,Fácil
9677,2025-12-24,Press militar,1,10,96.5,Buena técnica
9678,2026-01-29,Press francés,3,2,82.0,Fallo cerca
9679,2026-05-17,Press militar,4,6,118.5,Buena técnica
9680,2026-06-10,Press militar,5,15,45.5,Buena técnica
9681,2026-06-01,Remo con barra,2,11,44.0,RPE 8
9682,2026-02-03,Sentadilla búlgara,4,2,104.0,Buena técnica
9683,2026-02-03,Sentadilla búlgara,4,13,95.5,Buen estímulo
9684,2025-07-18,Press francés,3,15,128.5,Buena técnica
9685,2026-07-10,Peso muerto,3,1,131.5,Pesado
9686,2026-03-15,Peso muerto,4,10,106.0,RPE 9
9687,2026-03-22,Curl de bíceps,2,1,62.0,RPE 8
9688,2025-09-26,Dominadas lastradas,2,4,107.5,Buen estímulo
9689,2026-04-22,Sentadilla,5,4,16.0,Buena técnica
9690,2026-02-27,Sentadilla búlgara,3,8,29.5,Fallo cerca
9691,2026-06-20,Peso muerto,5,14,28.5,Fallo cerca
9692,2025-09-28,Press de banca,5,5,10.5,Pesado
9693,2025-08-25,Press francés,3,6,18.0,Buena técnica
9694,2026-03-01,Sentadilla,4,10,110.5,RPE 9
9695,2026-03-08,Fondos lastrados,4,2,143.0,Buen estímulo
9696,2026-02-11,Fondos lastrados,5,8,136.0,Fallo cerca
9697,2025-09-21,Press de banca,4,6,56.5,Buen estímulo
9698,2026-04-13,Remo con barra,2,8,78.0,Normal
9699,2026-05-11,Elevaciones laterales,1,11,82.5,Buena técnica
9700,2026-03-29,Sentadilla búlgara,1,11,149.0,Fácil
9701,2025-07-30,Hip thrust,1,15,85.5,Fácil
9702,2026-01-09,Sentadilla búlgara,3,15,114.0,Buen estímulo
9703,2026-06-09,Press militar,3,14,61.5,RPE 9
9704,2026-04-10,Sentadilla,4,4,60.0,Normal
9705,2026-03-17,Elevaciones laterales,4,15,81.5,RPE 8
9706,2025-10-30,Remo con barra,2,1,41.0,Pesado
9707,2025-08-20,Press francés,3,4,77.0,RPE 9
9708,2025-08-14,Sentadilla,1,1,131.0,Buena técnica
9709,2026-07-03,Press de banca,4,15,55.0,Normal
9710,2025-11-18,Sentadilla,5,9,36.0,Fácil
9711,2026-01-21,Peso muerto,3,15,128.0,Buena técnica
9712,2025-08-12,Hip thrust,2,9,33.5,Fácil
9713,2025-12-13,Sentadilla,2,6,30.5,Pesado
9714,2025-11-04,Press militar,3,1,56.5,Fallo cerca
9715,2026-01-09,Fondos lastrados,2,2,132.5,RPE 9
9716,2026-04-18,Hip thrust,2,14,120.5,Buena técnica
9717,2025-08-11,Press francés,1,15,109.0,RPE 9
9718,2026-04-24,Dominadas lastradas,1,15,104.0,Fácil
9719,2025-11-10,Fondos lastrados,2,3,102.5,Normal
9720,2026-04-05,Press militar,2,6,34.5,Pesado
9721,2026-03-19,Curl de bíceps,4,12,61.0,Pesado
9722,2025-11-03,Press militar,2,6,62.0,Normal
9723,2026-06-26,Remo con barra,2,15,106.0,Fallo cerca
9724,2025-12-17,Press militar,4,7,102.0,RPE 8
9725,2026-07-03,Curl de bíceps,4,14,103.0,Pesado
9726,2025-08-18,Press de banca,5,12,95.5,RPE 9
9727,2026-01-01,Press de banca,4,4,111.0,Fácil
9728,2025-11-17,Hip thrust,5,14,69.0,Fácil
9729,2026-01-20,Remo con barra,1,3,16.5,RPE 9
9730,2026-06-21,Hip thrust,3,13,105.5,Normal
9731,2026-05-30,Peso muerto,5,11,36.0,Fácil
9732,2026-07-08,Press de banca,3,13,72.5,RPE 8
9733,2025-11-30,Hip thrust,3,6,116.0,Buena técnica
9734,2025-08-13,Press militar,2,13,91.5,Normal
9735,2026-06-01,Press francés,5,5,132.0,Fácil
9736,2026-04-28,Press militar,5,9,90.5,Pesado
9737,2026-02-14,Peso muerto,3,1,92.5,Normal
9738,2025-08-24,Elevaciones laterales,5,2,140.5,RPE 8
9739,2026-05-21,Sentadilla,2,2,19.0,Buena técnica
9740,2026-01-02,Dominadas lastradas,3,9,58.5,Fácil
9741,2026-03-20,Press francés,5,1,58.0,Fácil
9742,2026-03-20,Sentadilla búlgara,1,10,61.5,RPE 8
9743,2025-09-14,Sentadilla búlgara,3,10,95.5,Buen estímulo
9744,2026-07-01,Sentadilla búlgara,1,6,48.0,Fácil
9745,2025-11-21,Remo con barra,5,9,67.0,Buen estímulo
9746,2025-09-03,Press francés,2,8,18.0,Normal
9747,2025-10-22,Elevaciones laterales,2,9,119.5,RPE 8
9748,2026-06-11,Press de banca,5,11,43.0,Buen estímulo
9749,2026-04-29,Elevaciones laterales,4,11,21.5,Fácil
9750,2026-06-04,Elevaciones laterales,2,14,141.0,Fallo cerca
9751,2025-12-25,Hip thrust,2,5,35.5,Normal
9752,2026-04-06,Remo con barra,4,1,130.5,Buena técnica
9753,2026-04-11,Press militar,2,10,127.5,Fallo cerca
9754,2026-05-21,Dominadas lastradas,3,8,61.0,Buena técnica
9755,2025-07-24,Sentadilla búlgara,3,6,13.0,Buena técnica
9756,2025-10-11,Curl de bíceps,1,8,23.0,Normal
9757,2026-01-22,Sentadilla,1,14,149.0,RPE 8
9758,2026-06-09,Press de banca,3,10,120.0,RPE 8
9759,2026-01-02,Press de banca,5,6,86.5,RPE 9
9760,2026-03-18,Elevaciones laterales,1,3,120.0,Pesado
9761,2025-11-17,Remo con barra,2,4,45.0,Buen estímulo
9762,2026-06-11,Remo con barra,1,8,55.0,Buen estímulo
9763,2026-05-07,Sentadilla búlgara,1,5,77.0,Normal
9764,2025-09-25,Press francés,2,13,97.0,RPE 8
9765,2026-02-13,Press militar,2,10,118.5,Fácil
9766,2026-07-18,Sentadilla,2,13,48.5,Fallo cerca
9767,2025-12-16,Peso muerto,1,12,46.5,Normal
9768,2026-04-12,Press de banca,5,12,88.0,RPE 8
9769,2025-11-22,Hip thrust,1,14,34.0,Buena técnica
9770,2025-08-22,Peso muerto,3,6,59.5,Buena técnica
9771,2026-03-04,Dominadas lastradas,3,4,115.5,RPE 8
9772,2026-02-05,Sentadilla,2,11,85.5,Buena técnica
9773,2026-06-18,Elevaciones laterales,5,1,19.0,Buena técnica
9774,2025-12-10,Press de banca,4,2,120.0,Pesado
9775,2026-07-03,Sentadilla búlgara,2,4,80.5,RPE 9
9776,2026-06-15,Sentadilla búlgara,3,9,14.5,Buen estímulo
9777,2026-05-28,Remo con barra,4,13,87.5,Fallo cerca
9778,2026-03-02,Press de banca,3,7,26.5,Fallo cerca
9779,2026-01-24,Dominadas lastradas,1,3,21.0,Pesado
9780,2025-10-05,Curl de bíceps,2,8,37.0,Buena técnica
9781,2026-06-13,Curl de bíceps,4,9,133.5,RPE 8
9782,2026-05-28,Press de banca,2,11,139.5,Buen estímulo
9783,2026-02-11,Press de banca,2,6,22.0,Normal
9784,2025-10-10,Press militar,4,1,123.5,Fácil
9785,2026-06-22,Press militar,3,5,89.5,Fallo cerca
9786,2026-07-05,Sentadilla búlgara,3,6,71.0,Normal
9787,2026-02-01,Hip thrust,5,11,68.0,Pesado
9788,2025-12-09,Elevaciones laterales,1,12,31.0,Normal
9789,2026-01-03,Press de banca,2,6,134.0,Pesado
9790,2025-09-04,Hip thrust,2,10,84.0,Normal
9791,2026-01-28,Sentadilla búlgara,5,9,16.0,RPE 8
9792,2025-12-07,Press de banca,4,3,129.0,Buena técnica
9793,2025-10-13,Press francés,5,2,22.0,Buena técnica
9794,2026-04-15,Remo con barra,5,5,35.0,Normal
9795,2025-12-12,Dominadas lastradas,2,13,16.0,RPE 8
9796,2025-12-17,Hip thrust,5,10,14.5,Buena técnica
9797,2026-05-21,Sentadilla búlgara,4,6,90.0,Fácil
9798,2025-11-23,Hip thrust,1,5,147.0,Fácil
9799,2025-08-10,Sentadilla búlgara,1,11,102.5,Fallo cerca
9800,2026-07-13,Press francés,2,5,129.5,Fallo cerca
9801,2025-12-09,Sentadilla búlgara,5,15,61.0,Fallo cerca
9802,2026-03-27,Fondos lastrados,5,1,137.0,Fácil
9803,2025-08-11,Press francés,3,5,51.0,Fácil
9804,2025-12-01,Press francés,3,3,97.0,Buen estímulo
9805,2025-09-16,Press militar,1,4,98.5,Fácil
9806,2026-06-09,Curl de bíceps,3,13,37.5,Normal
9807,2026-04-15,Elevaciones laterales,3,13,104.0,Fácil
9808,2025-12-16,Hip thrust,2,15,72.0,Fácil
9809,2025-12-13,Elevaciones laterales,5,7,34.5,Fácil
9810,2026-05-02,Elevaciones laterales,1,10,89.0,Fácil
9811,2026-05-17,Remo con barra,3,10,24.5,RPE 9
9812,2026-07-08,Sentadilla búlgara,1,12,67.0,Buena técnica
9813,2025-07-20,Press militar,2,8,41.0,Fácil
9814,2026-03-21,Press militar,4,13,65.5,Fallo cerca
9815,2025-11-13,Press militar,5,7,34.5,Fallo cerca
9816,2025-09-23,Press de banca,5,1,122.0,Buena técnica
9817,2026-05-17,Dominadas lastradas,5,4,71.5,Buen estímulo
9818,2025-12-09,Sentadilla,3,12,76.0,RPE 8
9819,2025-12-24,Press francés,3,1,56.0,Buen estímulo
9820,2025-12-19,Dominadas lastradas,1,11,89.5,RPE 9
9821,2025-11-06,Sentadilla,1,5,119.5,Normal
9822,2026-04-17,Sentadilla búlgara,2,5,20.5,Buena técnica
9823,2026-06-29,Fondos lastrados,4,4,104.0,RPE 9
9824,2025-08-25,Elevaciones laterales,3,15,110.0,Buena técnica
9825,2026-03-04,Hip thrust,1,10,54.5,RPE 9
9826,2025-11-21,Peso muerto,5,8,33.5,Buena técnica
9827,2026-05-31,Remo con barra,1,12,114.0,RPE 9
9828,2026-02-13,Peso muerto,4,6,70.5,RPE 9
9829,2026-07-14,Dominadas lastradas,3,1,31.5,Fácil
9830,2026-04-28,Press francés,1,3,119.5,Normal
9831,2026-07-03,Press francés,2,6,97.5,Buen estímulo
9832,2025-11-08,Sentadilla,2,6,148.5,Fallo cerca
9833,2026-04-05,Peso muerto,3,8,46.0,RPE 8
9834,2026-07-08,Remo con barra,3,7,18.0,Fallo cerca
9835,2026-06-24,Peso muerto,4,10,100.0,Buen estímulo
9836,2025-10-21,Press militar,1,11,44.0,Fácil
9837,2025-10-24,Peso muerto,5,1,80.0,Pesado
9838,2025-08-20,Peso muerto,5,1,99.5,Normal
9839,2025-09-24,Elevaciones laterales,4,2,45.5,Buen estímulo
9840,2025-10-13,Sentadilla búlgara,4,2,88.5,RPE 8
9841,2026-02-17,Dominadas lastradas,2,6,29.0,Buen estímulo
9842,2026-05-25,Fondos lastrados,1,11,91.5,Normal
9843,2026-02-17,Dominadas lastradas,1,8,116.0,Normal
9844,2025-07-18,Sentadilla,4,15,23.0,Buena técnica
9845,2026-02-17,Remo con barra,2,10,68.5,Normal
9846,2026-05-19,Sentadilla,5,4,77.5,Fácil
9847,2025-08-09,Curl de bíceps,3,10,121.5,Pesado
9848,2026-02-17,Curl de bíceps,4,2,57.0,RPE 9
9849,2026-02-21,Press militar,3,3,107.5,Buena técnica
9850,2026-06-25,Press de banca,3,9,124.5,Normal
9851,2026-01-28,Peso muerto,4,7,71.5,RPE 8
9852,2025-07-18,Hip thrust,3,2,108.0,Buen estímulo
9853,2026-02-25,Press de banca,5,5,80.5,Fallo cerca
9854,2025-08-23,Fondos lastrados,3,11,45.0,Fallo cerca
9855,2026-02-14,Peso muerto,1,1,39.5,Fallo cerca
9856,2026-06-08,Elevaciones laterales,3,3,114.0,Pesado
9857,2025-11-10,Remo con barra,2,10,89.5,Fallo cerca
9858,2025-09-16,Sentadilla,3,14,63.5,Fácil
9859,2025-09-25,Sentadilla,1,13,147.0,Fallo cerca
9860,2025-08-06,Press militar,2,2,62.0,RPE 8
9861,2025-12-22,Remo con barra,3,2,116.0,RPE 9
9862,2025-10-02,Curl de bíceps,1,3,49.0,Buen estímulo
9863,2026-05-02,Peso muerto,5,2,109.5,RPE 8
9864,2025-09-13,Dominadas lastradas,3,15,37.5,Fácil
9865,2025-12-21,Elevaciones laterales,3,5,131.5,Fallo cerca
9866,2025-08-31,Press francés,3,12,129.0,Buen estímulo
9867,2026-04-12,Hip thrust,5,5,42.0,Fácil
9868,2026-01-08,Sentadilla búlgara,5,14,54.5,Pesado
9869,2026-06-05,Fondos lastrados,3,12,121.0,RPE 8
9870,2026-06-25,Press francés,3,13,63.5,Normal
9871,2026-02-12,Remo con barra,5,10,80.5,RPE 8
9872,2026-05-22,Press militar,4,7,121.5,Buen estímulo
9873,2025-12-07,Sentadilla búlgara,2,8,144.5,RPE 8
9874,2026-01-13,Sentadilla,5,4,81.0,Buena técnica
9875,2026-07-10,Fondos lastrados,1,12,81.0,Buena técnica
9876,2026-01-19,Sentadilla,3,7,23.5,Buena técnica
9877,2026-01-30,Dominadas lastradas,3,4,11.5,Normal
9878,2026-01-31,Curl de bíceps,4,9,35.0,Fallo cerca
9879,2026-05-06,Elevaciones laterales,4,9,108.5,Pesado
9880,2026-03-26,Peso muerto,3,2,119.0,Fácil
9881,2026-05-27,Press francés,4,5,33.5,Normal
9882,2025-10-27,Sentadilla,5,11,38.5,Fácil
9883,2026-02-04,Hip thrust,4,10,15.5,Buena técnica
9884,2025-10-16,Curl de bíceps,4,12,72.0,Pesado
9885,2025-08-30,Sentadilla búlgara,5,6,128.0,Buen estímulo
9886,2025-09-04,Sentadilla búlgara,1,7,143.0,Buen estímulo
9887,2026-04-14,Press francés,1,13,65.5,RPE 8
9888,2025-11-24,Sentadilla búlgara,1,10,128.0,Fácil
9889,2026-03-09,Curl de bíceps,3,9,120.5,Buena técnica
9890,2026-01-19,Hip thrust,3,1,12.0,Fallo cerca
9891,2025-12-13,Press de banca,4,14,77.5,Fácil
9892,2026-05-01,Hip thrust,1,8,29.0,Fácil
9893,2026-05-17,Press de banca,1,6,90.5,Fallo cerca
9894,2025-10-22,Sentadilla búlgara,4,5,119.0,Normal
9895,2026-01-20,Sentadilla,4,14,38.5,Pesado
9896,2025-11-11,Fondos lastrados,3,5,104.5,Pesado
9897,2026-05-11,Sentadilla,2,8,24.0,Fallo cerca
9898,2026-04-13,Sentadilla búlgara,4,7,85.5,Normal
9899,2025-09-25,Hip thrust,2,5,28.5,Fallo cerca
9900,2026-05-05,Press militar,4,3,39.0,RPE 8
9901,2025-11-24,Press militar,1,10,114.0,Normal
9902,2026-02-25,Fondos lastrados,4,14,123.0,Buena técnica
9903,2025-12-05,Dominadas lastradas,1,8,37.5,RPE 8
9904,2025-11-03,Sentadilla búlgara,4,14,143.5,Fácil
9905,2025-10-11,Fondos lastrados,2,9,97.5,Fallo cerca
9906,2025-08-23,Fondos lastrados,3,6,64.5,RPE 9
9907,2026-07-05,Press de banca,1,9,97.5,RPE 8
9908,2026-06-15,Remo con barra,3,2,82.0,Fallo cerca
9909,2025-12-06,Press francés,4,2,46.0,Fallo cerca
9910,2026-03-20,Remo con barra,2,15,134.0,Buena técnica
9911,2026-01-13,Peso muerto,1,7,102.0,Buen estímulo
9912,2026-04-23,Press francés,3,8,97.5,Normal
9913,2026-03-25,Press francés,3,15,37.0,Buena técnica
9914,2026-03-08,Sentadilla búlgara,4,11,82.5,Fallo cerca
9915,2026-07-17,Hip thrust,3,12,133.5,Pesado
9916,2025-08-10,Peso muerto,5,5,141.5,Fácil
9917,2026-05-22,Elevaciones laterales,4,5,90.5,Buen estímulo
9918,2026-04-26,Press francés,5,8,37.0,Buen estímulo
9919,2026-02-12,Fondos lastrados,3,3,113.5,RPE 9
9920,2026-05-31,Sentadilla búlgara,5,9,100.0,Buena técnica
9921,2026-04-24,Elevaciones laterales,5,1,92.5,Normal
9922,2025-09-13,Peso muerto,4,15,35.5,RPE 9
9923,2026-02-05,Sentadilla,1,11,61.0,Buena técnica
9924,2025-11-19,Dominadas lastradas,2,11,103.0,Normal
9925,2025-11-06,Press francés,2,13,140.0,Fallo cerca
9926,2025-11-26,Press francés,5,2,128.0,Pesado
9927,2025-10-15,Sentadilla,2,11,40.0,Normal
9928,2026-07-15,Press militar,3,3,129.5,Fallo cerca
9929,2025-10-29,Dominadas lastradas,5,9,142.0,Pesado
9930,2025-10-12,Fondos lastrados,4,6,26.5,Normal
9931,2025-07-31,Remo con barra,5,10,45.5,RPE 9
9932,2026-02-10,Press francés,4,3,81.5,Fallo cerca
9933,2025-07-31,Sentadilla búlgara,1,4,105.0,Fácil
9934,2025-10-28,Peso muerto,2,15,22.0,Fallo cerca
9935,2026-05-27,Hip thrust,1,13,32.5,Buen estímulo
9936,2026-04-10,Press de banca,5,6,11.5,Buen estímulo
9937,2026-06-12,Elevaciones laterales,3,1,42.5,Fácil
9938,2025-12-06,Remo con barra,5,11,50.0,Pesado
9939,2026-06-09,Elevaciones laterales,4,2,138.0,Buena técnica
9940,2025-09-17,Dominadas lastradas,4,13,109.5,Pesado
9941,2025-11-23,Press militar,1,9,45.5,Buen estímulo
9942,2026-01-10,Remo con barra,3,5,133.5,Fácil
9943,2025-11-30,Sentadilla,2,3,130.0,Fallo cerca
9944,2026-03-10,Press francés,2,11,81.0,RPE 9
9945,2026-01-13,Elevaciones laterales,5,4,81.5,Fácil
9946,2026-06-15,Hip thrust,2,13,85.0,Normal
9947,2026-03-15,Press francés,1,7,62.5,RPE 9
9948,2026-06-28,Press francés,1,9,53.0,RPE 8
9949,2026-05-31,Fondos lastrados,5,6,67.5,Fácil
9950,2026-07-17,Elevaciones laterales,3,3,40.5,RPE 9
9951,2026-06-18,Curl de bíceps,3,15,95.5,Buen estímulo
9952,2026-05-05,Press militar,4,13,138.0,Buena técnica
9953,2026-04-17,Curl de bíceps,4,10,105.0,Buen estímulo
9954,2026-01-12,Curl de bíceps,2,4,54.5,RPE 9
9955,2026-03-26,Hip thrust,4,4,18.0,Buena técnica
9956,2025-12-21,Curl de bíceps,4,9,105.5,RPE 9
9957,2025-10-09,Hip thrust,5,8,32.0,Fallo cerca
9958,2025-11-07,Hip thrust,4,11,21.0,RPE 8
9959,2025-12-21,Curl de bíceps,1,1,16.0,RPE 9
9960,2026-02-24,Elevaciones laterales,4,10,122.5,Buena técnica
9961,2026-04-02,Remo con barra,1,11,31.5,Fácil
9962,2025-07-21,Hip thrust,3,6,66.5,Pesado
9963,2026-01-05,Sentadilla búlgara,2,3,28.5,Pesado
9964,2025-10-09,Curl de bíceps,5,2,57.0,Pesado
9965,2025-11-14,Press de banca,1,6,70.0,RPE 8
9966,2025-12-29,Sentadilla búlgara,5,3,62.5,Fallo cerca
9967,2026-05-01,Hip thrust,5,2,79.5,Normal
9968,2025-10-05,Remo con barra,2,2,100.0,Pesado
9969,2026-07-08,Press francés,3,9,19.0,Fallo cerca
9970,2026-07-09,Peso muerto,1,15,81.5,Normal
9971,2026-04-07,Dominadas lastradas,2,11,29.5,Fácil
9972,2025-12-18,Curl de bíceps,2,6,32.5,Pesado
9973,2026-03-27,Press francés,5,15,11.0,Normal
9974,2025-11-18,Fondos lastrados,2,14,64.0,Pesado
9975,2025-11-19,Sentadilla búlgara,5,9,104.0,RPE 9
9976,2026-04-14,Fondos lastrados,2,15,47.0,RPE 8
9977,2026-05-29,Peso muerto,2,5,70.5,Buen estímulo
9978,2026-05-04,Dominadas lastradas,2,5,55.5,Normal
9979,2025-10-13,Press de banca,4,14,25.0,Buena técnica
9980,2026-03-02,Curl de bíceps,2,10,146.0,RPE 9
9981,2025-10-23,Remo con barra,2,9,122.5,Fallo cerca
9982,2026-03-25,Sentadilla,1,1,129.0,RPE 8
9983,2025-07-20,Press francés,1,8,78.0,RPE 9
9984,2026-04-11,Press de banca,4,14,128.5,RPE 8
9985,2025-07-19,Sentadilla búlgara,4,13,75.5,RPE 9
9986,2025-08-23,Press militar,2,4,68.0,RPE 9
9987,2025-12-09,Press de banca,4,15,46.0,RPE 8
9988,2025-07-18,Press francés,1,4,141.0,Fallo cerca
9989,2025-11-12,Sentadilla búlgara,4,10,62.0,Buen estímulo
9990,2025-08-19,Press de banca,1,11,65.5,Buena técnica
9991,2026-06-20,Press de banca,5,9,87.5,Buen estímulo
9992,2026-04-02,Sentadilla,4,3,125.0,Buen estímulo
9993,2025-09-29,Sentadilla búlgara,4,1,128.0,Pesado
9994,2026-06-01,Remo con barra,1,3,46.0,Buena técnica
9995,2025-07-23,Press militar,2,13,137.0,RPE 9
9996,2026-02-17,Peso muerto,3,4,12.0,Fácil
9997,2026-05-02,Hip thrust,5,12,136.5,Buen estímulo
9998,2025-11-30,Fondos lastrados,5,9,50.5,RPE 8
9999,2025-10-25,Press militar,3,11,67.5,Pesado
10000,2026-03-12,Press francés,4,3,115.0,Fácil
10001,2026-02-26,Elevaciones laterales,1,13,68.5,RPE 8
10002,2025-12-05,Sentadilla búlgara,1,9,76.5,Buena técnica
10003,2026-04-29,Hip thrust,1,2,77.0,Fallo cerca
